M2	M3	vs	vx	a12	lX	lPhiX	lSX	K111	K1111	K1112	K1113	K112	K113	K122	K123	K133	K233	a13	a23	dm	dm_dir_det	dm_dir_det_limit	dm_direct_detection_excluded	dm_indirect_available	dm_indirect_channels_seen	dm_indirect_channels_used	dm_indirect_detection_excluded	dm_indirect_energy	dm_indirect_flux	dm_indirect_limit	dm_indirect_ratio	dm_limit_model	dm_lux_base_limit	dm_mdm	dm_omega	dm_relic_excluded	dm_relic_upper_limit	dm_rescale	evo	ewpo	ewpt_error	ewpt_ew_step_index	ewpt_ew_true_over_T	ewpt_global_phase_path	ewpt_has_x_broken	ewpt_status	hb	higgstools_hb_selected_limits	higgstools_hb_top_obs	higgstools_hs_chi2	higgstools_hs_delta_chi2	higgstools_hs_top_chi2	hs	k1	k2	k3	legacy_gw_critical_ratio	original_point_index	selection_key	selection_stratum	source_file	source_line	stored_transition_candidate	thc	w1	w2	w3	wmass
6.713	15.35	374.8	0	0.04041	3.167	0.0018214450487997807	0.026910705023581886																																																		1.1849963420133465	258320	2511a42ad04d34e2994a58c0584caf3995ccc3506620d19f89ba221d87f20562	stored_transition	plots/seed66666_xbroken_phases/sources/point_258320/ewpt_result.json	1	True					
11.53	22.2	450.2	0	0.06024	3.479	0.0027125133425580936	0.0244464474650457																																																		0.1531279376633279	009867	332718e5d28d039a46fc142518a14029ae2b870934358d37d62ebb19ca51e362	stored_transition	plots/seed66666_xbroken_phases/sources/point_009867/ewpt_result.json	1	True					
4.902	10.73	278.2	0	-0.02575	2.929	0.0011260550373218582	-0.027388187347804734																																																		0.6708469133536724	260762	385a48a69573c57c65d3c6d6aeabd2d42bb3c425f48aba0a33fa9fc016a774dd	stored_transition	plots/seed66666_xbroken_phases/sources/point_260762/ewpt_result.json	1	True					
13.36	24.83	401.4	0	0.05784	3.313	0.004366044635243156	0.04624053465706553																																																		0.42331659299735663	037067	3c566b5b2e5273ad0f5c7ea48e1eec1d562916eda3fdc3c4cc988a53be8a6532	stored_transition	plots/seed66666_xbroken_phases/sources/point_037067/ewpt_result.json	1	True					
13.08	7.055	444.3	0	0.03446	2.644	0.5163281672008038	8.291269188726261																																																		0.1336308300810038	224813	68bb41fed5296ee32fc5cdc60fb57d90e4e17e47959fdc6955288f5d2360cc17	stored_transition	plots/seed66666_xbroken_phases/sources/point_224813/ewpt_result.json	1	True					
6.488	12.18	492.2	0	0.07288	1.492	0.0031770948036853744	0.021672912088621106																																																		10.422813350414458	167756	6bcdc89341df09e45900d34480c333705567df141eb9af7710ebec195f4d0c6b	stored_transition	plots/seed66666_xbroken_phases/sources/point_167756/ewpt_result.json	1	True					
11.84	23.51	352.8	0	0.04816	0.6578	0.0026685381489905667	0.04643818911212724																																																		6.590801330584111	223615	79be37bc75fb0d9959764fbd9b7c21ca748d22751fe2a3396820367f476381e5	stored_transition	plots/seed66666_xbroken_phases/sources/point_223615/ewpt_result.json	1	True					
5.276	10.94	283.7	0	-0.03234	2.098	0.0006510703956561923	-0.017375392194003594																																																		0.26738223506487846	131879	9f6754e7381d69597dcb9f5209fac791057463a1b7c34db952dc395423c03199	stored_transition	plots/seed66666_xbroken_phases/sources/point_131879/ewpt_result.json	1	True					
7.206	12.73	226.7	0	0.02974	2.308	0.28261378187006114	10.308628585226785																																																		0.11053785870861821	312002	9ffbdff9222144b544affbf09026689f345f5038fd7a5386f79df9e68e4879ff	stored_transition	plots/seed66666_xbroken_phases/sources/point_312002/ewpt_result.json	1	True					
16.03	7.229	447.6	0	0.0361	2.498	0.0042083602170371786	0.06197656250023424																																																		0.7934630596660878	419653	b1ac5bea52c0dec323016d0759a4c3c151ff59eeb29ef74984504324a1446aaf	stored_transition	plots/seed66666_xbroken_phases/sources/point_419653/ewpt_result.json	1	True					
16.61	8.972	488.7	0	-0.0466	2.735	0.005968584882263568	-0.06475538698900467																																																		0.7411385379372925	060445	b1dd65cde8604e66d6e1802ec7e9beb9008b401b690f8ba5ff7ed32d620a125c	stored_transition	plots/seed66666_xbroken_phases/sources/point_060445/ewpt_result.json	1	True					
11.88	22.38	389.5	0	-0.04282	3.476	0.003859646672837617	-0.057766316509929416																																																		0.6008306960748988	012988	ba9770760f254b977e266cd7f55e43af8531fe5f161c27db9a0decb5f4f66435	stored_transition	plots/seed66666_xbroken_phases/sources/point_012988/ewpt_result.json	1	True					
19.0	10.17	484.6	0	-0.02697	2.495	0.0040305704612671415	-0.07582877739382893																																																		0.6324978997090922	327621	c2cfc73e23eb74eb97cb3d93fbaaeea7d09a0f2f2466276ba926f572bc3e9d0a	stored_transition	plots/seed66666_xbroken_phases/sources/point_327621/ewpt_result.json	1	True					
160.0	68.0	50.0	0	-0.18	1.05	0.34	0.36	31.185031905466154	0.031092844568569596	-0.005693532249643571	0.0	-2.098330662629678	0.0	120.12543372512988	0.0	42.75560939323166		0	0	False	8.791e-07	4.2321075e-09	True									legacy-output	6.6386e-11	68.0	0.00192	False	0.1224	True	False	True							True						True	0.9838436927881214	-0.17902957342582418	0.0			a336ac1d70880d122f96be3c94bde9954aef73bce1675f01b008d7b3352bcea3	h1_resonance	output/trsm_points_13.6-20260520-777-False_vxzero_manual.dat	2		True	0.003949229520302988	0.002522459988273263	0.0	True
7.262	135.3	297.9	0	0.3252	0.2867	-0.016586710829485665	0.004575948713394122	26.204037809745557	0.021955897086594213	0.03904515710989617	0.0	23.368157225464067	0.0	-4.488142179873543	0.0	-2.151	-0.005966000000000027	0	0	False	4.643e-10	3.305227105469578e-12	True	True	1	1	False	135.3	4.998373e-14	1.69221661110863e-10	0.000295374301799661	lz2025-source	4.233968606180038e-12	135.3	0.155	True	0.121	True	True	True	nan	nan	nan	nan	nan	nan	False	"{""H1"":{""cite_key"":""CMS:2012qwq"",""expRatio"":3.664489294741458,""limit_id"":12045,""obsRatio"":0.7150804144088561,""particles"":[""H1""],""process"":""LHC8 [vbfH,HW,Htt,H,HZ]>[bb,tautau,WW,ZZ,gamgam]"",""reference"":""CMS-PAS-HIG-12-045""},""H2"":{""cite_key"":""OPAL:2002ifx"",""expRatio"":1.445336032695091,""limit_id"":206022,""obsRatio"":1.2441396480931055,""particles"":[""H2""],""process"":""LEP [eeHZ>none]"",""reference"":""hep-ex/0206022""}}"	"[{""cite_key"":""OPAL:2002ifx"",""expRatio"":1.445336032695091,""limit_id"":206022,""obsRatio"":1.2441396480931055,""particles"":[""H2""],""process"":""LEP [eeHZ>none]"",""reference"":""hep-ex/0206022""},{""cite_key"":""CMS:2013yea"",""expRatio"":0.7905269539518126,""limit_id"":13022,""obsRatio"":0.976653732681842,""particles"":[""H1""],""process"":""LHC8 [vbfH>WW]"",""reference"":""CMS-PAS-HIG-13-022""},{""cite_key"":""CMS:2013cul"",""expRatio"":2.1737862454576984,""limit_id"":13003,""obsRatio"":0.7670103540542347,""particles"":[""H1""],""process"":""LHC8 [H>WW]"",""reference"":""CMS-PAS-HIG-13-003""},{""cite_key"":""ATLAS:2014vuz"",""expRatio"":1.1974922010726157,""limit_id"":14096212,""obsRatio"":0.7477191738129303,""particles"":[""H1""],""process"":""LHC8 [HW,HZ]>[bb]"",""reference"":""1409.6212""},{""cite_key"":""CMS:2013zmy"",""expRatio"":2.1897730454944346,""limit_id"":13121129,""obsRatio"":0.7310254289794379,""particles"":[""H1""],""process"":""LHC8 [ggH,vbfH,HW,HZ]>[WW]"",""reference"":""1312.1129""}]"	159.62846735551818	7.079599001176376	"[{""chisq"":9.933165672997077,""cite_key"":""CMS:2022kdi"",""collider"":""LHC13"",""experiment"":""CMS"",""luminosity"":138.0,""measurement_id"":220412957,""process"":""LHC13 [H>tautau]"",""reference"":""2204.12957"",""submeasurement"":""ggH 0 JetpTH [0,10]""},{""chisq"":8.042312502802133,""cite_key"":""CMS:2022kdi"",""collider"":""LHC13"",""experiment"":""CMS"",""luminosity"":138.0,""measurement_id"":220412957,""process"":""LHC13 [H>tautau]"",""reference"":""2204.12957"",""submeasurement"":""ggH 0 JetpTH [10,200]""},{""chisq"":5.852420434116182,""cite_key"":""CMS:2022kdi"",""collider"":""LHC13"",""experiment"":""CMS"",""luminosity"":138.0,""measurement_id"":220412957,""process"":""LHC13 [vbfH>tautau]"",""reference"":""2204.12957"",""submeasurement"":""qqH \\geq 2Jet mjj [350,\\infty]pTH [200,\\infty]""},{""chisq"":5.565557025412233,""cite_key"":""ATLAS:2016neq"",""collider"":""LHC8"",""experiment"":""LHCComb"",""luminosity"":25.0,""measurement_id"":160602266,""process"":""LHC8 [Htt,tchanHt,schanHt,HtW]>[WW]"",""reference"":""1606.02266"",""submeasurement"":""Htt_WW""},{""chisq"":5.088117617604614,""cite_key"":""CMS:2022kdi"",""collider"":""LHC13"",""experiment"":""CMS"",""luminosity"":138.0,""measurement_id"":220412957,""process"":""LHC13 [H>tautau]"",""reference"":""2204.12957"",""submeasurement"":""ggH 1 JetpTH [60,120]""}]"	False	0.9475868457050556	0.31949830961484466	0.0			5f276a50475a32b9241e68fd60edeabd883b14c9d50292ab611fa7b84ccb4555	h1_resonance	output/trsm_points_13.6-20260715-777-False_vxzero.dat	4241		True	0.0036635169870252882	nan	0.0	True
11.05	140.3	946.6	0	0.05793	0.4696	0.001164	0.001343	31.642492020430694	0.031994691236782724	0.007533466962054601	0.0	3.74024669653405	0.0	-0.3762762155214581	0.0	0.10612968955362695		0	0	False	2.887e-09	6.134271839999999e-13	True									legacy-output	1.252915e-10	140.3	25.0	True	0.1224	True	True	True		1	0.1361029081650748	SINGLET_S -> SYM -> EW	False		True						True	0.9983225267459893	0.05789760436756898	0.0			0f295b9d879406a56c396e220a9bb7aec76db1e07b474f51c1b5caf6f1792c03	h1_resonance	output/trsm_points_13.6-20260529-1234-False_vxzero_dm_failed.dat	2		True	0.0040663232990266664	nan	0.0	True
14.06	144.0	479.1	0	0.3199	0.04037	-6.723037050119542e-05	2.4175668166578694e-05	26.696922068405385	0.02281930608716818	0.03595582832607857	0.0	21.223918741936615	0.0	-1.6833957170344815	0.0	-0.009671000000000003	0.0028970000000000003	0	0	False	4.69e-13	9.828419574528702e-17	True	True	1	1	False	144.0	6.288358e-19	2.46895917537235e-15	0.0002546967184684873	lz2025-source	4.499954086189174e-12	144.0	5540.0	True	0.121	True	True	True	nan	nan	nan	nan	nan	nan	False	"{""H1"":{""cite_key"":""CMS:2012qwq"",""expRatio"":3.6774947275756955,""limit_id"":12045,""obsRatio"":0.7176182660854917,""particles"":[""H1""],""process"":""LHC8 [vbfH,HW,Htt,H,HZ]>[bb,tautau,WW,ZZ,gamgam]"",""reference"":""CMS-PAS-HIG-12-045""},""H2"":{""cite_key"":""OPAL:2002ifx"",""expRatio"":0.9465924796603217,""limit_id"":206022,""obsRatio"":1.1008349793516168,""particles"":[""H2""],""process"":""LEP [eeHZ>none]"",""reference"":""hep-ex/0206022""}}"	"[{""cite_key"":""OPAL:2002ifx"",""expRatio"":0.9465924796603217,""limit_id"":206022,""obsRatio"":1.1008349793516168,""particles"":[""H2""],""process"":""LEP [eeHZ>none]"",""reference"":""hep-ex/0206022""},{""cite_key"":""CMS:2013yea"",""expRatio"":0.7933325686981916,""limit_id"":13022,""obsRatio"":0.9801199195092748,""particles"":[""H1""],""process"":""LHC8 [vbfH>WW]"",""reference"":""CMS-PAS-HIG-13-022""},{""cite_key"":""CMS:2013cul"",""expRatio"":2.1815011079494133,""limit_id"":13003,""obsRatio"":0.769732507358689,""particles"":[""H1""],""process"":""LHC8 [H>WW]"",""reference"":""CMS-PAS-HIG-13-003""},{""cite_key"":""ATLAS:2014vuz"",""expRatio"":1.2017421532863992,""limit_id"":14096212,""obsRatio"":0.7503728618746883,""particles"":[""H1""],""process"":""LHC8 [HW,HZ]>[bb]"",""reference"":""1409.6212""},{""cite_key"":""CMS:2013zmy"",""expRatio"":2.1975446458389283,""limit_id"":13121129,""obsRatio"":0.7336198702104045,""particles"":[""H1""],""process"":""LHC8 [ggH,vbfH,HW,HZ]>[WW]"",""reference"":""1312.1129""}]"	159.12001110480108	6.571142750459273	"[{""chisq"":9.958238841591877,""cite_key"":""CMS:2022kdi"",""collider"":""LHC13"",""experiment"":""CMS"",""luminosity"":138.0,""measurement_id"":220412957,""process"":""LHC13 [H>tautau]"",""reference"":""2204.12957"",""submeasurement"":""ggH 0 JetpTH [0,10]""},{""chisq"":8.081121696433303,""cite_key"":""CMS:2022kdi"",""collider"":""LHC13"",""experiment"":""CMS"",""luminosity"":138.0,""measurement_id"":220412957,""process"":""LHC13 [H>tautau]"",""reference"":""2204.12957"",""submeasurement"":""ggH 0 JetpTH [10,200]""},{""chisq"":5.902932936038589,""cite_key"":""CMS:2022kdi"",""collider"":""LHC13"",""experiment"":""CMS"",""luminosity"":138.0,""measurement_id"":220412957,""process"":""LHC13 [vbfH>tautau]"",""reference"":""2204.12957"",""submeasurement"":""qqH \\geq 2Jet mjj [350,\\infty]pTH [200,\\infty]""},{""chisq"":5.5568905804816255,""cite_key"":""ATLAS:2016neq"",""collider"":""LHC8"",""experiment"":""LHCComb"",""luminosity"":25.0,""measurement_id"":160602266,""process"":""LHC8 [Htt,tchanHt,schanHt,HtW]>[WW]"",""reference"":""1606.02266"",""submeasurement"":""Htt_WW""},{""chisq"":5.060553491670519,""cite_key"":""CMS:2022kdi"",""collider"":""LHC13"",""experiment"":""CMS"",""luminosity"":138.0,""measurement_id"":220412957,""process"":""LHC13 [H>tautau]"",""reference"":""2204.12957"",""submeasurement"":""ggH 1 JetpTH [60,120]""}]"	False	0.9492668699922729	0.3144716355016349	0.0			cade908fd38e3a973d9652b26d8bd2a57c8053084715a14af8fc1b37ce8102c6	h1_resonance	output/trsm_points_13.6-20260715-777-False_vxzero.dat	4653		True	0.003676518969096902	nan	0.0	True
9.739	146.6	303.0	0	-0.4163	0.3509	-0.012002501206264525	-0.004273048599621054	26.038497132687617	0.021674109161021242	-0.023023227428939346	0.0	-13.834006489996767	0.0	13.654067722697226	0.0	-1.612	0.0049120000000000275	0	0	False	1.996e-10	1.6540423236242458e-12	True	True	1	1	False	146.6	1.635019e-14	3.4406789156712516e-11	0.00047520243535454097	lz2025-source	4.5793733753233255e-12	146.6	0.335	True	0.121	True	True	True	nan	nan	nan	nan	nan	nan	False	"{""H1"":{""cite_key"":""CMS:2012qwq"",""expRatio"":3.41373368769278,""limit_id"":12045,""obsRatio"":0.6661485144955385,""particles"":[""H1""],""process"":""LHC8 [vbfH,HW,Htt,H,HZ]>[bb,tautau,WW,ZZ,gamgam]"",""reference"":""CMS-PAS-HIG-12-045""},""H2"":{""cite_key"":""OPAL:2002ifx"",""expRatio"":1.9802339405863867,""limit_id"":206022,""obsRatio"":1.813950629696522,""particles"":[""H2""],""process"":""LEP [eeHZ>none]"",""reference"":""hep-ex/0206022""}}"	"[{""cite_key"":""OPAL:2002ifx"",""expRatio"":1.9802339405863867,""limit_id"":206022,""obsRatio"":1.813950629696522,""particles"":[""H2""],""process"":""LEP [eeHZ>none]"",""reference"":""hep-ex/0206022""},{""cite_key"":""CMS:2013yea"",""expRatio"":0.7364323584208645,""limit_id"":13022,""obsRatio"":0.9098227557251279,""particles"":[""H1""],""process"":""LHC8 [vbfH>WW]"",""reference"":""CMS-PAS-HIG-13-022""},{""cite_key"":""CMS:2013cul"",""expRatio"":2.0250372532431458,""limit_id"":13003,""obsRatio"":0.7145249648297426,""particles"":[""H1""],""process"":""LHC8 [H>WW]"",""reference"":""CMS-PAS-HIG-13-003""},{""cite_key"":""ATLAS:2014vuz"",""expRatio"":1.1155495728742146,""limit_id"":14096212,""obsRatio"":0.6965538516490883,""particles"":[""H1""],""process"":""LHC8 [HW,HZ]>[bb]"",""reference"":""1409.6212""},{""cite_key"":""CMS:2013zmy"",""expRatio"":2.039930100091445,""limit_id"":13121129,""obsRatio"":0.6810024351956095,""particles"":[""H1""],""process"":""LHC8 [ggH,vbfH,HW,HZ]>[WW]"",""reference"":""1312.1129""}]"	173.23352083873496	20.684652484393155	"[{""chisq"":9.45591326925953,""cite_key"":""CMS:2022kdi"",""collider"":""LHC13"",""experiment"":""CMS"",""luminosity"":138.0,""measurement_id"":220412957,""process"":""LHC13 [H>tautau]"",""reference"":""2204.12957"",""submeasurement"":""ggH 0 JetpTH [0,10]""},{""chisq"":7.312302755845506,""cite_key"":""CMS:2022kdi"",""collider"":""LHC13"",""experiment"":""CMS"",""luminosity"":138.0,""measurement_id"":220412957,""process"":""LHC13 [H>tautau]"",""reference"":""2204.12957"",""submeasurement"":""ggH 0 JetpTH [10,200]""},{""chisq"":6.425619638253156,""cite_key"":""CMS:2021kom"",""collider"":""LHC13"",""experiment"":""CMS"",""luminosity"":137.0,""measurement_id"":210306956,""process"":""LHC13 [H>gamgam]"",""reference"":""2103.06956"",""submeasurement"":""ggH_0J_high_pTH""},{""chisq"":5.733919562828004,""cite_key"":""ATLAS:2016neq"",""collider"":""LHC8"",""experiment"":""LHCComb"",""luminosity"":25.0,""measurement_id"":160602266,""process"":""LHC8 [Htt,tchanHt,schanHt,HtW]>[WW]"",""reference"":""1606.02266"",""submeasurement"":""Htt_WW""},{""chisq"":5.634214322720382,""cite_key"":""CMS:2022kdi"",""collider"":""LHC13"",""experiment"":""CMS"",""luminosity"":138.0,""measurement_id"":220412957,""process"":""LHC13 [H>tautau]"",""reference"":""2204.12957"",""submeasurement"":""ggH 1 JetpTH [60,120]""}]"	False	0.9145914004595832	-0.4043792405717414	0.0			e2f4677d10d962a4ac7e2843cd49fd24051d2dd2ae84f3052968b70a1c8ef477	h1_resonance	output/trsm_points_13.6-20260715-777-False_vxzero.dat	177		True	0.003412827913562057	nan	0.0	True
12.85	147.8	617.9	0	0.2795	0.2201	0.001365	2.214e-05	27.977263645299754	0.02503875395136296	0.03228834098424277	0.0	18.160119275334008	0.0	-0.9196792121473795	0.0	0.15949255421115754		0	0	False	2.535e-10	6.8113006779661e-13	True									legacy-output	1.31329e-10	147.8	23.6	True	0.1224	True	True	True		1	0.12296585166491664	SINGLET_S -> SYM -> EW	False		True						True	0.9611934959973683	0.275875086320525	0.0			457dd79c5a603698f2e9c56d2d47de379414d343776a3c2a363689cf63a9623b	h1_resonance	output/trsm_points_13.6-20260529-1234-False_vxzero_dm_failed.dat	40		True	0.0037694831819303828	nan	0.0	True
10.09	151.2	59.91	0	-0.3653	0.4933	-0.41890771440172614	-3.4253655925378035	31.867865946316734	0.0324578481308266	0.02323972872924092	0.0	11.345061815719607	0.0	45.067644811014645	0.0	-84.78	-77.43	0	0	False	0.001834	1.0714760566557456e-07	True	True	1	1	False	151.2	2.13352e-11	1.736398730154581e-06	1.2287039623727814e-05	lz2025-source	4.7198077536984495e-12	151.2	5.33e-06	False	0.121	True	True	True	nan	nan	nan	nan	nan	nan	False	"{""H1"":{""cite_key"":""CMS:2012qwq"",""expRatio"":3.5602839174252057,""limit_id"":12045,""obsRatio"":0.6947460053271141,""particles"":[""H1""],""process"":""LHC8 [vbfH,HW,Htt,H,HZ]>[bb,tautau,WW,ZZ,gamgam]"",""reference"":""CMS-PAS-HIG-12-045""},""H2"":{""cite_key"":""OPAL:2002ifx"",""expRatio"":1.5057572480443238,""limit_id"":206022,""obsRatio"":1.3978544316233235,""particles"":[""H2""],""process"":""LEP [eeHZ>none]"",""reference"":""hep-ex/0206022""}}"	"[{""cite_key"":""OPAL:2002ifx"",""expRatio"":1.5057572480443238,""limit_id"":206022,""obsRatio"":1.3978544316233235,""particles"":[""H2""],""process"":""LEP [eeHZ>none]"",""reference"":""hep-ex/0206022""},{""cite_key"":""CMS:2013yea"",""expRatio"":0.768047106723598,""limit_id"":13022,""obsRatio"":0.9488810848349836,""particles"":[""H1""],""process"":""LHC8 [vbfH>WW]"",""reference"":""CMS-PAS-HIG-13-022""},{""cite_key"":""CMS:2013cul"",""expRatio"":2.1119712972634566,""limit_id"":13003,""obsRatio"":0.7451992374371422,""particles"":[""H1""],""process"":""LHC8 [H>WW]"",""reference"":""CMS-PAS-HIG-13-003""},{""cite_key"":""ATLAS:2014vuz"",""expRatio"":1.1634396724364677,""limit_id"":14096212,""obsRatio"":0.7264566315139032,""particles"":[""H1""],""process"":""LHC8 [HW,HZ]>[bb]"",""reference"":""1409.6212""},{""cite_key"":""CMS:2013zmy"",""expRatio"":2.1275034881047734,""limit_id"":13121129,""obsRatio"":0.7102375989361384,""particles"":[""H1""],""process"":""LHC8 [ggH,vbfH,HW,HZ]>[WW]"",""reference"":""1312.1129""}]"	164.4020617247334	11.85319337039158	"[{""chisq"":9.733409287385776,""cite_key"":""CMS:2022kdi"",""collider"":""LHC13"",""experiment"":""CMS"",""luminosity"":138.0,""measurement_id"":220412957,""process"":""LHC13 [H>tautau]"",""reference"":""2204.12957"",""submeasurement"":""ggH 0 JetpTH [0,10]""},{""chisq"":7.734728587366457,""cite_key"":""CMS:2022kdi"",""collider"":""LHC13"",""experiment"":""CMS"",""luminosity"":138.0,""measurement_id"":220412957,""process"":""LHC13 [H>tautau]"",""reference"":""2204.12957"",""submeasurement"":""ggH 0 JetpTH [10,200]""},{""chisq"":5.635230557996446,""cite_key"":""ATLAS:2016neq"",""collider"":""LHC8"",""experiment"":""LHCComb"",""luminosity"":25.0,""measurement_id"":160602266,""process"":""LHC8 [Htt,tchanHt,schanHt,HtW]>[WW]"",""reference"":""1606.02266"",""submeasurement"":""Htt_WW""},{""chisq"":5.455527268090942,""cite_key"":""CMS:2022kdi"",""collider"":""LHC13"",""experiment"":""CMS"",""luminosity"":138.0,""measurement_id"":220412957,""process"":""LHC13 [vbfH>tautau]"",""reference"":""2204.12957"",""submeasurement"":""qqH \\geq 2Jet mjj [350,\\infty]pTH [200,\\infty]""},{""chisq"":5.351413453255679,""cite_key"":""CMS:2021kom"",""collider"":""LHC13"",""experiment"":""CMS"",""luminosity"":137.0,""measurement_id"":210306956,""process"":""LHC13 [H>gamgam]"",""reference"":""2103.06956"",""submeasurement"":""ggH_0J_high_pTH""}]"	False	0.9340166343423674	-0.3572295155383391	0.0			65ae1fdd9b6cf7bc5b7f4419481612cdb5ddabc4831f52b47571b4064aca5423	h1_resonance	output/trsm_points_13.6-20260715-777-False_vxzero.dat	934		True	0.003559339258771234	nan	0.0	True
14.55	151.8	208.2	0	0.4489	0.253	0.010169330798143897	-0.005602392892934846	20.18524913451796	0.013153054378957677	0.045114718953781684	0.0	35.395298940195154	0.0	-8.052423384758402	0.0	1.38	0.017400000000000082	0	0	False	2.642e-10	1.1772326501593463e-12	True	True	1	1	False	151.8	9.602439e-15	1.9002592156580953e-11	0.00050532258551234	lz2025-source	4.738118187004972e-12	151.8	0.487	True	0.121	True	True	True	nan	nan	nan	nan	nan	nan	False	"{""H1"":{""cite_key"":""CMS:2012qwq"",""expRatio"":3.3124757419614212,""limit_id"":12045,""obsRatio"":0.6463892607573233,""particles"":[""H1""],""process"":""LHC8 [vbfH,HW,Htt,H,HZ]>[bb,tautau,WW,ZZ,gamgam]"",""reference"":""CMS-PAS-HIG-12-045""},""H2"":{""cite_key"":""OPAL:2002ifx"",""expRatio"":1.7926338197878138,""limit_id"":206022,""obsRatio"":2.1091226732393498,""particles"":[""H2""],""process"":""LEP [eeHZ>none]"",""reference"":""hep-ex/0206022""}}"	"[{""cite_key"":""OPAL:2002ifx"",""expRatio"":1.7926338197878138,""limit_id"":206022,""obsRatio"":2.1091226732393498,""particles"":[""H2""],""process"":""LEP [eeHZ>none]"",""reference"":""hep-ex/0206022""},{""cite_key"":""CMS:2013yea"",""expRatio"":0.7145883498935925,""limit_id"":13022,""obsRatio"":0.8828356525552156,""particles"":[""H1""],""process"":""LHC8 [vbfH>WW]"",""reference"":""CMS-PAS-HIG-13-022""},{""cite_key"":""CMS:2013cul"",""expRatio"":1.9649707304701103,""limit_id"":13003,""obsRatio"":0.693330771980642,""particles"":[""H1""],""process"":""LHC8 [H>WW]"",""reference"":""CMS-PAS-HIG-13-003""},{""cite_key"":""ATLAS:2014vuz"",""expRatio"":1.0824602142877564,""limit_id"":14096212,""obsRatio"":0.6758927167856589,""particles"":[""H1""],""process"":""LHC8 [HW,HZ]>[bb]"",""reference"":""1409.6212""},{""cite_key"":""CMS:2013zmy"",""expRatio"":1.9794218266676815,""limit_id"":13121129,""obsRatio"":0.660802585431533,""particles"":[""H1""],""process"":""LHC8 [ggH,vbfH,HW,HZ]>[WW]"",""reference"":""1312.1129""}]"	180.83293413366258	28.28406577932077	"[{""chisq"":9.266523491204968,""cite_key"":""CMS:2022kdi"",""collider"":""LHC13"",""experiment"":""CMS"",""luminosity"":138.0,""measurement_id"":220412957,""process"":""LHC13 [H>tautau]"",""reference"":""2204.12957"",""submeasurement"":""ggH 0 JetpTH [0,10]""},{""chisq"":7.236582133613781,""cite_key"":""CMS:2021kom"",""collider"":""LHC13"",""experiment"":""CMS"",""luminosity"":137.0,""measurement_id"":210306956,""process"":""LHC13 [H>gamgam]"",""reference"":""2103.06956"",""submeasurement"":""ggH_0J_high_pTH""},{""chisq"":7.027359433621743,""cite_key"":""CMS:2022kdi"",""collider"":""LHC13"",""experiment"":""CMS"",""luminosity"":138.0,""measurement_id"":220412957,""process"":""LHC13 [H>tautau]"",""reference"":""2204.12957"",""submeasurement"":""ggH 0 JetpTH [10,200]""},{""chisq"":5.86262274410652,""cite_key"":""CMS:2022kdi"",""collider"":""LHC13"",""experiment"":""CMS"",""luminosity"":138.0,""measurement_id"":220412957,""process"":""LHC13 [H>tautau]"",""reference"":""2204.12957"",""submeasurement"":""ggH 1 JetpTH [60,120]""},{""chisq"":5.802586895046936,""cite_key"":""ATLAS:2016neq"",""collider"":""LHC8"",""experiment"":""LHCComb"",""luminosity"":25.0,""measurement_id"":160602266,""process"":""LHC8 [Htt,tchanHt,schanHt,HtW]>[WW]"",""reference"":""1606.02266"",""submeasurement"":""Htt_WW""}]"	False	0.9009250195732674	0.43397477934426987	0.0			7c059341c51d983848d450aa3095c7f7c771c5dc975577716b4c0ef091264e80	h1_resonance	output/trsm_points_13.6-20260715-777-False_vxzero.dat	67		True	0.003311596834843817	nan	0.0	True
18.15	152.8	149.8	0	0.4031	0.3995	1.217015648047567	4.6864306845993715	21.60056805256267	0.015125945243536231	0.048934329970301844	0.0	36.275019909793656	0.0	-13.3737129581107	0.0	0.0021990000000187138	381.6	0	0	False	0.005167	2.870669008022491e-06	True	True	1	1	False	152.8	9.675906e-11	4.603497973349621e-05	2.101859511183746e-06	lz2025-source	4.768631988533229e-12	152.8	2.01e-07	False	0.121	True	True	True	nan	nan	nan	nan	nan	nan	False	"{""H1"":{""cite_key"":""CMS:2012qwq"",""expRatio"":3.4530975270447866,""limit_id"":12045,""obsRatio"":0.6738298878855356,""particles"":[""H1""],""process"":""LHC8 [vbfH,HW,Htt,H,HZ]>[bb,tautau,WW,ZZ,gamgam]"",""reference"":""CMS-PAS-HIG-12-045""},""H2"":{""cite_key"":""OPAL:2002ifx"",""expRatio"":1.3739029490276107,""limit_id"":206022,""obsRatio"":1.641093481481282,""particles"":[""H2""],""process"":""LEP [eeHZ>none]"",""reference"":""hep-ex/0206022""}}"	"[{""cite_key"":""OPAL:2002ifx"",""expRatio"":1.3739029490276107,""limit_id"":206022,""obsRatio"":1.641093481481282,""particles"":[""H2""],""process"":""LEP [eeHZ>none]"",""reference"":""hep-ex/0206022""},{""cite_key"":""CMS:2013yea"",""expRatio"":0.7449241763839961,""limit_id"":13022,""obsRatio"":0.9203139422298866,""particles"":[""H1""],""process"":""LHC8 [vbfH>WW]"",""reference"":""CMS-PAS-HIG-13-022""},{""cite_key"":""CMS:2013cul"",""expRatio"":2.0483880030119024,""limit_id"":13003,""obsRatio"":0.7227641681483719,""particles"":[""H1""],""process"":""LHC8 [H>WW]"",""reference"":""CMS-PAS-HIG-13-003""},{""cite_key"":""ATLAS:2014vuz"",""expRatio"":1.1284129998996244,""limit_id"":14096212,""obsRatio"":0.7045858296604919,""particles"":[""H1""],""process"":""LHC8 [HW,HZ]>[bb]"",""reference"":""1409.6212""},{""cite_key"":""CMS:2013zmy"",""expRatio"":2.063452579609638,""limit_id"":13121129,""obsRatio"":0.6888550894767588,""particles"":[""H1""],""process"":""LHC8 [ggH,vbfH,HW,HZ]>[WW]"",""reference"":""1312.1129""}]"	170.61200046259106	18.06313210824925	"[{""chisq"":9.53005535334172,""cite_key"":""CMS:2022kdi"",""collider"":""LHC13"",""experiment"":""CMS"",""luminosity"":138.0,""measurement_id"":220412957,""process"":""LHC13 [H>tautau]"",""reference"":""2204.12957"",""submeasurement"":""ggH 0 JetpTH [0,10]""},{""chisq"":7.424602506872616,""cite_key"":""CMS:2022kdi"",""collider"":""LHC13"",""experiment"":""CMS"",""luminosity"":138.0,""measurement_id"":220412957,""process"":""LHC13 [H>tautau]"",""reference"":""2204.12957"",""submeasurement"":""ggH 0 JetpTH [10,200]""},{""chisq"":6.1256564411455665,""cite_key"":""CMS:2021kom"",""collider"":""LHC13"",""experiment"":""CMS"",""luminosity"":137.0,""measurement_id"":210306956,""process"":""LHC13 [H>gamgam]"",""reference"":""2103.06956"",""submeasurement"":""ggH_0J_high_pTH""},{""chisq"":5.707330804605345,""cite_key"":""ATLAS:2016neq"",""collider"":""LHC8"",""experiment"":""LHCComb"",""luminosity"":25.0,""measurement_id"":160602266,""process"":""LHC8 [Htt,tchanHt,schanHt,HtW]>[WW]"",""reference"":""1606.02266"",""submeasurement"":""Htt_WW""},{""chisq"":5.546646012206544,""cite_key"":""CMS:2022kdi"",""collider"":""LHC13"",""experiment"":""CMS"",""luminosity"":138.0,""measurement_id"":220412957,""process"":""LHC13 [H>tautau]"",""reference"":""2204.12957"",""submeasurement"":""ggH 1 JetpTH [60,120]""}]"	False	0.9198493733807224	0.392271755663204	0.0			5630b64cdb21909dd769abb696ebd99a6419b4733d110226385f5baaee8df2e8	h1_resonance	output/trsm_points_13.6-20260715-777-False_vxzero.dat	1772		True	0.0034521813084123433	nan	0.0	True
9.992	153.0	852.5	0	-0.1823	0.09073	0.00164	0.001827	30.30358047095665	0.029349236954059693	-0.020460910730093533	0.0	-10.592987109878376	0.0	2.670731137255511	0.0	0.33956004633527537		0	0	False	4.259e-08	4.7747342129062614e-14	True	False			False	nan	nan	nan	0.0	lz2025-source	4.774734212906262e-12	153.0	12.1	True	0.121	True	True	True	nan	nan	nan	nan	nan	nan	True	"{""H1"":{""cite_key"":""CMS:2012qwq"",""expRatio"":3.946950844858846,""limit_id"":12045,""obsRatio"":0.770199342605032,""particles"":[""H1""],""process"":""LHC8 [vbfH,HW,Htt,H,HZ]>[bb,tautau,WW,ZZ,gamgam]"",""reference"":""CMS-PAS-HIG-12-045""},""H2"":{""cite_key"":""OPAL:2002ifx"",""expRatio"":0.39012295869324737,""limit_id"":206022,""obsRatio"":0.359743775564589,""particles"":[""H2""],""process"":""LEP [eeHZ>none]"",""reference"":""hep-ex/0206022""}}"	"[{""cite_key"":""CMS:2013yea"",""expRatio"":0.8514613573196249,""limit_id"":13022,""obsRatio"":1.0519349260686301,""particles"":[""H1""],""process"":""LHC8 [vbfH>WW]"",""reference"":""CMS-PAS-HIG-13-022""},{""cite_key"":""CMS:2013cul"",""expRatio"":2.3413432999692088,""limit_id"":13003,""obsRatio"":0.8261320804768335,""particles"":[""H1""],""process"":""LHC8 [H>WW]"",""reference"":""CMS-PAS-HIG-13-003""},{""cite_key"":""ATLAS:2014vuz"",""expRatio"":1.2897957872377699,""limit_id"":14096212,""obsRatio"":0.8053539217683323,""particles"":[""H1""],""process"":""LHC8 [HW,HZ]>[bb]"",""reference"":""1409.6212""},{""cite_key"":""CMS:2013zmy"",""expRatio"":2.358562374398525,""limit_id"":13121129,""obsRatio"":0.7873734107135011,""particles"":[""H1""],""process"":""LHC8 [ggH,vbfH,HW,HZ]>[WW]"",""reference"":""1312.1129""},{""cite_key"":""CMS:2013uhr"",""expRatio"":2.0736182102252343,""limit_id"":13001,""obsRatio"":0.7816066865152341,""particles"":[""H1""],""process"":""LHC8 [vbfH,HW,Htt,H,HZ]>[gamgam]"",""reference"":""CMS-PAS-HIG-13-001""}]"	152.79142665105798	0.2425582967161688	"[{""chisq"":10.484834007744656,""cite_key"":""CMS:2022kdi"",""collider"":""LHC13"",""experiment"":""CMS"",""luminosity"":138.0,""measurement_id"":220412957,""process"":""LHC13 [H>tautau]"",""reference"":""2204.12957"",""submeasurement"":""ggH 0 JetpTH [0,10]""},{""chisq"":8.906216549243581,""cite_key"":""CMS:2022kdi"",""collider"":""LHC13"",""experiment"":""CMS"",""luminosity"":138.0,""measurement_id"":220412957,""process"":""LHC13 [H>tautau]"",""reference"":""2204.12957"",""submeasurement"":""ggH 0 JetpTH [10,200]""},{""chisq"":6.998314770823753,""cite_key"":""CMS:2022kdi"",""collider"":""LHC13"",""experiment"":""CMS"",""luminosity"":138.0,""measurement_id"":220412957,""process"":""LHC13 [vbfH>tautau]"",""reference"":""2204.12957"",""submeasurement"":""qqH \\geq 2Jet mjj [350,\\infty]pTH [200,\\infty]""},{""chisq"":5.378795334221375,""cite_key"":""ATLAS:2016neq"",""collider"":""LHC8"",""experiment"":""LHCComb"",""luminosity"":25.0,""measurement_id"":160602266,""process"":""LHC8 [Htt,tchanHt,schanHt,HtW]>[WW]"",""reference"":""1606.02266"",""submeasurement"":""Htt_WW""},{""chisq"":4.923198602097062,""cite_key"":""ATLAS:2016neq"",""collider"":""LHC8"",""experiment"":""LHCComb"",""luminosity"":25.0,""measurement_id"":160602266,""process"":""LHC8 [HZ>WW]"",""reference"":""1606.02266"",""submeasurement"":""HZ_WW""}]"	True	0.9834293228668638	-0.18129193839115337	0.0			afbcf396712ec70602017b8a93e6e12b103e308e653d4bb3bb934d499397e733	h1_resonance	output/trsm_points_13.6-20260617-123-False_vxzero_dm_failed.dat	5		True	0.003945903590943463	nan	0.0	True
17.4	153.3	117.5	0	0.4187	0.1786	0.011071484885743953	0.04723480808446599	19.77849648652531	0.012768789450320731	0.051788969801791734	0.0	42.10143142554398	0.0	-18.482188559884882	0.0	0.11590000000000011	3.089	0	0	False	4.29e-07	5.460852387650345e-12	True	True	1	1	False	153.3	8.034715e-15	8.728696490105474e-11	9.204942581183632e-05	lz2025-source	4.783887215627575e-12	153.3	0.106	False	0.121	True	True	True	nan	nan	nan	nan	nan	nan	False	"{""H1"":{""cite_key"":""CMS:2012qwq"",""expRatio"":3.4064729927207913,""limit_id"":12045,""obsRatio"":0.6647316783822724,""particles"":[""H1""],""process"":""LHC8 [vbfH,HW,Htt,H,HZ]>[bb,tautau,WW,ZZ,gamgam]"",""reference"":""CMS-PAS-HIG-12-045""},""H2"":{""cite_key"":""OPAL:2002ifx"",""expRatio"":1.5024693703470064,""limit_id"":206022,""obsRatio"":1.7808842935313258,""particles"":[""H2""],""process"":""LEP [eeHZ>none]"",""reference"":""hep-ex/0206022""}}"	"[{""cite_key"":""OPAL:2002ifx"",""expRatio"":1.5024693703470064,""limit_id"":206022,""obsRatio"":1.7808842935313258,""particles"":[""H2""],""process"":""LEP [eeHZ>none]"",""reference"":""hep-ex/0206022""},{""cite_key"":""CMS:2013yea"",""expRatio"":0.7348660350895294,""limit_id"":13022,""obsRatio"":0.9078876470985494,""particles"":[""H1""],""process"":""LHC8 [vbfH>WW]"",""reference"":""CMS-PAS-HIG-13-022""},{""cite_key"":""CMS:2013cul"",""expRatio"":2.0207301868027487,""limit_id"":13003,""obsRatio"":0.7130052364929352,""particles"":[""H1""],""process"":""LHC8 [H>WW]"",""reference"":""CMS-PAS-HIG-13-003""},{""cite_key"":""ATLAS:2014vuz"",""expRatio"":1.1131769023861873,""limit_id"":14096212,""obsRatio"":0.695072346203417,""particles"":[""H1""],""process"":""LHC8 [HW,HZ]>[bb]"",""reference"":""1409.6212""},{""cite_key"":""CMS:2013zmy"",""expRatio"":2.035591357946929,""limit_id"":13121129,""obsRatio"":0.6795540061705324,""particles"":[""H1""],""process"":""LHC8 [ggH,vbfH,HW,HZ]>[WW]"",""reference"":""1312.1129""}]"	173.73727078532642	21.18840243098461	"[{""chisq"":9.44226932385459,""cite_key"":""CMS:2022kdi"",""collider"":""LHC13"",""experiment"":""CMS"",""luminosity"":138.0,""measurement_id"":220412957,""process"":""LHC13 [H>tautau]"",""reference"":""2204.12957"",""submeasurement"":""ggH 0 JetpTH [0,10]""},{""chisq"":7.29168244891632,""cite_key"":""CMS:2022kdi"",""collider"":""LHC13"",""experiment"":""CMS"",""luminosity"":138.0,""measurement_id"":220412957,""process"":""LHC13 [H>tautau]"",""reference"":""2204.12957"",""submeasurement"":""ggH 0 JetpTH [10,200]""},{""chisq"":6.481876691794597,""cite_key"":""CMS:2021kom"",""collider"":""LHC13"",""experiment"":""CMS"",""luminosity"":137.0,""measurement_id"":210306956,""process"":""LHC13 [H>gamgam]"",""reference"":""2103.06956"",""submeasurement"":""ggH_0J_high_pTH""},{""chisq"":5.7388303416717505,""cite_key"":""ATLAS:2016neq"",""collider"":""LHC8"",""experiment"":""LHCComb"",""luminosity"":25.0,""measurement_id"":160602266,""process"":""LHC8 [Htt,tchanHt,schanHt,HtW]>[WW]"",""reference"":""1606.02266"",""submeasurement"":""Htt_WW""},{""chisq"":5.650441294265124,""cite_key"":""CMS:2022kdi"",""collider"":""LHC13"",""experiment"":""CMS"",""luminosity"":138.0,""measurement_id"":220412957,""process"":""LHC13 [H>tautau]"",""reference"":""2204.12957"",""submeasurement"":""ggH 1 JetpTH [60,120]""}]"	False	0.9136182571919316	0.4065730932139726	0.0			f025243a056bcdd3c976dd4a34455b2586e7b4ed2db2bcfd268c7cf4743a931a	h1_resonance	output/trsm_points_13.6-20260715-777-False_vxzero.dat	6093		True	0.003405569145087644	nan	0.0	True
17.3	158.2	408.4	0	-0.4201	0.4035	0.0003390882632533312	7.89920208089585e-05	25.507804316511955	0.020828971929272425	-0.02598870995480331	0.0	-15.959228310145152	0.0	11.777870022324334	0.0	0.044660000000000005	-0.0022829999999999986	0	0	False	6.92e-13	1.691028206606753e-15	True	True	1	1	False	158.2	8.957073e-18	2.6194107692728566e-14	0.0003419499188547074	lz2025-source	4.9333302225800315e-12	158.2	353.0	True	0.121	True	True	True	nan	nan	nan	nan	nan	nan	False	"{""H1"":{""cite_key"":""CMS:2012qwq"",""expRatio"":3.402223043076699,""limit_id"":12045,""obsRatio"":0.6639023525176628,""particles"":[""H1""],""process"":""LHC8 [vbfH,HW,Htt,H,HZ]>[bb,tautau,WW,ZZ,gamgam]"",""reference"":""CMS-PAS-HIG-12-045""},""H2"":{""cite_key"":""OPAL:2002ifx"",""expRatio"":1.515102086396528,""limit_id"":206022,""obsRatio"":1.7936495370441539,""particles"":[""H2""],""process"":""LEP [eeHZ>none]"",""reference"":""hep-ex/0206022""}}"	"[{""cite_key"":""OPAL:2002ifx"",""expRatio"":1.515102086396528,""limit_id"":206022,""obsRatio"":1.7936495370441539,""particles"":[""H2""],""process"":""LEP [eeHZ>none]"",""reference"":""hep-ex/0206022""},{""cite_key"":""CMS:2013yea"",""expRatio"":0.7339492089027497,""limit_id"":13022,""obsRatio"":0.9067549574248289,""particles"":[""H1""],""process"":""LHC8 [vbfH>WW]"",""reference"":""CMS-PAS-HIG-13-022""},{""cite_key"":""CMS:2013cul"",""expRatio"":2.018209103689346,""limit_id"":13003,""obsRatio"":0.7121156840562817,""particles"":[""H1""],""process"":""LHC8 [H>WW]"",""reference"":""CMS-PAS-HIG-13-003""},{""cite_key"":""ATLAS:2014vuz"",""expRatio"":1.1117880917922922,""limit_id"":14096212,""obsRatio"":0.6942051670193524,""particles"":[""H1""],""process"":""LHC8 [HW,HZ]>[bb]"",""reference"":""1409.6212""},{""cite_key"":""CMS:2013zmy"",""expRatio"":2.0330517338883465,""limit_id"":13121129,""obsRatio"":0.6787061878221005,""particles"":[""H1""],""process"":""LHC8 [ggH,vbfH,HW,HZ]>[WW]"",""reference"":""1312.1129""}]"	174.03506506704775	21.486196712705947	"[{""chisq"":9.434287595287916,""cite_key"":""CMS:2022kdi"",""collider"":""LHC13"",""experiment"":""CMS"",""luminosity"":138.0,""measurement_id"":220412957,""process"":""LHC13 [H>tautau]"",""reference"":""2204.12957"",""submeasurement"":""ggH 0 JetpTH [0,10]""},{""chisq"":7.279626139801966,""cite_key"":""CMS:2022kdi"",""collider"":""LHC13"",""experiment"":""CMS"",""luminosity"":138.0,""measurement_id"":220412957,""process"":""LHC13 [H>tautau]"",""reference"":""2204.12957"",""submeasurement"":""ggH 0 JetpTH [10,200]""},{""chisq"":6.5149407318642165,""cite_key"":""CMS:2021kom"",""collider"":""LHC13"",""experiment"":""CMS"",""luminosity"":137.0,""measurement_id"":210306956,""process"":""LHC13 [H>gamgam]"",""reference"":""2103.06956"",""submeasurement"":""ggH_0J_high_pTH""},{""chisq"":5.741705732693045,""cite_key"":""ATLAS:2016neq"",""collider"":""LHC8"",""experiment"":""LHCComb"",""luminosity"":25.0,""measurement_id"":160602266,""process"":""LHC8 [Htt,tchanHt,schanHt,HtW]>[WW]"",""reference"":""1606.02266"",""submeasurement"":""Htt_WW""},{""chisq"":5.6599503590869915,""cite_key"":""CMS:2022kdi"",""collider"":""LHC13"",""experiment"":""CMS"",""luminosity"":138.0,""measurement_id"":220412957,""process"":""LHC13 [H>tautau]"",""reference"":""2204.12957"",""submeasurement"":""ggH 1 JetpTH [60,120]""}]"	False	0.9130481597016256	-0.40785175991464695	0.0			25ba97a535d407ac1adda6c7ba5394abdeb21698ef08934f96c8ad7d6706418d	h1_resonance	output/trsm_points_13.6-20260715-777-False_vxzero.dat	3632		True	0.0034013203230928626	nan	0.0	True
7.273	165.4	246.0	0	0.4215	0.3796	0.0009172026818707716	0.00014668973182785236	21.9846393899153	0.015470729455469841	0.044052386355613427	0.0	31.436052500195945	0.0	-6.0166695789996005	0.0	0.09555999999999999	0.06262	0	0	False	5.065e-09	9.7724254182064e-15	True	True	1	1	False	165.4	5.002234e-17	1.7460079645895636e-13	0.0002864954857852485	lz2025-source	5.15273340232701e-12	165.4	63.8	True	0.121	True	True	True	nan	nan	nan	nan	nan	nan	False	"{""H1"":{""cite_key"":""CMS:2012qwq"",""expRatio"":3.3979624178556684,""limit_id"":12045,""obsRatio"":0.6630709434443528,""particles"":[""H1""],""process"":""LHC8 [vbfH,HW,Htt,H,HZ]>[bb,tautau,WW,ZZ,gamgam]"",""reference"":""CMS-PAS-HIG-12-045""},""H2"":{""cite_key"":""OPAL:2002ifx"",""expRatio"":2.368442266156074,""limit_id"":206022,""obsRatio"":2.039017832116257,""particles"":[""H2""],""process"":""LEP [eeHZ>none]"",""reference"":""hep-ex/0206022""}}"	"[{""cite_key"":""OPAL:2002ifx"",""expRatio"":2.368442266156074,""limit_id"":206022,""obsRatio"":2.039017832116257,""particles"":[""H2""],""process"":""LEP [eeHZ>none]"",""reference"":""hep-ex/0206022""},{""cite_key"":""CMS:2013yea"",""expRatio"":0.7330300797125664,""limit_id"":13022,""obsRatio"":0.9056194225136891,""particles"":[""H1""],""process"":""LHC8 [vbfH>WW]"",""reference"":""CMS-PAS-HIG-13-022""},{""cite_key"":""CMS:2013cul"",""expRatio"":2.015681687791088,""limit_id"":13003,""obsRatio"":0.7112238971259816,""particles"":[""H1""],""process"":""LHC8 [H>WW]"",""reference"":""CMS-PAS-HIG-13-003""},{""cite_key"":""ATLAS:2014vuz"",""expRatio"":1.1103957926030987,""limit_id"":14096212,""obsRatio"":0.6933358095416905,""particles"":[""H1""],""process"":""LHC8 [HW,HZ]>[bb]"",""reference"":""1409.6212""},{""cite_key"":""CMS:2013zmy"",""expRatio"":2.0305057304713485,""limit_id"":13121129,""obsRatio"":0.6778562398131396,""particles"":[""H1""],""process"":""LHC8 [ggH,vbfH,HW,HZ]>[WW]"",""reference"":""1312.1129""}]"	174.33578291595572	21.786914561613912	"[{""chisq"":9.426289204877914,""cite_key"":""CMS:2022kdi"",""collider"":""LHC13"",""experiment"":""CMS"",""luminosity"":138.0,""measurement_id"":220412957,""process"":""LHC13 [H>tautau]"",""reference"":""2204.12957"",""submeasurement"":""ggH 0 JetpTH [0,10]""},{""chisq"":7.267549559096509,""cite_key"":""CMS:2022kdi"",""collider"":""LHC13"",""experiment"":""CMS"",""luminosity"":138.0,""measurement_id"":220412957,""process"":""LHC13 [H>tautau]"",""reference"":""2204.12957"",""submeasurement"":""ggH 0 JetpTH [10,200]""},{""chisq"":6.548187819774801,""cite_key"":""CMS:2021kom"",""collider"":""LHC13"",""experiment"":""CMS"",""luminosity"":137.0,""measurement_id"":210306956,""process"":""LHC13 [H>gamgam]"",""reference"":""2103.06956"",""submeasurement"":""ggH_0J_high_pTH""},{""chisq"":5.744589037988351,""cite_key"":""ATLAS:2016neq"",""collider"":""LHC8"",""experiment"":""LHCComb"",""luminosity"":25.0,""measurement_id"":160602266,""process"":""LHC8 [Htt,tchanHt,schanHt,HtW]>[WW]"",""reference"":""1606.02266"",""submeasurement"":""Htt_WW""},{""chisq"":5.669491334792334,""cite_key"":""CMS:2022kdi"",""collider"":""LHC13"",""experiment"":""CMS"",""luminosity"":138.0,""measurement_id"":220412957,""process"":""LHC13 [H>tautau]"",""reference"":""2204.12957"",""submeasurement"":""ggH 1 JetpTH [60,120]""}]"	False	0.9124762726372189	0.4091296272260025	0.0			276adec396da65277f756c569d119d7c975f1fa9d53043c8eb52ef007ac77a44	h1_resonance	output/trsm_points_13.6-20260715-777-False_vxzero.dat	3695		True	0.003397060828353722	nan	0.0	True
5.846	165.6	352.8	0	-0.2472	0.208	-7.308575549671789e-05	8.588953777571485e-05	29.31565744237912	0.027464026503901194	-0.02260148321409488	0.0	-12.070680548206179	0.0	6.978063735237647	0.0	-0.005008999999999999	0.016889999999999995	0	0	False	3.137e-10	1.110707840922086e-16	True	True	1	1	False	165.6	3.322832e-19	1.9956258792861866e-15	0.00016650575814283088	lz2025-source	5.158824847919111e-12	165.6	5620.0	True	0.121	True	True	True	nan	nan	nan	nan	nan	nan	True	"{""H1"":{""cite_key"":""CMS:2012qwq"",""expRatio"":3.8367352938070267,""limit_id"":12045,""obsRatio"":0.7486921213850022,""particles"":[""H1""],""process"":""LHC8 [vbfH,HW,Htt,H,HZ]>[bb,tautau,WW,ZZ,gamgam]"",""reference"":""CMS-PAS-HIG-12-045""},""H2"":{""cite_key"":""OPAL:2002ifx"",""expRatio"":0.9358611553638155,""limit_id"":206022,""obsRatio"":0.8180317302245426,""particles"":[""H2""],""process"":""LEP [eeHZ>none]"",""reference"":""hep-ex/0206022""}}"	"[{""cite_key"":""CMS:2013yea"",""expRatio"":0.8276849571603602,""limit_id"":13022,""obsRatio"":1.0225604564832471,""particles"":[""H1""],""process"":""LHC8 [vbfH>WW]"",""reference"":""CMS-PAS-HIG-13-022""},{""cite_key"":""OPAL:2002ifx"",""expRatio"":0.9358611553638155,""limit_id"":206022,""obsRatio"":0.8180317302245426,""particles"":[""H2""],""process"":""LEP [eeHZ>none]"",""reference"":""hep-ex/0206022""},{""cite_key"":""CMS:2013cul"",""expRatio"":2.2759630983526318,""limit_id"":13003,""obsRatio"":0.8030629807919611,""particles"":[""H1""],""process"":""LHC8 [H>WW]"",""reference"":""CMS-PAS-HIG-13-003""},{""cite_key"":""ATLAS:2014vuz"",""expRatio"":1.253779236988635,""limit_id"":14096212,""obsRatio"":0.7828650361023103,""particles"":[""H1""],""process"":""LHC8 [HW,HZ]>[bb]"",""reference"":""1409.6212""},{""cite_key"":""CMS:2013zmy"",""expRatio"":2.2927013434401537,""limit_id"":13121129,""obsRatio"":0.7653866169183932,""particles"":[""H1""],""process"":""LHC8 [ggH,vbfH,HW,HZ]>[WW]"",""reference"":""1312.1129""}]"	154.42563763170332	1.876769277361518	"[{""chisq"":10.267801233339258,""cite_key"":""CMS:2022kdi"",""collider"":""LHC13"",""experiment"":""CMS"",""luminosity"":138.0,""measurement_id"":220412957,""process"":""LHC13 [H>tautau]"",""reference"":""2204.12957"",""submeasurement"":""ggH 0 JetpTH [0,10]""},{""chisq"":8.563881748951657,""cite_key"":""CMS:2022kdi"",""collider"":""LHC13"",""experiment"":""CMS"",""luminosity"":138.0,""measurement_id"":220412957,""process"":""LHC13 [H>tautau]"",""reference"":""2204.12957"",""submeasurement"":""ggH 0 JetpTH [10,200]""},{""chisq"":6.539012041007591,""cite_key"":""CMS:2022kdi"",""collider"":""LHC13"",""experiment"":""CMS"",""luminosity"":138.0,""measurement_id"":220412957,""process"":""LHC13 [vbfH>tautau]"",""reference"":""2204.12957"",""submeasurement"":""qqH \\geq 2Jet mjj [350,\\infty]pTH [200,\\infty]""},{""chisq"":5.451303930563652,""cite_key"":""ATLAS:2016neq"",""collider"":""LHC8"",""experiment"":""LHCComb"",""luminosity"":25.0,""measurement_id"":160602266,""process"":""LHC8 [Htt,tchanHt,schanHt,HtW]>[WW]"",""reference"":""1606.02266"",""submeasurement"":""Htt_WW""},{""chisq"":4.975583179458845,""cite_key"":""ATLAS:2016neq"",""collider"":""LHC8"",""experiment"":""LHCComb"",""luminosity"":25.0,""measurement_id"":160602266,""process"":""LHC8 [HZ>WW]"",""reference"":""1606.02266"",""submeasurement"":""HZ_WW""}]"	True	0.9696013537571775	-0.24469003819577265	0.0			d4ed56b230651d98c87cd1d596ee57bd8061ca1625fa8bf3bda72dc6c47eb088	h1_resonance	output/trsm_points_13.6-20260715-777-False_vxzero.dat	1102		True	0.0038357172836476256	nan	0.0	True
38.16	166.0	419.8	0	-0.376	0.3226	-0.11181296051813218	-0.025919624849722454	26.516064378306254	0.02264625235806679	-0.027237016602075295	0.0	-16.25549353349391	0.0	11.753929506567049	0.0	-14.79	-0.01031999999999833	0	0	False	1.557e-08	1.3661394690712994e-10	True	True	1	1	False	166.0	8.1167e-13	2.482197786309707e-09	0.00032699650466078004	lz2025-source	5.171007246567397e-12	166.0	0.00458	False	0.121	True	True	True	nan	nan	nan	nan	nan	nan	False	"{""H1"":{""cite_key"":""CMS:2012qwq"",""expRatio"":3.5307980580264853,""limit_id"":12045,""obsRatio"":0.6889921993088253,""particles"":[""H1""],""process"":""LHC8 [vbfH,HW,Htt,H,HZ]>[bb,tautau,WW,ZZ,gamgam]"",""reference"":""CMS-PAS-HIG-12-045""},""H2"":{""cite_key"":""LEPWorkingGroupforHiggsbosonsearches:2003ing"",""expRatio"":5.634028701904956,""limit_id"":3060332,""obsRatio"":4.916867153671889,""particles"":[""H2""],""process"":""LEP [eeHZ>bb]"",""reference"":""hep-ex/0306033""}}"	"[{""cite_key"":""LEPWorkingGroupforHiggsbosonsearches:2003ing"",""expRatio"":5.634028701904956,""limit_id"":3060332,""obsRatio"":4.916867153671889,""particles"":[""H2""],""process"":""LEP [eeHZ>bb]"",""reference"":""hep-ex/0306033""},{""cite_key"":"""",""expRatio"":2.5201623704039218,""limit_id"":510022,""obsRatio"":3.4524735559655304,""particles"":[""H2""],""process"":""LEP [eeHZ]>[uu,dd,cc,ss,bb,gg]"",""reference"":""unpublished""},{""cite_key"":""CMS:2013yea"",""expRatio"":0.7616862294661392,""limit_id"":13022,""obsRatio"":0.9410225614973887,""particles"":[""H1""],""process"":""LHC8 [vbfH>WW]"",""reference"":""CMS-PAS-HIG-13-022""},{""cite_key"":""CMS:2013cul"",""expRatio"":2.09448019538238,""limit_id"":13003,""obsRatio"":0.7390275835890985,""particles"":[""H1""],""process"":""LHC8 [H>WW]"",""reference"":""CMS-PAS-HIG-13-003""},{""cite_key"":""ATLAS:2014vuz"",""expRatio"":1.15380419970564,""limit_id"":14096212,""obsRatio"":0.7204402017591721,""particles"":[""H1""],""process"":""LHC8 [HW,HZ]>[bb]"",""reference"":""1409.6212""}]"	165.9762942150293	13.427425860687492	"[{""chisq"":9.677254690770411,""cite_key"":""CMS:2022kdi"",""collider"":""LHC13"",""experiment"":""CMS"",""luminosity"":138.0,""measurement_id"":220412957,""process"":""LHC13 [H>tautau]"",""reference"":""2204.12957"",""submeasurement"":""ggH 0 JetpTH [0,10]""},{""chisq"":7.64878347318678,""cite_key"":""CMS:2022kdi"",""collider"":""LHC13"",""experiment"":""CMS"",""luminosity"":138.0,""measurement_id"":220412957,""process"":""LHC13 [H>tautau]"",""reference"":""2204.12957"",""submeasurement"":""ggH 0 JetpTH [10,200]""},{""chisq"":5.65502078764029,""cite_key"":""ATLAS:2016neq"",""collider"":""LHC8"",""experiment"":""LHCComb"",""luminosity"":25.0,""measurement_id"":160602266,""process"":""LHC8 [Htt,tchanHt,schanHt,HtW]>[WW]"",""reference"":""1606.02266"",""submeasurement"":""Htt_WW""},{""chisq"":5.558254945664791,""cite_key"":""CMS:2021kom"",""collider"":""LHC13"",""experiment"":""CMS"",""luminosity"":137.0,""measurement_id"":210306956,""process"":""LHC13 [H>gamgam]"",""reference"":""2103.06956"",""submeasurement"":""ggH_0J_high_pTH""},{""chisq"":5.375807397537813,""cite_key"":""CMS:2022kdi"",""collider"":""LHC13"",""experiment"":""CMS"",""luminosity"":138.0,""measurement_id"":220412957,""process"":""LHC13 [H>tautau]"",""reference"":""2204.12957"",""submeasurement"":""ggH 1 JetpTH [60,120]""}]"	False	0.9301408841905014	-0.367202853416626	0.0			39cb0ae4689544bdeaf2563e4596fab08da0cbe1fb8c70e2910ca712f0d9308d	h1_resonance	output/trsm_points_13.6-20260715-777-False_vxzero.dat	5519		True	0.0035298612229261667	0.00014654842260909383	0.0	True
40.72	166.5	151.0	0	0.3043	0.3217	0.00043998882487985435	0.0001075183283016641	26.224966145670336	0.022558416065675737	0.041923899932435116	0.0	27.61255223238556	0.0	-13.824201640567718	0.0	0.0492	0.02396	0	0	False	1.118e-12	2.5406249114911922e-15	True	True	1	1	False	166.5	1.259285e-17	4.6810471778311647e-14	0.0002690177971210825	lz2025-source	5.186234323457228e-12	166.5	247.0	True	0.121	True	True	True	nan	nan	nan	nan	nan	nan	False	"{""H1"":{""cite_key"":""CMS:2012qwq"",""expRatio"":3.7147020574850136,""limit_id"":12045,""obsRatio"":0.7248788229463843,""particles"":[""H1""],""process"":""LHC8 [vbfH,HW,Htt,H,HZ]>[bb,tautau,WW,ZZ,gamgam]"",""reference"":""CMS-PAS-HIG-12-045""},""H2"":{""cite_key"":""LEPWorkingGroupforHiggsbosonsearches:2003ing"",""expRatio"":3.3790333616829193,""limit_id"":3060332,""obsRatio"":2.7336427421097262,""particles"":[""H2""],""process"":""LEP [eeHZ>bb]"",""reference"":""hep-ex/0306033""}}"	"[{""cite_key"":""LEPWorkingGroupforHiggsbosonsearches:2003ing"",""expRatio"":3.3790333616829193,""limit_id"":3060332,""obsRatio"":2.7336427421097262,""particles"":[""H2""],""process"":""LEP [eeHZ>bb]"",""reference"":""hep-ex/0306033""},{""cite_key"":"""",""expRatio"":1.3627141432430707,""limit_id"":510022,""obsRatio"":1.9219572152459574,""particles"":[""H2""],""process"":""LEP [eeHZ]>[uu,dd,cc,ss,bb,gg]"",""reference"":""unpublished""},{""cite_key"":""CMS:2013yea"",""expRatio"":0.8013591707188611,""limit_id"":13022,""obsRatio"":0.9900363566213183,""particles"":[""H1""],""process"":""LHC8 [vbfH>WW]"",""reference"":""CMS-PAS-HIG-13-022""},{""cite_key"":""CMS:2013cul"",""expRatio"":2.203572609728159,""limit_id"":13003,""obsRatio"":0.7775203339811083,""particles"":[""H1""],""process"":""LHC8 [H>WW]"",""reference"":""CMS-PAS-HIG-13-003""},{""cite_key"":""ATLAS:2014vuz"",""expRatio"":1.2139008700421237,""limit_id"":14096212,""obsRatio"":0.7579648158256805,""particles"":[""H1""],""process"":""LHC8 [HW,HZ]>[bb]"",""reference"":""1409.6212""}]"	157.7703540812186	5.221485726876807	"[{""chisq"":10.030145385816057,""cite_key"":""CMS:2022kdi"",""collider"":""LHC13"",""experiment"":""CMS"",""luminosity"":138.0,""measurement_id"":220412957,""process"":""LHC13 [H>tautau]"",""reference"":""2204.12957"",""submeasurement"":""ggH 0 JetpTH [0,10]""},{""chisq"":8.192667090056336,""cite_key"":""CMS:2022kdi"",""collider"":""LHC13"",""experiment"":""CMS"",""luminosity"":138.0,""measurement_id"":220412957,""process"":""LHC13 [H>tautau]"",""reference"":""2204.12957"",""submeasurement"":""ggH 0 JetpTH [10,200]""},{""chisq"":6.048643049746914,""cite_key"":""CMS:2022kdi"",""collider"":""LHC13"",""experiment"":""CMS"",""luminosity"":138.0,""measurement_id"":220412957,""process"":""LHC13 [vbfH>tautau]"",""reference"":""2204.12957"",""submeasurement"":""qqH \\geq 2Jet mjj [350,\\infty]pTH [200,\\infty]""},{""chisq"":5.532132533672805,""cite_key"":""ATLAS:2016neq"",""collider"":""LHC8"",""experiment"":""LHCComb"",""luminosity"":25.0,""measurement_id"":160602266,""process"":""LHC8 [Htt,tchanHt,schanHt,HtW]>[WW]"",""reference"":""1606.02266"",""submeasurement"":""Htt_WW""},{""chisq"":5.033904799158605,""cite_key"":""ATLAS:2016neq"",""collider"":""LHC8"",""experiment"":""LHCComb"",""luminosity"":25.0,""measurement_id"":160602266,""process"":""LHC8 [HZ>WW]"",""reference"":""1606.02266"",""submeasurement"":""HZ_WW""}]"	False	0.954056924080713	0.29962540882516747	0.0			1e0489d58eeb32bd3c97a8248d4aec42900d63794d124b4b4b860c97ff189cb1	h1_resonance	output/trsm_points_13.6-20260715-777-False_vxzero.dat	8271		True	0.0037137164266963134	0.00010291290205762255	0.0	True
9.844	166.5	367.8	0	0.3833	0.1471	0.002162859322996502	-0.0006509987036528903	24.257980714373012	0.018836692534246954	0.04024768607852469	0.0	26.060067271097417	0.0	-2.7508668963603	0.0	0.2915	-0.011540000000000009	0	0	False	2.136e-11	5.36354147981474e-14	True	True	1	1	False	166.5	2.991031e-16	9.88221070875468e-13	0.00030266820736277525	lz2025-source	5.186234323457228e-12	166.5	11.7	True	0.121	True	True	True	nan	nan	nan	nan	nan	nan	False	"{""H1"":{""cite_key"":""CMS:2012qwq"",""expRatio"":3.5102890791024577,""limit_id"":12045,""obsRatio"":0.6849901220837284,""particles"":[""H1""],""process"":""LHC8 [vbfH,HW,Htt,H,HZ]>[bb,tautau,WW,ZZ,gamgam]"",""reference"":""CMS-PAS-HIG-12-045""},""H2"":{""cite_key"":""OPAL:2002ifx"",""expRatio"":1.6796282031642924,""limit_id"":206022,""obsRatio"":1.5428732584761358,""particles"":[""H2""],""process"":""LEP [eeHZ>none]"",""reference"":""hep-ex/0206022""}}"	"[{""cite_key"":""OPAL:2002ifx"",""expRatio"":1.6796282031642924,""limit_id"":206022,""obsRatio"":1.5428732584761358,""particles"":[""H2""],""process"":""LEP [eeHZ>none]"",""reference"":""hep-ex/0206022""},{""cite_key"":""CMS:2013yea"",""expRatio"":0.7572619019996247,""limit_id"":13022,""obsRatio"":0.9355565417580521,""particles"":[""H1""],""process"":""LHC8 [vbfH>WW]"",""reference"":""CMS-PAS-HIG-13-022""},{""cite_key"":""CMS:2013cul"",""expRatio"":2.0823142064252265,""limit_id"":13003,""obsRatio"":0.7347348710388443,""particles"":[""H1""],""process"":""LHC8 [H>WW]"",""reference"":""CMS-PAS-HIG-13-003""},{""cite_key"":""ATLAS:2014vuz"",""expRatio"":1.147102217427038,""limit_id"":14096212,""obsRatio"":0.7162554557977566,""particles"":[""H1""],""process"":""LHC8 [HW,HZ]>[bb]"",""reference"":""1409.6212""},{""cite_key"":""CMS:2013zmy"",""expRatio"":2.0976282884336745,""limit_id"":13121129,""obsRatio"":0.7002641769414035,""particles"":[""H1""],""process"":""LHC8 [ggH,vbfH,HW,HZ]>[WW]"",""reference"":""1312.1129""}]"	167.1310988063769	14.582230452035105	"[{""chisq"":9.638291985639567,""cite_key"":""CMS:2022kdi"",""collider"":""LHC13"",""experiment"":""CMS"",""luminosity"":138.0,""measurement_id"":220412957,""process"":""LHC13 [H>tautau]"",""reference"":""2204.12957"",""submeasurement"":""ggH 0 JetpTH [0,10]""},{""chisq"":7.589287228811235,""cite_key"":""CMS:2022kdi"",""collider"":""LHC13"",""experiment"":""CMS"",""luminosity"":138.0,""measurement_id"":220412957,""process"":""LHC13 [H>tautau]"",""reference"":""2204.12957"",""submeasurement"":""ggH 0 JetpTH [10,200]""},{""chisq"":5.704860746517606,""cite_key"":""CMS:2021kom"",""collider"":""LHC13"",""experiment"":""CMS"",""luminosity"":137.0,""measurement_id"":210306956,""process"":""LHC13 [H>gamgam]"",""reference"":""2103.06956"",""submeasurement"":""ggH_0J_high_pTH""},{""chisq"":5.668805550799246,""cite_key"":""ATLAS:2016neq"",""collider"":""LHC8"",""experiment"":""LHCComb"",""luminosity"":25.0,""measurement_id"":160602266,""process"":""LHC8 [Htt,tchanHt,schanHt,HtW]>[WW]"",""reference"":""1606.02266"",""submeasurement"":""Htt_WW""},{""chisq"":5.420640499041247,""cite_key"":""CMS:2022kdi"",""collider"":""LHC13"",""experiment"":""CMS"",""luminosity"":138.0,""measurement_id"":220412957,""process"":""LHC13 [H>tautau]"",""reference"":""2204.12957"",""submeasurement"":""ggH 1 JetpTH [60,120]""}]"	False	0.9274355436747225	0.3739830374880282	0.0			cb5bd8cb9edf583d2c78814ac3f57d17c12f0860440a58454980504c1d1fee9e	h1_resonance	output/trsm_points_13.6-20260715-777-False_vxzero.dat	3005		True	0.003509357685698611	nan	0.0	True
14.42	167.2	948.4	0	0.09481	0.234	0.001196	0.0007436	31.370297445519675	0.031449729159428404	0.01225658089666971	0.0	6.15548330453903	0.0	-0.5032389671460925	0.0	0.11306594639440258		0	0	False	6.299e-10	4.914259672131147e-13	True									legacy-output	1.4694599999999999e-10	167.2	36.6	True	0.1224	True	True	True		1	0.13276422456042197	SINGLET_S -> SYM -> EW	False		True						True	0.9955088976485668	0.09466802365389992	0.0			bc57d1fda72bb2fd1f79f55410ac7367257687cbc265e95f7687b0a9d3b595cb	h1_resonance	output/trsm_points_13.6-20260529-1234-False_vxzero_dm_failed.dat	26		True	0.004043434898413655	nan	0.0	True
13.4	167.9	926.5	0	0.1687	0.2203	0.001554	0.0003306	30.428570165290726	0.02959690074782725	0.02109154311764742	0.0	10.910323370785104	0.0	-0.5053476123957228	0.0	0.16271441804947218		0	0	False	6.822e-10	7.618212151898733e-13	True									legacy-output	1.4750949999999999e-10	167.9	23.7	True	0.1224	True	True	True		1	0.12250266579057206	SINGLET_S -> SYM -> EW	False		True						True	0.9858038710823881	0.167900946271837	0.0			c22adf3e7ada781e504e9869ea7bad52f33547ce3db4eccf7753949b944b9928	h1_resonance	output/trsm_points_13.6-20260529-1234-False_vxzero_dm_failed.dat	13		True	0.003964981830743368	nan	0.0	True
22.45	169.2	177.1	0	-0.2122	0.005285	0.024778168024242323	-0.1596292529319526	30.12413806668729	0.02901777544613477	-0.017460473873834464	0.0	-9.11552857933904	0.0	10.932174764729792	0.0	0.002331000000000749	-14.46	0	0	False	7.477e-07	8.853911113889779e-11	True	True	1	1	False	169.2	3.02032e-14	1.7577469666242424e-09	1.7182905488385125e-05	lz2025-source	5.268442976860034e-12	169.2	0.0072	False	0.121	True	True	True	nan	nan	nan	nan	nan	nan	False	"{""H1"":{""cite_key"":""CMS:2012qwq"",""expRatio"":3.900058173069921,""limit_id"":12045,""obsRatio"":0.7610488093441813,""particles"":[""H1""],""process"":""LHC8 [vbfH,HW,Htt,H,HZ]>[bb,tautau,WW,ZZ,gamgam]"",""reference"":""CMS-PAS-HIG-12-045""},""H2"":{""cite_key"":""LEPWorkingGroupforHiggsbosonsearches:2003ing"",""expRatio"":2.8159988492023613,""limit_id"":3060332,""obsRatio"":2.3978336065576498,""particles"":[""H2""],""process"":""LEP [eeHZ>bb]"",""reference"":""hep-ex/0306033""}}"	"[{""cite_key"":""LEPWorkingGroupforHiggsbosonsearches:2003ing"",""expRatio"":2.8159988492023613,""limit_id"":3060332,""obsRatio"":2.3978336065576498,""particles"":[""H2""],""process"":""LEP [eeHZ>bb]"",""reference"":""hep-ex/0306033""},{""cite_key"":"""",""expRatio"":1.544296001886033,""limit_id"":510022,""obsRatio"":1.919375072499242,""particles"":[""H2""],""process"":""LEP [eeHZ]>[uu,dd,cc,ss,bb,gg]"",""reference"":""unpublished""},{""cite_key"":""CMS:2013yea"",""expRatio"":0.8413453717046154,""limit_id"":13022,""obsRatio"":1.0394371673758165,""particles"":[""H1""],""process"":""LHC8 [vbfH>WW]"",""reference"":""CMS-PAS-HIG-13-022""},{""cite_key"":""CMS:2013cul"",""expRatio"":2.3135264237966395,""limit_id"":13003,""obsRatio"":0.8163170252539991,""particles"":[""H1""],""process"":""LHC8 [H>WW]"",""reference"":""CMS-PAS-HIG-13-003""},{""cite_key"":""ATLAS:2014vuz"",""expRatio"":1.2744720670033363,""limit_id"":14096212,""obsRatio"":0.7957857263152278,""particles"":[""H1""],""process"":""LHC8 [HW,HZ]>[bb]"",""reference"":""1409.6212""}]"	153.32766613489247	0.7787977805506614	"[{""chisq"":10.3922171074531,""cite_key"":""CMS:2022kdi"",""collider"":""LHC13"",""experiment"":""CMS"",""luminosity"":138.0,""measurement_id"":220412957,""process"":""LHC13 [H>tautau]"",""reference"":""2204.12957"",""submeasurement"":""ggH 0 JetpTH [0,10]""},{""chisq"":8.75974568560611,""cite_key"":""CMS:2022kdi"",""collider"":""LHC13"",""experiment"":""CMS"",""luminosity"":138.0,""measurement_id"":220412957,""process"":""LHC13 [H>tautau]"",""reference"":""2204.12957"",""submeasurement"":""ggH 0 JetpTH [10,200]""},{""chisq"":6.800993453454446,""cite_key"":""CMS:2022kdi"",""collider"":""LHC13"",""experiment"":""CMS"",""luminosity"":138.0,""measurement_id"":220412957,""process"":""LHC13 [vbfH>tautau]"",""reference"":""2204.12957"",""submeasurement"":""qqH \\geq 2Jet mjj [350,\\infty]pTH [200,\\infty]""},{""chisq"":5.409587869592032,""cite_key"":""ATLAS:2016neq"",""collider"":""LHC8"",""experiment"":""LHCComb"",""luminosity"":25.0,""measurement_id"":160602266,""process"":""LHC8 [Htt,tchanHt,schanHt,HtW]>[WW]"",""reference"":""1606.02266"",""submeasurement"":""Htt_WW""},{""chisq"":4.945452763340982,""cite_key"":""ATLAS:2016neq"",""collider"":""LHC8"",""experiment"":""LHCComb"",""luminosity"":25.0,""measurement_id"":160602266,""process"":""LHC8 [HZ>WW]"",""reference"":""1606.02266"",""submeasurement"":""HZ_WW""}]"	True	0.9775699364805746	-0.2106110616500601	0.0			bd2547c49d3d72ae32d8a6382ed3817981328bd8121343989ca49f252f5a34bc	h1_resonance	output/trsm_points_13.6-20260715-777-False_vxzero.dat	3662		True	0.0038990233612993894	3.0447546314972832e-05	0.0	True
36.22	170.5	237.6	0	0.2215	0.1468	6.63609147633419	4.10343075205763	29.180206803970208	0.027388460620284497	0.03011126511095444	0.0	17.0881591656785	0.0	-6.290811475055697	0.0	689.2	654.8999999999999	0	0	False	0.0004655	7.425083793562084e-05	True	True	1	1	False	170.5	2.655155e-09	0.0015273814905257196	1.7383705488575119e-06	lz2025-source	5.3080144474638035e-12	170.5	8.65e-09	False	0.121	True	True	True	nan	nan	nan	nan	nan	nan	False	"{""H1"":{""cite_key"":""CMS:2012qwq"",""expRatio"":3.884108921656081,""limit_id"":12045,""obsRatio"":0.7579365073579575,""particles"":[""H1""],""process"":""LHC8 [vbfH,HW,Htt,H,HZ]>[bb,tautau,WW,ZZ,gamgam]"",""reference"":""CMS-PAS-HIG-12-045""},""H2"":{""cite_key"":""LEPWorkingGroupforHiggsbosonsearches:2003ing"",""expRatio"":2.2086236670678363,""limit_id"":3060332,""obsRatio"":2.1896992009550296,""particles"":[""H2""],""process"":""LEP [eeHZ>bb]"",""reference"":""hep-ex/0306033""}}"	"[{""cite_key"":""LEPWorkingGroupforHiggsbosonsearches:2003ing"",""expRatio"":2.2086236670678363,""limit_id"":3060332,""obsRatio"":2.1896992009550296,""particles"":[""H2""],""process"":""LEP [eeHZ>bb]"",""reference"":""hep-ex/0306033""},{""cite_key"":"""",""expRatio"":1.0414991168534196,""limit_id"":510022,""obsRatio"":1.3568697683253588,""particles"":[""H2""],""process"":""LEP [eeHZ]>[uu,dd,cc,ss,bb,gg]"",""reference"":""unpublished""},{""cite_key"":""CMS:2013yea"",""expRatio"":0.8379046976777906,""limit_id"":13022,""obsRatio"":1.035186398803737,""particles"":[""H1""],""process"":""LHC8 [vbfH>WW]"",""reference"":""CMS-PAS-HIG-13-022""},{""cite_key"":""CMS:2013cul"",""expRatio"":2.304065279129495,""limit_id"":13003,""obsRatio"":0.8129787044158447,""particles"":[""H1""],""process"":""LHC8 [H>WW]"",""reference"":""CMS-PAS-HIG-13-003""},{""cite_key"":""ATLAS:2014vuz"",""expRatio"":1.2692601254079754,""limit_id"":14096212,""obsRatio"":0.792531368032014,""particles"":[""H1""],""process"":""LHC8 [HW,HZ]>[bb]"",""reference"":""1409.6212""}]"	153.5635491885131	1.014680834171287	"[{""chisq"":10.36080965869321,""cite_key"":""CMS:2022kdi"",""collider"":""LHC13"",""experiment"":""CMS"",""luminosity"":138.0,""measurement_id"":220412957,""process"":""LHC13 [H>tautau]"",""reference"":""2204.12957"",""submeasurement"":""ggH 0 JetpTH [0,10]""},{""chisq"":8.710204425682342,""cite_key"":""CMS:2022kdi"",""collider"":""LHC13"",""experiment"":""CMS"",""luminosity"":138.0,""measurement_id"":220412957,""process"":""LHC13 [H>tautau]"",""reference"":""2204.12957"",""submeasurement"":""ggH 0 JetpTH [10,200]""},{""chisq"":6.734523003177615,""cite_key"":""CMS:2022kdi"",""collider"":""LHC13"",""experiment"":""CMS"",""luminosity"":138.0,""measurement_id"":220412957,""process"":""LHC13 [vbfH>tautau]"",""reference"":""2204.12957"",""submeasurement"":""qqH \\geq 2Jet mjj [350,\\infty]pTH [200,\\infty]""},{""chisq"":5.420080419906274,""cite_key"":""ATLAS:2016neq"",""collider"":""LHC8"",""experiment"":""LHCComb"",""luminosity"":25.0,""measurement_id"":160602266,""process"":""LHC8 [Htt,tchanHt,schanHt,HtW]>[WW]"",""reference"":""1606.02266"",""submeasurement"":""Htt_WW""},{""chisq"":4.953033230032053,""cite_key"":""ATLAS:2016neq"",""collider"":""LHC8"",""experiment"":""LHCComb"",""luminosity"":25.0,""measurement_id"":160602266,""process"":""LHC8 [HZ>WW]"",""reference"":""1606.02266"",""submeasurement"":""HZ_WW""}]"	True	0.9755690071343137	0.21969322319764303	0.0			ef79b4b460bd195a164ea39e8d421f3f8aa3c3bfc4d1a00975256e030b8b88fb	h2_resonance	output/trsm_points_13.6-20260715-777-False_vxzero.dat	5681		True	0.003883078341738605	5.018941770374083e-05	0.0	True
39.42	175.4	85.67	0	0.4318	0.05438	0.18982565261384154	-0.25071615798837077	17.131535710432697	0.011442568549227192	0.047281315248045165	0.0	53.54491632066472	0.0	-31.723347173082107	0.0	25.700000000000003	0.017819999999998615	0	0	False	4.041e-08	3.7305655885799887e-10	True	True	1	1	False	175.4	1.729118e-12	8.901865321493849e-09	0.00019424221076733066	lz2025-source	5.457108340319488e-12	175.4	0.00177	False	0.121	True	True	True	nan	nan	nan	nan	nan	nan	False	"{""H1"":{""cite_key"":""CMS:2012qwq"",""expRatio"":3.366291412760732,""limit_id"":12045,""obsRatio"":0.65689073288117,""particles"":[""H1""],""process"":""LHC8 [vbfH,HW,Htt,H,HZ]>[bb,tautau,WW,ZZ,gamgam]"",""reference"":""CMS-PAS-HIG-12-045""},""H2"":{""cite_key"":""LEPWorkingGroupforHiggsbosonsearches:2003ing"",""expRatio"":6.8271685105464455,""limit_id"":3060332,""obsRatio"":5.651858488477688,""particles"":[""H2""],""process"":""LEP [eeHZ>bb]"",""reference"":""hep-ex/0306033""}}"	"[{""cite_key"":""LEPWorkingGroupforHiggsbosonsearches:2003ing"",""expRatio"":6.8271685105464455,""limit_id"":3060332,""obsRatio"":5.651858488477688,""particles"":[""H2""],""process"":""LEP [eeHZ>bb]"",""reference"":""hep-ex/0306033""},{""cite_key"":"""",""expRatio"":2.931340719085532,""limit_id"":510022,""obsRatio"":4.001459976025812,""particles"":[""H2""],""process"":""LEP [eeHZ]>[uu,dd,cc,ss,bb,gg]"",""reference"":""unpublished""},{""cite_key"":""CMS:2013yea"",""expRatio"":0.7261978089177741,""limit_id"":13022,""obsRatio"":0.8971785176956177,""particles"":[""H1""],""process"":""LHC8 [vbfH>WW]"",""reference"":""CMS-PAS-HIG-13-022""},{""cite_key"":""CMS:2013cul"",""expRatio"":1.9968943508069186,""limit_id"":13003,""obsRatio"":0.7045948727579807,""particles"":[""H1""],""process"":""LHC8 [H>WW]"",""reference"":""CMS-PAS-HIG-13-003""},{""cite_key"":""ATLAS:2014vuz"",""expRatio"":1.1000462517664695,""limit_id"":14096212,""obsRatio"":0.6868735126542654,""particles"":[""H1""],""process"":""LHC8 [HW,HZ]>[bb]"",""reference"":""1409.6212""}]"	176.6396200366111	24.090751682269286	"[{""chisq"":9.366940150685286,""cite_key"":""CMS:2022kdi"",""collider"":""LHC13"",""experiment"":""CMS"",""luminosity"":138.0,""measurement_id"":220412957,""process"":""LHC13 [H>tautau]"",""reference"":""2204.12957"",""submeasurement"":""ggH 0 JetpTH [0,10]""},{""chisq"":7.178093542755339,""cite_key"":""CMS:2022kdi"",""collider"":""LHC13"",""experiment"":""CMS"",""luminosity"":138.0,""measurement_id"":220412957,""process"":""LHC13 [H>tautau]"",""reference"":""2204.12957"",""submeasurement"":""ggH 0 JetpTH [10,200]""},{""chisq"":6.798475422849371,""cite_key"":""CMS:2021kom"",""collider"":""LHC13"",""experiment"":""CMS"",""luminosity"":137.0,""measurement_id"":210306956,""process"":""LHC13 [H>gamgam]"",""reference"":""2103.06956"",""submeasurement"":""ggH_0J_high_pTH""},{""chisq"":5.766043544741523,""cite_key"":""ATLAS:2016neq"",""collider"":""LHC8"",""experiment"":""LHCComb"",""luminosity"":25.0,""measurement_id"":160602266,""process"":""LHC8 [Htt,tchanHt,schanHt,HtW]>[WW]"",""reference"":""1606.02266"",""submeasurement"":""Htt_WW""},{""chisq"":5.74066523691981,""cite_key"":""CMS:2022kdi"",""collider"":""LHC13"",""experiment"":""CMS"",""luminosity"":138.0,""measurement_id"":220412957,""process"":""LHC13 [H>tautau]"",""reference"":""2204.12957"",""submeasurement"":""ggH 1 JetpTH [60,120]""}]"	False	0.908213910111594	0.4185062645645934	0.0			a8df37d0cf7f21734ad0f6a5e91f22c82527c8baa019816490bc054842f92111	h2_resonance	output/trsm_points_13.6-20260715-777-False_vxzero.dat	9645		True	0.003365398226602378	0.00019556981240030446	0.0	True
30.88	171.3	82.83	0	0.2079	0.1934	-0.011608009713015866	-0.22535977376921493	28.962658215512327	0.027007610618576112	0.036461113146833965	0.0	21.067537591521585	0.0	-19.453188896099558	0.0	0.5293999999999996	-9.427	0	0	False	8.051e-08	1.1419750357950063e-10	True	True	1	1	False	171.3	5.711268e-15	2.4035015681844804e-09	2.3762281146810686e-06	lz2025-source	5.3323627704477566e-12	171.3	0.00565	False	0.121	True	True	True	nan	nan	nan	nan	nan	nan	False	"{""H1"":{""cite_key"":""CMS:2012qwq"",""expRatio"":3.9072154013399865,""limit_id"":12045,""obsRatio"":0.7624454551918636,""particles"":[""H1""],""process"":""LHC8 [vbfH,HW,Htt,H,HZ]>[bb,tautau,WW,ZZ,gamgam]"",""reference"":""CMS-PAS-HIG-12-045""},""H2"":{""cite_key"":""LEPWorkingGroupforHiggsbosonsearches:2003ing"",""expRatio"":2.378603974005856,""limit_id"":3060332,""obsRatio"":2.0870400799411457,""particles"":[""H2""],""process"":""LEP [eeHZ>bb]"",""reference"":""hep-ex/0306033""}}"	"[{""cite_key"":""LEPWorkingGroupforHiggsbosonsearches:2003ing"",""expRatio"":2.378603974005856,""limit_id"":3060332,""obsRatio"":2.0870400799411457,""particles"":[""H2""],""process"":""LEP [eeHZ>bb]"",""reference"":""hep-ex/0306033""},{""cite_key"":"""",""expRatio"":1.1103956391557528,""limit_id"":510022,""obsRatio"":1.4109746565740264,""particles"":[""H2""],""process"":""LEP [eeHZ]>[uu,dd,cc,ss,bb,gg]"",""reference"":""unpublished""},{""cite_key"":""CMS:2013yea"",""expRatio"":0.8428893745404786,""limit_id"":13022,""obsRatio"":1.0413447002251126,""particles"":[""H1""],""process"":""LHC8 [vbfH>WW]"",""reference"":""CMS-PAS-HIG-13-022""},{""cite_key"":""CMS:2013cul"",""expRatio"":2.3177721134733416,""limit_id"":13003,""obsRatio"":0.8178150970855494,""particles"":[""H1""],""process"":""LHC8 [H>WW]"",""reference"":""CMS-PAS-HIG-13-003""},{""cite_key"":""ATLAS:2014vuz"",""expRatio"":1.276810926349166,""limit_id"":14096212,""obsRatio"":0.797246119941309,""particles"":[""H1""],""process"":""LHC8 [HW,HZ]>[bb]"",""reference"":""1409.6212""}]"	153.23066630086765	0.6817979465258475	"[{""chisq"":10.40632665424505,""cite_key"":""CMS:2022kdi"",""collider"":""LHC13"",""experiment"":""CMS"",""luminosity"":138.0,""measurement_id"":220412957,""process"":""LHC13 [H>tautau]"",""reference"":""2204.12957"",""submeasurement"":""ggH 0 JetpTH [0,10]""},{""chisq"":8.782022999201681,""cite_key"":""CMS:2022kdi"",""collider"":""LHC13"",""experiment"":""CMS"",""luminosity"":138.0,""measurement_id"":220412957,""process"":""LHC13 [H>tautau]"",""reference"":""2204.12957"",""submeasurement"":""ggH 0 JetpTH [10,200]""},{""chisq"":6.83092816562568,""cite_key"":""CMS:2022kdi"",""collider"":""LHC13"",""experiment"":""CMS"",""luminosity"":138.0,""measurement_id"":220412957,""process"":""LHC13 [vbfH>tautau]"",""reference"":""2204.12957"",""submeasurement"":""qqH \\geq 2Jet mjj [350,\\infty]pTH [200,\\infty]""},{""chisq"":5.404882523036215,""cite_key"":""ATLAS:2016neq"",""collider"":""LHC8"",""experiment"":""LHCComb"",""luminosity"":25.0,""measurement_id"":160602266,""process"":""LHC8 [Htt,tchanHt,schanHt,HtW]>[WW]"",""reference"":""1606.02266"",""submeasurement"":""Htt_WW""},{""chisq"":4.94205289688804,""cite_key"":""ATLAS:2016neq"",""collider"":""LHC8"",""experiment"":""LHCComb"",""luminosity"":25.0,""measurement_id"":160602266,""process"":""LHC8 [HZ>WW]"",""reference"":""1606.02266"",""submeasurement"":""HZ_WW""}]"	True	0.9784665236346929	0.206405576780859	0.0			ba50483eaea18848afea08c157aad94868c1d8108060d7c234d47cde8c3cf478	h2_resonance	output/trsm_points_13.6-20260715-777-False_vxzero.dat	6939		True	0.003906178690524945	3.8719604781533894e-05	0.0	True
34.57	174.3	420.6	0	0.3804	0.4936	1.470464874498259	-0.34401857506791483	24.507299866749626	0.019576901138605947	0.03911747746717148	0.0	26.082732903318547	0.0	-2.1711344329349127	0.0	194.8	-0.020940000000010173	0	0	False	2.434e-06	1.2867867116182917e-07	True	True	1	1	False	174.3	1.116225e-10	2.9696966633877408e-06	3.758717224427373e-05	lz2025-source	5.423646470457263e-12	174.3	5.1e-06	False	0.121	True	True	True	nan	nan	nan	nan	nan	nan	False	"{""H1"":{""cite_key"":""CMS:2012qwq"",""expRatio"":3.5184742342506876,""limit_id"":12045,""obsRatio"":0.6865873553308813,""particles"":[""H1""],""process"":""LHC8 [vbfH,HW,Htt,H,HZ]>[bb,tautau,WW,ZZ,gamgam]"",""reference"":""CMS-PAS-HIG-12-045""},""H2"":{""cite_key"":""LEPWorkingGroupforHiggsbosonsearches:2003ing"",""expRatio"":6.464876068267369,""limit_id"":3060332,""obsRatio"":6.766502120706867,""particles"":[""H2""],""process"":""LEP [eeHZ>bb]"",""reference"":""hep-ex/0306033""}}"	"[{""cite_key"":""LEPWorkingGroupforHiggsbosonsearches:2003ing"",""expRatio"":6.464876068267369,""limit_id"":3060332,""obsRatio"":6.766502120706867,""particles"":[""H2""],""process"":""LEP [eeHZ>bb]"",""reference"":""hep-ex/0306033""},{""cite_key"":"""",""expRatio"":2.842158405161236,""limit_id"":510022,""obsRatio"":3.650904643099264,""particles"":[""H2""],""process"":""LEP [eeHZ]>[uu,dd,cc,ss,bb,gg]"",""reference"":""unpublished""},{""cite_key"":""CMS:2013yea"",""expRatio"":0.7590276557640682,""limit_id"":13022,""obsRatio"":0.9377380360087161,""particles"":[""H1""],""process"":""LHC8 [vbfH>WW]"",""reference"":""CMS-PAS-HIG-13-022""},{""cite_key"":""CMS:2013cul"",""expRatio"":2.087169665466597,""limit_id"":13003,""obsRatio"":0.7364480971512092,""particles"":[""H1""],""process"":""LHC8 [H>WW]"",""reference"":""CMS-PAS-HIG-13-003""},{""cite_key"":""ATLAS:2014vuz"",""expRatio"":1.14977698563243,""limit_id"":14096212,""obsRatio"":0.7179255923304918,""particles"":[""H1""],""process"":""LHC8 [HW,HZ]>[bb]"",""reference"":""1409.6212""}]"	166.66432206799348	14.115453713651675	"[{""chisq"":9.653832618188323,""cite_key"":""CMS:2022kdi"",""collider"":""LHC13"",""experiment"":""CMS"",""luminosity"":138.0,""measurement_id"":220412957,""process"":""LHC13 [H>tautau]"",""reference"":""2204.12957"",""submeasurement"":""ggH 0 JetpTH [0,10]""},{""chisq"":7.613004387653094,""cite_key"":""CMS:2022kdi"",""collider"":""LHC13"",""experiment"":""CMS"",""luminosity"":138.0,""measurement_id"":220412957,""process"":""LHC13 [H>tautau]"",""reference"":""2204.12957"",""submeasurement"":""ggH 0 JetpTH [10,200]""},{""chisq"":5.663302108727741,""cite_key"":""ATLAS:2016neq"",""collider"":""LHC8"",""experiment"":""LHCComb"",""luminosity"":25.0,""measurement_id"":160602266,""process"":""LHC8 [Htt,tchanHt,schanHt,HtW]>[WW]"",""reference"":""1606.02266"",""submeasurement"":""Htt_WW""},{""chisq"":5.6460800239303905,""cite_key"":""CMS:2021kom"",""collider"":""LHC13"",""experiment"":""CMS"",""luminosity"":137.0,""measurement_id"":210306956,""process"":""LHC13 [H>gamgam]"",""reference"":""2103.06956"",""submeasurement"":""ggH_0J_high_pTH""},{""chisq"":5.402725236825829,""cite_key"":""CMS:2022kdi"",""collider"":""LHC13"",""experiment"":""CMS"",""luminosity"":138.0,""measurement_id"":220412957,""process"":""LHC13 [H>tautau]"",""reference"":""2204.12957"",""submeasurement"":""ggH 1 JetpTH [60,120]""}]"	False	0.9285161930995317	0.37129190558367037	0.0			0a49705c2ab68f4802bc2d74402f14a684ae989076a3a8fb8b3af84465288513	h2_resonance	output/trsm_points_13.6-20260715-777-False_vxzero.dat	4810		True	0.0035175406690600313	0.0001377845695763074	0.0	True
49.63	184.5	396.4	0	0.3372	0.3649	0.09091528096042621	0.269571973596596	26.012896951819513	0.022277069932470396	0.03735315190821414	0.0	24.614307895652654	0.0	-3.326485469379437	0.0	-7.124000000000002	54.12	0	0	False	8.046e-07	3.351613660944238e-10	True	True	1	1	False	184.5	2.403405e-13	1.025771547480674e-08	2.3430217048843238e-05	lz2025-source	5.733752295995514e-12	184.5	0.00207	False	0.121	True	True	True	nan	nan	nan	nan	nan	nan	False	"{""H1"":{""cite_key"":""CMS:2012qwq"",""expRatio"":3.6343710842836847,""limit_id"":12045,""obsRatio"":0.709203212789983,""particles"":[""H1""],""process"":""LHC8 [vbfH,HW,Htt,H,HZ]>[bb,tautau,WW,ZZ,gamgam]"",""reference"":""CMS-PAS-HIG-12-045""},""H2"":{""cite_key"":""LEPWorkingGroupforHiggsbosonsearches:2003ing"",""expRatio"":2.9688792043067513,""limit_id"":3060332,""obsRatio"":2.611855828294948,""particles"":[""H2""],""process"":""LEP [eeHZ>bb]"",""reference"":""hep-ex/0306033""}}"	"[{""cite_key"":""LEPWorkingGroupforHiggsbosonsearches:2003ing"",""expRatio"":2.9688792043067513,""limit_id"":3060332,""obsRatio"":2.611855828294948,""particles"":[""H2""],""process"":""LEP [eeHZ>bb]"",""reference"":""hep-ex/0306033""},{""cite_key"":""CMS:2013yea"",""expRatio"":0.7840296618991851,""limit_id"":13022,""obsRatio"":0.9686266761674484,""particles"":[""H1""],""process"":""LHC8 [vbfH>WW]"",""reference"":""CMS-PAS-HIG-13-022""},{""cite_key"":""CMS:2013cul"",""expRatio"":2.1559200309964215,""limit_id"":13003,""obsRatio"":0.7607063434790515,""particles"":[""H1""],""process"":""LHC8 [H>WW]"",""reference"":""CMS-PAS-HIG-13-003""},{""cite_key"":""ATLAS:2014vuz"",""expRatio"":1.187650086869908,""limit_id"":14096212,""obsRatio"":0.7415737162528482,""particles"":[""H1""],""process"":""LHC8 [HW,HZ]>[bb]"",""reference"":""1409.6212""},{""cite_key"":""CMS:2013zmy"",""expRatio"":2.1717754365142157,""limit_id"":13121129,""obsRatio"":0.7250171762737799,""particles"":[""H1""],""process"":""LHC8 [ggH,vbfH,HW,HZ]>[WW]"",""reference"":""1312.1129""}]"	160.87937650403083	8.330508149689024	"[{""chisq"":9.875222131251991,""cite_key"":""CMS:2022kdi"",""collider"":""LHC13"",""experiment"":""CMS"",""luminosity"":138.0,""measurement_id"":220412957,""process"":""LHC13 [H>tautau]"",""reference"":""2204.12957"",""submeasurement"":""ggH 0 JetpTH [0,10]""},{""chisq"":7.952796143867226,""cite_key"":""CMS:2022kdi"",""collider"":""LHC13"",""experiment"":""CMS"",""luminosity"":138.0,""measurement_id"":220412957,""process"":""LHC13 [H>tautau]"",""reference"":""2204.12957"",""submeasurement"":""ggH 0 JetpTH [10,200]""},{""chisq"":5.736275919756811,""cite_key"":""CMS:2022kdi"",""collider"":""LHC13"",""experiment"":""CMS"",""luminosity"":138.0,""measurement_id"":220412957,""process"":""LHC13 [vbfH>tautau]"",""reference"":""2204.12957"",""submeasurement"":""qqH \\geq 2Jet mjj [350,\\infty]pTH [200,\\infty]""},{""chisq"":5.585651835379918,""cite_key"":""ATLAS:2016neq"",""collider"":""LHC8"",""experiment"":""LHCComb"",""luminosity"":25.0,""measurement_id"":160602266,""process"":""LHC8 [Htt,tchanHt,schanHt,HtW]>[WW]"",""reference"":""1606.02266"",""submeasurement"":""Htt_WW""},{""chisq"":5.1522385447846055,""cite_key"":""CMS:2022kdi"",""collider"":""LHC13"",""experiment"":""CMS"",""luminosity"":138.0,""measurement_id"":220412957,""process"":""LHC13 [H>tautau]"",""reference"":""2204.12957"",""submeasurement"":""ggH 1 JetpTH [60,120]""}]"	False	0.9436847325703485	0.33084607525801163	0.0			c4cea6ac3e60f9a6f3acd3b5dded1e6b640d2c3711441962544e1c7b8b2e3aec	h2_resonance	output/trsm_points_13.6-20260715-777-False_vxzero.dat	5328		True	0.0036334067679043903	0.00014688789426870648	0.0	True
38.35	179.8	387.3	0	0.3896	0.3677	-0.0012651638070349028	-0.001926974491818527	24.069396160162942	0.01902222110896427	0.039731516310731727	0.0	27.290715183483616	0.0	-2.7578843667147224	0.0	-0.0022210000000000008	-0.4043	0	0	False	1.976e-10	2.433453314390644e-14	True	True	1	1	False	179.8	5.630347e-17	6.622732574638308e-13	8.501546660001584e-05	lz2025-source	5.590909267773546e-12	179.8	27.8	True	0.121	True	True	True	nan	nan	nan	nan	nan	nan	False	"{""H1"":{""cite_key"":""CMS:2012qwq"",""expRatio"":3.4923375356282693,""limit_id"":12045,""obsRatio"":0.6814870972105975,""particles"":[""H1""],""process"":""LHC8 [vbfH,HW,Htt,H,HZ]>[bb,tautau,WW,ZZ,gamgam]"",""reference"":""CMS-PAS-HIG-12-045""},""H2"":{""cite_key"":""LEPWorkingGroupforHiggsbosonsearches:2003ing"",""expRatio"":5.97245454058677,""limit_id"":3060332,""obsRatio"":5.185367701006747,""particles"":[""H2""],""process"":""LEP [eeHZ>bb]"",""reference"":""hep-ex/0306033""}}"	"[{""cite_key"":""LEPWorkingGroupforHiggsbosonsearches:2003ing"",""expRatio"":5.97245454058677,""limit_id"":3060332,""obsRatio"":5.185367701006747,""particles"":[""H2""],""process"":""LEP [eeHZ>bb]"",""reference"":""hep-ex/0306033""},{""cite_key"":"""",""expRatio"":2.645282111483065,""limit_id"":510022,""obsRatio"":3.629055819564791,""particles"":[""H2""],""process"":""LEP [eeHZ]>[uu,dd,cc,ss,bb,gg]"",""reference"":""unpublished""},{""cite_key"":""CMS:2013yea"",""expRatio"":0.7533892807855995,""limit_id"":13022,""obsRatio"":0.9307721255594222,""particles"":[""H1""],""process"":""LHC8 [vbfH>WW]"",""reference"":""CMS-PAS-HIG-13-022""},{""cite_key"":""CMS:2013cul"",""expRatio"":2.0716652959904422,""limit_id"":13003,""obsRatio"":0.730977452580639,""particles"":[""H1""],""process"":""LHC8 [H>WW]"",""reference"":""CMS-PAS-HIG-13-003""},{""cite_key"":""ATLAS:2014vuz"",""expRatio"":1.1412359611554193,""limit_id"":14096212,""obsRatio"":0.7125925406749185,""particles"":[""H1""],""process"":""LHC8 [HW,HZ]>[bb]"",""reference"":""1409.6212""}]"	168.18171131289043	15.632842958548622	"[{""chisq"":9.604252369305923,""cite_key"":""CMS:2022kdi"",""collider"":""LHC13"",""experiment"":""CMS"",""luminosity"":138.0,""measurement_id"":220412957,""process"":""LHC13 [H>tautau]"",""reference"":""2204.12957"",""submeasurement"":""ggH 0 JetpTH [0,10]""},{""chisq"":7.5374007224710855,""cite_key"":""CMS:2022kdi"",""collider"":""LHC13"",""experiment"":""CMS"",""luminosity"":138.0,""measurement_id"":220412957,""process"":""LHC13 [H>tautau]"",""reference"":""2204.12957"",""submeasurement"":""ggH 0 JetpTH [10,200]""},{""chisq"":5.835038522566424,""cite_key"":""CMS:2021kom"",""collider"":""LHC13"",""experiment"":""CMS"",""luminosity"":137.0,""measurement_id"":210306956,""process"":""LHC13 [H>gamgam]"",""reference"":""2103.06956"",""submeasurement"":""ggH_0J_high_pTH""},{""chisq"":5.680884574494708,""cite_key"":""ATLAS:2016neq"",""collider"":""LHC8"",""experiment"":""LHCComb"",""luminosity"":25.0,""measurement_id"":160602266,""process"":""LHC8 [Htt,tchanHt,schanHt,HtW]>[WW]"",""reference"":""1606.02266"",""submeasurement"":""Htt_WW""},{""chisq"":5.460035785607117,""cite_key"":""CMS:2022kdi"",""collider"":""LHC13"",""experiment"":""CMS"",""luminosity"":138.0,""measurement_id"":220412957,""process"":""LHC13 [H>tautau]"",""reference"":""2204.12957"",""submeasurement"":""ggH 1 JetpTH [60,120]""}]"	False	0.9250610612265832	0.37981842109401137	0.0			49527a4111acef6d16baae2da915c64326dbfd728c7fd2c1a8be91a426f4655e	h2_resonance	output/trsm_points_13.6-20260715-777-False_vxzero.dat	8690		True	0.0034914109053504213	0.00015744520938893973	0.0	True
18.05	172.0	437.9	0	-0.1502	0.3451	0.015385409826305822	-0.058973302367915516	30.8015655217691	0.03032795191843691	-0.016796697842892772	0.0	-8.602433479891303	0.0	3.455871101075096	0.0	-0.06102999999999992	-13.049999999999999	0	0	False	7.116e-07	2.1738037647509295e-11	True	True	1	1	False	172.0	1.100945e-14	4.675283385874543e-10	2.3548198240266903e-05	lz2025-source	5.353665470213033e-12	172.0	0.0298	False	0.121	True	True	True	nan	nan	nan	nan	nan	nan	True	"{""H1"":{""cite_key"":""CMS:2012qwq"",""expRatio"":3.9897037350651967,""limit_id"":12045,""obsRatio"":0.7785420479554894,""particles"":[""H1""],""process"":""LHC8 [vbfH,HW,Htt,H,HZ]>[bb,tautau,WW,ZZ,gamgam]"",""reference"":""CMS-PAS-HIG-12-045""},""H2"":{""cite_key"":""OPAL:2002ifx"",""expRatio"":0.2006352839642671,""limit_id"":206022,""obsRatio"":0.23959015237721054,""particles"":[""H2""],""process"":""LEP [eeHZ>none]"",""reference"":""hep-ex/0206022""}}"	"[{""cite_key"":""CMS:2013yea"",""expRatio"":0.8606842829032695,""limit_id"":13022,""obsRatio"":1.0633293569004754,""particles"":[""H1""],""process"":""LHC8 [vbfH>WW]"",""reference"":""CMS-PAS-HIG-13-022""},{""cite_key"":""CMS:2013cul"",""expRatio"":2.366704445059056,""limit_id"":13003,""obsRatio"":0.8350806424227155,""particles"":[""H1""],""process"":""LHC8 [H>WW]"",""reference"":""CMS-PAS-HIG-13-003""},{""cite_key"":""ATLAS:2014vuz"",""expRatio"":1.3037666979097933,""limit_id"":14096212,""obsRatio"":0.8140774172330566,""particles"":[""H1""],""process"":""LHC8 [HW,HZ]>[bb]"",""reference"":""1409.6212""},{""cite_key"":""CMS:2013zmy"",""expRatio"":2.384110034402661,""limit_id"":13121129,""obsRatio"":0.7959021434752688,""particles"":[""H1""],""process"":""LHC8 [ggH,vbfH,HW,HZ]>[WW]"",""reference"":""1312.1129""},{""cite_key"":""CMS:2013uhr"",""expRatio"":2.0960793897930334,""limit_id"":13001,""obsRatio"":0.7900729548237597,""particles"":[""H1""],""process"":""LHC8 [vbfH,HW,Htt,H,HZ]>[gamgam]"",""reference"":""CMS-PAS-HIG-13-001""}]"	152.50542260850776	-0.04344574583404892	"[{""chisq"":10.569632566721632,""cite_key"":""CMS:2022kdi"",""collider"":""LHC13"",""experiment"":""CMS"",""luminosity"":138.0,""measurement_id"":220412957,""process"":""LHC13 [H>tautau]"",""reference"":""2204.12957"",""submeasurement"":""ggH 0 JetpTH [0,10]""},{""chisq"":9.040815007797066,""cite_key"":""CMS:2022kdi"",""collider"":""LHC13"",""experiment"":""CMS"",""luminosity"":138.0,""measurement_id"":220412957,""process"":""LHC13 [H>tautau]"",""reference"":""2204.12957"",""submeasurement"":""ggH 0 JetpTH [10,200]""},{""chisq"":7.180674755763515,""cite_key"":""CMS:2022kdi"",""collider"":""LHC13"",""experiment"":""CMS"",""luminosity"":138.0,""measurement_id"":220412957,""process"":""LHC13 [vbfH>tautau]"",""reference"":""2204.12957"",""submeasurement"":""qqH \\geq 2Jet mjj [350,\\infty]pTH [200,\\infty]""},{""chisq"":5.350795145123922,""cite_key"":""ATLAS:2016neq"",""collider"":""LHC8"",""experiment"":""LHCComb"",""luminosity"":25.0,""measurement_id"":160602266,""process"":""LHC8 [Htt,tchanHt,schanHt,HtW]>[WW]"",""reference"":""1606.02266"",""submeasurement"":""Htt_WW""},{""chisq"":4.90295240031375,""cite_key"":""ATLAS:2016neq"",""collider"":""LHC8"",""experiment"":""LHCComb"",""luminosity"":25.0,""measurement_id"":160602266,""process"":""LHC8 [HZ>WW]"",""reference"":""1606.02266"",""submeasurement"":""HZ_WW""}]"	True	0.9887411705343253	-0.14963588369910544	0.0			598c659ddf0b225bfad00709e3b23d7695c7057bb48a22466bb18fe21425d674	h2_resonance	output/trsm_points_13.6-20260715-777-False_vxzero.dat	1283		True	0.003988645137423118	nan	0.0	True
39.45	183.6	356.2	0	0.2135	0.2063	-2.0925013390688725	0.5317453353383429	29.477469492550075	0.02793950863223548	0.027593338619324143	0.0	15.535624215999656	0.0	-3.6561836373107726	0.0	-271.6	38.019999999999996	0	0	False	2.326e-06	5.753959109731091e-07	True	True	1	1	False	183.6	1.988657e-10	1.736125992985916e-05	1.1454566131918587e-05	lz2025-source	5.706405728658933e-12	183.6	1.2e-06	False	0.121	True	True	True	nan	nan	nan	nan	nan	nan	False	"{""H1"":{""cite_key"":""CMS:2012qwq"",""expRatio"":3.897867260972017,""limit_id"":12045,""obsRatio"":0.7606212795562922,""particles"":[""H1""],""process"":""LHC8 [vbfH,HW,Htt,H,HZ]>[bb,tautau,WW,ZZ,gamgam]"",""reference"":""CMS-PAS-HIG-12-045""},""H2"":{""cite_key"":""LEPWorkingGroupforHiggsbosonsearches:2003ing"",""expRatio"":1.7480213584935709,""limit_id"":3060332,""obsRatio"":1.4438202389635204,""particles"":[""H2""],""process"":""LEP [eeHZ>bb]"",""reference"":""hep-ex/0306033""}}"	"[{""cite_key"":""LEPWorkingGroupforHiggsbosonsearches:2003ing"",""expRatio"":1.7480213584935709,""limit_id"":3060332,""obsRatio"":1.4438202389635204,""particles"":[""H2""],""process"":""LEP [eeHZ>bb]"",""reference"":""hep-ex/0306033""},{""cite_key"":""CMS:2013yea"",""expRatio"":0.8408727342024079,""limit_id"":13022,""obsRatio"":1.0388532490433309,""particles"":[""H1""],""process"":""LHC8 [vbfH>WW]"",""reference"":""CMS-PAS-HIG-13-022""},{""cite_key"":"""",""expRatio"":0.7551158827417981,""limit_id"":510022,""obsRatio"":1.0312089282096517,""particles"":[""H2""],""process"":""LEP [eeHZ]>[uu,dd,cc,ss,bb,gg]"",""reference"":""unpublished""},{""cite_key"":""CMS:2013cul"",""expRatio"":2.312226768046447,""limit_id"":13003,""obsRatio"":0.8158584477746416,""particles"":[""H1""],""process"":""LHC8 [H>WW]"",""reference"":""CMS-PAS-HIG-13-003""},{""cite_key"":""ATLAS:2014vuz"",""expRatio"":1.2737561145364429,""limit_id"":14096212,""obsRatio"":0.7953386825795312,""particles"":[""H1""],""process"":""LHC8 [HW,HZ]>[bb]"",""reference"":""1409.6212""}]"	153.35845416792978	0.8095858135879723	"[{""chisq"":10.387899922026918,""cite_key"":""CMS:2022kdi"",""collider"":""LHC13"",""experiment"":""CMS"",""luminosity"":138.0,""measurement_id"":220412957,""process"":""LHC13 [H>tautau]"",""reference"":""2204.12957"",""submeasurement"":""ggH 0 JetpTH [0,10]""},{""chisq"":8.752931992481262,""cite_key"":""CMS:2022kdi"",""collider"":""LHC13"",""experiment"":""CMS"",""luminosity"":138.0,""measurement_id"":220412957,""process"":""LHC13 [H>tautau]"",""reference"":""2204.12957"",""submeasurement"":""ggH 0 JetpTH [10,200]""},{""chisq"":6.791843223099063,""cite_key"":""CMS:2022kdi"",""collider"":""LHC13"",""experiment"":""CMS"",""luminosity"":138.0,""measurement_id"":220412957,""process"":""LHC13 [vbfH>tautau]"",""reference"":""2204.12957"",""submeasurement"":""qqH \\geq 2Jet mjj [350,\\infty]pTH [200,\\infty]""},{""chisq"":5.411028626405049,""cite_key"":""ATLAS:2016neq"",""collider"":""LHC8"",""experiment"":""LHCComb"",""luminosity"":25.0,""measurement_id"":160602266,""process"":""LHC8 [Htt,tchanHt,schanHt,HtW]>[WW]"",""reference"":""1606.02266"",""submeasurement"":""Htt_WW""},{""chisq"":4.946493734052973,""cite_key"":""ATLAS:2016neq"",""collider"":""LHC8"",""experiment"":""LHCComb"",""luminosity"":25.0,""measurement_id"":160602266,""process"":""LHC8 [HZ>WW]"",""reference"":""1606.02266"",""submeasurement"":""HZ_WW""}]"	True	0.9772953161310682	0.2118817242432093	0.0			55a759404f7dd6fbd94bbef0d0527b5693d50b890f86754c4bea016f15765852	h2_resonance	output/trsm_points_13.6-20260715-777-False_vxzero.dat	6950		True	0.0038968330305214367	5.0159863284014124e-05	0.0	True
20.78	174.8	108.1	0	0.4321	0.3627	0.38438731952072425	-0.40052641002943634	18.500264976227886	0.01138333697832667	0.05164367545565305	0.0	45.63959037565964	0.0	-21.02861258569532	0.0	52.0	0.1410000000000018	0	0	False	1.631e-07	1.5484745794662769e-09	True	True	1	1	False	174.8	7.198858e-12	3.628375242488563e-08	0.0001984044515490239	lz2025-source	5.438856993993121e-12	174.8	0.000425	False	0.121	True	True	True	nan	nan	nan	nan	nan	nan	False	"{""H1"":{""cite_key"":""CMS:2012qwq"",""expRatio"":3.3653604590523143,""limit_id"":12045,""obsRatio"":0.6567090686136371,""particles"":[""H1""],""process"":""LHC8 [vbfH,HW,Htt,H,HZ]>[bb,tautau,WW,ZZ,gamgam]"",""reference"":""CMS-PAS-HIG-12-045""},""H2"":{""cite_key"":""LEPWorkingGroupforHiggsbosonsearches:2003ing"",""expRatio"":10.992116508428072,""limit_id"":3060332,""obsRatio"":10.297592735603432,""particles"":[""H2""],""process"":""LEP [eeHZ>bb]"",""reference"":""hep-ex/0306033""}}"	"[{""cite_key"":""LEPWorkingGroupforHiggsbosonsearches:2003ing"",""expRatio"":10.992116508428072,""limit_id"":3060332,""obsRatio"":10.297592735603432,""particles"":[""H2""],""process"":""LEP [eeHZ>bb]"",""reference"":""hep-ex/0306033""},{""cite_key"":"""",""expRatio"":5.775477399237577,""limit_id"":510022,""obsRatio"":7.288530283543127,""particles"":[""H2""],""process"":""LEP [eeHZ]>[uu,dd,cc,ss,bb,gg]"",""reference"":""unpublished""},{""cite_key"":""OPAL:2002ifx"",""expRatio"":1.383153839031369,""limit_id"":206022,""obsRatio"":1.641878479095843,""particles"":[""H2""],""process"":""LEP [eeHZ>none]"",""reference"":""hep-ex/0206022""},{""cite_key"":""CMS:2013yea"",""expRatio"":0.7259969776585745,""limit_id"":13022,""obsRatio"":0.8969304014258866,""particles"":[""H1""],""process"":""LHC8 [vbfH>WW]"",""reference"":""CMS-PAS-HIG-13-022""},{""cite_key"":""CMS:2013cul"",""expRatio"":1.9963421062228168,""limit_id"":13003,""obsRatio"":0.704400015828114,""particles"":[""H1""],""process"":""LHC8 [H>WW]"",""reference"":""CMS-PAS-HIG-13-003""}]"	176.70917133250225	24.160302978160445	"[{""chisq"":9.365198449856031,""cite_key"":""CMS:2022kdi"",""collider"":""LHC13"",""experiment"":""CMS"",""luminosity"":138.0,""measurement_id"":220412957,""process"":""LHC13 [H>tautau]"",""reference"":""2204.12957"",""submeasurement"":""ggH 0 JetpTH [0,10]""},{""chisq"":7.1754724080632135,""cite_key"":""CMS:2022kdi"",""collider"":""LHC13"",""experiment"":""CMS"",""luminosity"":138.0,""measurement_id"":220412957,""process"":""LHC13 [H>tautau]"",""reference"":""2204.12957"",""submeasurement"":""ggH 0 JetpTH [10,200]""},{""chisq"":6.805916709245487,""cite_key"":""CMS:2021kom"",""collider"":""LHC13"",""experiment"":""CMS"",""luminosity"":137.0,""measurement_id"":210306956,""process"":""LHC13 [H>gamgam]"",""reference"":""2103.06956"",""submeasurement"":""ggH_0J_high_pTH""},{""chisq"":5.766674767950744,""cite_key"":""ATLAS:2016neq"",""collider"":""LHC8"",""experiment"":""LHCComb"",""luminosity"":25.0,""measurement_id"":160602266,""process"":""LHC8 [Htt,tchanHt,schanHt,HtW]>[WW]"",""reference"":""1606.02266"",""submeasurement"":""Htt_WW""},{""chisq"":5.742764075926083,""cite_key"":""CMS:2022kdi"",""collider"":""LHC13"",""experiment"":""CMS"",""luminosity"":138.0,""measurement_id"":220412957,""process"":""LHC13 [H>tautau]"",""reference"":""2204.12957"",""submeasurement"":""ggH 1 JetpTH [60,120]""}]"	False	0.9080883173644823	0.41877870990075816	0.0			0bef987d0fa4b14844916a6b726eb0bd048991aa5eeb5f319087b95f12e44580	h2_resonance	output/trsm_points_13.6-20260715-777-False_vxzero.dat	5057		True	0.0033644675199061354	0.00011160578862481297	0.0	True
62.18	195.7	244.4	0	-0.2564	0.3367	0.44946942801973877	-1.753559259021433	29.307759117703334	0.027690357509665278	-0.022489835693300937	0.0	-12.483172781209719	0.0	14.306317228185844	0.0	-0.8652000000000015	-221.3	0	0	False	3.19e-06	1.741545717918956e-07	True	True	1	1	False	195.7	5.664714e-12	6.327598597820878e-06	8.952391515401807e-07	lz2025-source	6.0738206029900786e-12	195.7	4.22e-06	False	0.121	True	True	True	nan	nan	nan	nan	nan	nan	False	"{""H1"":{""cite_key"":""CMS:2012qwq"",""expRatio"":3.818616554318899,""limit_id"":12045,""obsRatio"":0.7451564702479313,""particles"":[""H1""],""process"":""LHC8 [vbfH,HW,Htt,H,HZ]>[bb,tautau,WW,ZZ,gamgam]"",""reference"":""CMS-PAS-HIG-12-045""},""H2"":{""cite_key"":""LEPWorkingGroupforHiggsbosonsearches:2003ing"",""expRatio"":1.6490327614414615,""limit_id"":3060332,""obsRatio"":2.0981472139815094,""particles"":[""H2""],""process"":""LEP [eeHZ>bb]"",""reference"":""hep-ex/0306033""}}"	"[{""cite_key"":""LEPWorkingGroupforHiggsbosonsearches:2003ing"",""expRatio"":1.6490327614414615,""limit_id"":3060332,""obsRatio"":2.0981472139815094,""particles"":[""H2""],""process"":""LEP [eeHZ>bb]"",""reference"":""hep-ex/0306033""},{""cite_key"":""CMS:2013yea"",""expRatio"":0.8237762673580591,""limit_id"":13022,""obsRatio"":1.017731479474646,""particles"":[""H1""],""process"":""LHC8 [vbfH>WW]"",""reference"":""CMS-PAS-HIG-13-022""},{""cite_key"":""CMS:2013cul"",""expRatio"":2.265215006731558,""limit_id"":13003,""obsRatio"":0.7992705667140299,""particles"":[""H1""],""process"":""LHC8 [H>WW]"",""reference"":""CMS-PAS-HIG-13-003""},{""cite_key"":""ATLAS:2014vuz"",""expRatio"":1.2478583439295572,""limit_id"":14096212,""obsRatio"":0.7791680055392696,""particles"":[""H1""],""process"":""LHC8 [HW,HZ]>[bb]"",""reference"":""1409.6212""},{""cite_key"":""CMS:2013zmy"",""expRatio"":2.281874206516497,""limit_id"":13121129,""obsRatio"":0.7617721270832386,""particles"":[""H1""],""process"":""LHC8 [ggH,vbfH,HW,HZ]>[WW]"",""reference"":""1312.1129""}]"	154.81966117620152	2.2707928218597146	"[{""chisq"":10.232339659796217,""cite_key"":""CMS:2022kdi"",""collider"":""LHC13"",""experiment"":""CMS"",""luminosity"":138.0,""measurement_id"":220412957,""process"":""LHC13 [H>tautau]"",""reference"":""2204.12957"",""submeasurement"":""ggH 0 JetpTH [0,10]""},{""chisq"":8.50824617405959,""cite_key"":""CMS:2022kdi"",""collider"":""LHC13"",""experiment"":""CMS"",""luminosity"":138.0,""measurement_id"":220412957,""process"":""LHC13 [H>tautau]"",""reference"":""2204.12957"",""submeasurement"":""ggH 0 JetpTH [10,200]""},{""chisq"":6.4649972424556745,""cite_key"":""CMS:2022kdi"",""collider"":""LHC13"",""experiment"":""CMS"",""luminosity"":138.0,""measurement_id"":220412957,""process"":""LHC13 [vbfH>tautau]"",""reference"":""2204.12957"",""submeasurement"":""qqH \\geq 2Jet mjj [350,\\infty]pTH [200,\\infty]""},{""chisq"":5.463268661610469,""cite_key"":""ATLAS:2016neq"",""collider"":""LHC8"",""experiment"":""LHCComb"",""luminosity"":25.0,""measurement_id"":160602266,""process"":""LHC8 [Htt,tchanHt,schanHt,HtW]>[WW]"",""reference"":""1606.02266"",""submeasurement"":""Htt_WW""},{""chisq"":4.984221145246561,""cite_key"":""ATLAS:2016neq"",""collider"":""LHC8"",""experiment"":""LHCComb"",""luminosity"":25.0,""measurement_id"":160602266,""process"":""LHC8 [HZ>WW]"",""reference"":""1606.02266"",""submeasurement"":""HZ_WW""}]"	True	0.9673092039219727	-0.25359988960533736	0.0			62a3194edd5163f975ccdb1b38242a8db14376bd7b0bd5d8c3dc7a35c7b48599	h2_resonance	output/trsm_points_13.6-20260715-777-False_vxzero.dat	2945		True	0.0038176033516480155	0.00010476286319085972	0.0	True
19.53	177.0	157.3	0	0.4492	0.0419	-0.11753274962377738	-0.2596043866538649	19.173724330514073	0.012048196758232575	0.04742614024124257	0.0	39.789029813964596	0.0	-12.714377210899938	0.0	-4.156000000000001	-24.67	0	0	False	1.495e-05	3.398971363892712e-10	True	True	1	1	False	177.0	5.164649e-13	8.511074922200406e-09	6.0681512584602656e-05	lz2025-source	5.505771796057616e-12	177.0	0.00196	False	0.121	True	True	True	nan	nan	nan	nan	nan	nan	False	"{""H1"":{""cite_key"":""CMS:2012qwq"",""expRatio"":3.3115181431022926,""limit_id"":12045,""obsRatio"":0.6462023970134434,""particles"":[""H1""],""process"":""LHC8 [vbfH,HW,Htt,H,HZ]>[bb,tautau,WW,ZZ,gamgam]"",""reference"":""CMS-PAS-HIG-12-045""},""H2"":{""cite_key"":""OPAL:2002ifx"",""expRatio"":1.565041767102418,""limit_id"":206022,""obsRatio"":1.859982565293998,""particles"":[""H2""],""process"":""LEP [eeHZ>none]"",""reference"":""hep-ex/0206022""}}"	"[{""cite_key"":""OPAL:2002ifx"",""expRatio"":1.565041767102418,""limit_id"":206022,""obsRatio"":1.859982565293998,""particles"":[""H2""],""process"":""LEP [eeHZ>none]"",""reference"":""hep-ex/0206022""},{""cite_key"":""CMS:2013yea"",""expRatio"":0.7143817705728936,""limit_id"":13022,""obsRatio"":0.8825804348632105,""particles"":[""H1""],""process"":""LHC8 [vbfH>WW]"",""reference"":""CMS-PAS-HIG-13-022""},{""cite_key"":""CMS:2013cul"",""expRatio"":1.9644026799012009,""limit_id"":13003,""obsRatio"":0.6931303379826395,""particles"":[""H1""],""process"":""LHC8 [H>WW]"",""reference"":""CMS-PAS-HIG-13-003""},{""cite_key"":""ATLAS:2014vuz"",""expRatio"":1.082147287417644,""limit_id"":14096212,""obsRatio"":0.6756973239300106,""particles"":[""H1""],""process"":""LHC8 [HW,HZ]>[bb]"",""reference"":""1409.6212""},{""cite_key"":""CMS:2013zmy"",""expRatio"":1.978849598452108,""limit_id"":13121129,""obsRatio"":0.6606115549603048,""particles"":[""H1""],""process"":""LHC8 [ggH,vbfH,HW,HZ]>[WW]"",""reference"":""1312.1129""}]"	180.91074631606818	28.36187796172638	"[{""chisq"":9.264741572246658,""cite_key"":""CMS:2022kdi"",""collider"":""LHC13"",""experiment"":""CMS"",""luminosity"":138.0,""measurement_id"":220412957,""process"":""LHC13 [H>tautau]"",""reference"":""2204.12957"",""submeasurement"":""ggH 0 JetpTH [0,10]""},{""chisq"":7.24452490352173,""cite_key"":""CMS:2021kom"",""collider"":""LHC13"",""experiment"":""CMS"",""luminosity"":137.0,""measurement_id"":210306956,""process"":""LHC13 [H>gamgam]"",""reference"":""2103.06956"",""submeasurement"":""ggH_0J_high_pTH""},{""chisq"":7.024691746886773,""cite_key"":""CMS:2022kdi"",""collider"":""LHC13"",""experiment"":""CMS"",""luminosity"":138.0,""measurement_id"":220412957,""process"":""LHC13 [H>tautau]"",""reference"":""2204.12957"",""submeasurement"":""ggH 0 JetpTH [10,200]""},{""chisq"":5.8648044702456215,""cite_key"":""CMS:2022kdi"",""collider"":""LHC13"",""experiment"":""CMS"",""luminosity"":138.0,""measurement_id"":220412957,""process"":""LHC13 [H>tautau]"",""reference"":""2204.12957"",""submeasurement"":""ggH 1 JetpTH [60,120]""},{""chisq"":5.803238148002089,""cite_key"":""ATLAS:2016neq"",""collider"":""LHC8"",""experiment"":""LHCComb"",""luminosity"":25.0,""measurement_id"":160602266,""process"":""LHC8 [Htt,tchanHt,schanHt,HtW]>[WW]"",""reference"":""1606.02266"",""submeasurement"":""Htt_WW""}]"	False	0.9007947865997915	0.4342450373172227	0.0			1d38e5ebc57de14218586d1cbca7bade2cb10a05250c284c467c09f5cef00194	h2_resonance	output/trsm_points_13.6-20260715-777-False_vxzero.dat	6474		True	0.003310639490066685	nan	0.0	True
50.59	193.2	457.7	0	-0.1529	0.2695	-0.004349512953493869	0.015136247039896505	30.764090358437585	0.030340598968854913	-0.01736090979272301	0.0	-9.389069120782983	0.0	4.342611049565203	0.0	-0.001174999999999926	3.505	0	0	False	6.83e-10	4.870819325691542e-13	True	True	1	1	False	193.2	5.74985e-16	1.7047138490622048e-11	3.372912118455013e-05	lz2025-source	5.997951070479668e-12	193.2	1.49	True	0.121	True	True	True	nan	nan	nan	nan	nan	nan	True	"{""H1"":{""cite_key"":""CMS:2012qwq"",""expRatio"":3.9864148071401986,""limit_id"":12045,""obsRatio"":0.777900253764156,""particles"":[""H1""],""process"":""LHC8 [vbfH,HW,Htt,H,HZ]>[bb,tautau,WW,ZZ,gamgam]"",""reference"":""CMS-PAS-HIG-12-045""},""H2"":{""cite_key"":""LEPWorkingGroupforHiggsbosonsearches:2003ing"",""expRatio"":0.6517928565984559,""limit_id"":3060332,""obsRatio"":0.6200791922219009,""particles"":[""H2""],""process"":""LEP [eeHZ>bb]"",""reference"":""hep-ex/0306033""}}"	"[{""cite_key"":""CMS:2013yea"",""expRatio"":0.8599747744383256,""limit_id"":13022,""obsRatio"":1.0624527971738364,""particles"":[""H1""],""process"":""LHC8 [vbfH>WW]"",""reference"":""CMS-PAS-HIG-13-022""},{""cite_key"":""CMS:2013cul"",""expRatio"":2.3647534429655517,""limit_id"":13003,""obsRatio"":0.8343922404192406,""particles"":[""H1""],""process"":""LHC8 [H>WW]"",""reference"":""CMS-PAS-HIG-13-003""},{""cite_key"":""ATLAS:2014vuz"",""expRatio"":1.3026919327178945,""limit_id"":14096212,""obsRatio"":0.8134063293206596,""particles"":[""H1""],""process"":""LHC8 [HW,HZ]>[bb]"",""reference"":""1409.6212""},{""cite_key"":""CMS:2013zmy"",""expRatio"":2.382144683943302,""limit_id"":13121129,""obsRatio"":0.7952460384210924,""particles"":[""H1""],""process"":""LHC8 [ggH,vbfH,HW,HZ]>[WW]"",""reference"":""1312.1129""},{""cite_key"":""CMS:2013uhr"",""expRatio"":2.094351478525459,""limit_id"":13001,""obsRatio"":0.7894216550841154,""particles"":[""H1""],""process"":""LHC8 [vbfH,HW,Htt,H,HZ]>[gamgam]"",""reference"":""CMS-PAS-HIG-13-001""}]"	152.52059971282074	-0.02826864152106623	"[{""chisq"":10.563096990271633,""cite_key"":""CMS:2022kdi"",""collider"":""LHC13"",""experiment"":""CMS"",""luminosity"":138.0,""measurement_id"":220412957,""process"":""LHC13 [H>tautau]"",""reference"":""2204.12957"",""submeasurement"":""ggH 0 JetpTH [0,10]""},{""chisq"":9.030424670208157,""cite_key"":""CMS:2022kdi"",""collider"":""LHC13"",""experiment"":""CMS"",""luminosity"":138.0,""measurement_id"":220412957,""process"":""LHC13 [H>tautau]"",""reference"":""2204.12957"",""submeasurement"":""ggH 0 JetpTH [10,200]""},{""chisq"":7.166562761754802,""cite_key"":""CMS:2022kdi"",""collider"":""LHC13"",""experiment"":""CMS"",""luminosity"":138.0,""measurement_id"":220412957,""process"":""LHC13 [vbfH>tautau]"",""reference"":""2204.12957"",""submeasurement"":""qqH \\geq 2Jet mjj [350,\\infty]pTH [200,\\infty]""},{""chisq"":5.352946660960099,""cite_key"":""ATLAS:2016neq"",""collider"":""LHC8"",""experiment"":""LHCComb"",""luminosity"":25.0,""measurement_id"":160602266,""process"":""LHC8 [Htt,tchanHt,schanHt,HtW]>[WW]"",""reference"":""1606.02266"",""submeasurement"":""Htt_WW""},{""chisq"":4.904508448936655,""cite_key"":""ATLAS:2016neq"",""collider"":""LHC8"",""experiment"":""LHCComb"",""luminosity"":25.0,""measurement_id"":160602266,""process"":""LHC8 [HZ>WW]"",""reference"":""1606.02266"",""submeasurement"":""HZ_WW""}]"	True	0.9883335501798409	-0.15230493619351915	0.0			158d95ea347b955081144aa72c97aa65b78048e5416c97b8df9c3efc254265af	h2_resonance	output/trsm_points_13.6-20260715-777-False_vxzero.dat	3003		True	0.0039853570821572395	3.1612057641842696e-05	0.0	True
30.45	183.7	495.3	0	-0.06703	0.1896	-2.801513701394594	-0.10777005768468675	31.594842620493488	0.03190549845114171	-0.008296942026743342	0.0	-4.221380911083399	0.0	1.3373223913731573	0.0	-345.6000000000001	-3.5489999999999995	0	0	False	8.084e-06	1.3844544497475854e-06	True	True	1	1	False	183.7	3.681846e-10	4.183902435106976e-05	8.800028339823991e-06	lz2025-source	5.709444383669794e-12	183.7	4.99e-07	False	0.121	True	True	True	nan	nan	nan	nan	nan	nan	True	"{""H1"":{""cite_key"":""CMS:2012qwq"",""expRatio"":4.062773898451534,""limit_id"":12045,""obsRatio"":0.7928007995884125,""particles"":[""H1""],""process"":""LHC8 [vbfH,HW,Htt,H,HZ]>[bb,tautau,WW,ZZ,gamgam]"",""reference"":""CMS-PAS-HIG-12-045""},""H2"":{""cite_key"":""LEPWorkingGroupforHiggsbosonsearches:2003ing"",""expRatio"":0.2523537610595794,""limit_id"":3060332,""obsRatio"":0.22104187795926894,""particles"":[""H2""],""process"":""LEP [eeHZ>bb]"",""reference"":""hep-ex/0306033""}}"	"[{""cite_key"":""CMS:2013yea"",""expRatio"":0.8764474436169473,""limit_id"":13022,""obsRatio"":1.0828038981199968,""particles"":[""H1""],""process"":""LHC8 [vbfH>WW]"",""reference"":""CMS-PAS-HIG-13-022""},{""cite_key"":""CMS:2013cul"",""expRatio"":2.410049889225177,""limit_id"":13003,""obsRatio"":0.8503748805502984,""particles"":[""H1""],""process"":""LHC8 [H>WW]"",""reference"":""CMS-PAS-HIG-13-003""},{""cite_key"":""ATLAS:2014vuz"",""expRatio"":1.3276447730652603,""limit_id"":14096212,""obsRatio"":0.8289869879271259,""particles"":[""H1""],""process"":""LHC8 [HW,HZ]>[bb]"",""reference"":""1409.6212""},{""cite_key"":""CMS:2013zmy"",""expRatio"":2.4277742564384255,""limit_id"":13121129,""obsRatio"":0.8104788397728254,""particles"":[""H1""],""process"":""LHC8 [ggH,vbfH,HW,HZ]>[WW]"",""reference"":""1312.1129""},{""cite_key"":""CMS:2013uhr"",""expRatio"":2.1344684215742133,""limit_id"":13001,""obsRatio"":0.804542891372859,""particles"":[""H1""],""process"":""LHC8 [vbfH,HW,Htt,H,HZ]>[gamgam]"",""reference"":""CMS-PAS-HIG-13-001""}]"	152.60422187251632	0.05535351817451328	"[{""chisq"":10.715354854431167,""cite_key"":""CMS:2022kdi"",""collider"":""LHC13"",""experiment"":""CMS"",""luminosity"":138.0,""measurement_id"":220412957,""process"":""LHC13 [H>tautau]"",""reference"":""2204.12957"",""submeasurement"":""ggH 0 JetpTH [0,10]""},{""chisq"":9.273198055970077,""cite_key"":""CMS:2022kdi"",""collider"":""LHC13"",""experiment"":""CMS"",""luminosity"":138.0,""measurement_id"":220412957,""process"":""LHC13 [H>tautau]"",""reference"":""2204.12957"",""submeasurement"":""ggH 0 JetpTH [10,200]""},{""chisq"":7.4977803658966105,""cite_key"":""CMS:2022kdi"",""collider"":""LHC13"",""experiment"":""CMS"",""luminosity"":138.0,""measurement_id"":220412957,""process"":""LHC13 [vbfH>tautau]"",""reference"":""2204.12957"",""submeasurement"":""qqH \\geq 2Jet mjj [350,\\infty]pTH [200,\\infty]""},{""chisq"":5.303102637544,""cite_key"":""ATLAS:2016neq"",""collider"":""LHC8"",""experiment"":""LHCComb"",""luminosity"":25.0,""measurement_id"":160602266,""process"":""LHC8 [Htt,tchanHt,schanHt,HtW]>[WW]"",""reference"":""1606.02266"",""submeasurement"":""Htt_WW""},{""chisq"":4.868444719668101,""cite_key"":""ATLAS:2016neq"",""collider"":""LHC8"",""experiment"":""LHCComb"",""luminosity"":25.0,""measurement_id"":160602266,""process"":""LHC8 [HZ>WW]"",""reference"":""1606.02266"",""submeasurement"":""HZ_WW""}]"	True	0.9977543305589025	-0.06697981674322664	0.0			7b08e28aee6a721cc6cf8eac7b3e42abb75291615d4f75d865e2f867649eef2f	h2_resonance	output/trsm_points_13.6-20260715-777-False_vxzero.dat	8522		True	0.004061695912928098	4.029528597027324e-06	0.0	True
19.93	179.0	328.3	0	-0.1498	0.06702	-0.08559793223650476	0.12795577312464854	30.82649417323092	0.03037872741860432	-0.016272787345989744	0.0	-8.336216320575382	0.0	4.3898766506925195	0.0	-7.276	22.34	0	0	False	1.433e-06	7.353243071018022e-11	True	True	1	1	False	179.0	3.512546e-13	1.9544049927127093e-09	0.00017972457157534145	lz2025-source	5.5665873165723205e-12	179.0	0.00916	False	0.121	True	True	True	nan	nan	nan	nan	nan	nan	True	"{""H1"":{""cite_key"":""CMS:2012qwq"",""expRatio"":3.990186152030455,""limit_id"":12045,""obsRatio"":0.7786361857454209,""particles"":[""H1""],""process"":""LHC8 [vbfH,HW,Htt,H,HZ]>[bb,tautau,WW,ZZ,gamgam]"",""reference"":""CMS-PAS-HIG-12-045""},""H2"":{""cite_key"":""OPAL:2002ifx"",""expRatio"":0.17914459824737697,""limit_id"":206022,""obsRatio"":0.21183437266648797,""particles"":[""H2""],""process"":""LEP [eeHZ>none]"",""reference"":""hep-ex/0206022""}}"	"[{""cite_key"":""CMS:2013yea"",""expRatio"":0.8607883529614428,""limit_id"":13022,""obsRatio"":1.0634579298862128,""particles"":[""H1""],""process"":""LHC8 [vbfH>WW]"",""reference"":""CMS-PAS-HIG-13-022""},{""cite_key"":""CMS:2013cul"",""expRatio"":2.3669906162767362,""limit_id"":13003,""obsRatio"":0.8351816166042625,""particles"":[""H1""],""process"":""LHC8 [H>WW]"",""reference"":""CMS-PAS-HIG-13-003""},{""cite_key"":""ATLAS:2014vuz"",""expRatio"":1.3039243434934198,""limit_id"":14096212,""obsRatio"":0.8141758517994269,""particles"":[""H1""],""process"":""LHC8 [HW,HZ]>[bb]"",""reference"":""1409.6212""},{""cite_key"":""CMS:2013zmy"",""expRatio"":2.3843983102256323,""limit_id"":13121129,""obsRatio"":0.7959983803695833,""particles"":[""H1""],""process"":""LHC8 [ggH,vbfH,HW,HZ]>[WW]"",""reference"":""1312.1129""},{""cite_key"":""CMS:2013uhr"",""expRatio"":2.0963328382506914,""limit_id"":13001,""obsRatio"":0.7901684868788967,""particles"":[""H1""],""process"":""LHC8 [vbfH,HW,Htt,H,HZ]>[gamgam]"",""reference"":""CMS-PAS-HIG-13-001""}]"	152.5032918066263	-0.04557654771551256	"[{""chisq"":10.570591369125655,""cite_key"":""CMS:2022kdi"",""collider"":""LHC13"",""experiment"":""CMS"",""luminosity"":138.0,""measurement_id"":220412957,""process"":""LHC13 [H>tautau]"",""reference"":""2204.12957"",""submeasurement"":""ggH 0 JetpTH [0,10]""},{""chisq"":9.0423395554936,""cite_key"":""CMS:2022kdi"",""collider"":""LHC13"",""experiment"":""CMS"",""luminosity"":138.0,""measurement_id"":220412957,""process"":""LHC13 [H>tautau]"",""reference"":""2204.12957"",""submeasurement"":""ggH 0 JetpTH [10,200]""},{""chisq"":7.18274585734709,""cite_key"":""CMS:2022kdi"",""collider"":""LHC13"",""experiment"":""CMS"",""luminosity"":138.0,""measurement_id"":220412957,""process"":""LHC13 [vbfH>tautau]"",""reference"":""2204.12957"",""submeasurement"":""qqH \\geq 2Jet mjj [350,\\infty]pTH [200,\\infty]""},{""chisq"":5.350479597851467,""cite_key"":""ATLAS:2016neq"",""collider"":""LHC8"",""experiment"":""LHCComb"",""luminosity"":25.0,""measurement_id"":160602266,""process"":""LHC8 [Htt,tchanHt,schanHt,HtW]>[WW]"",""reference"":""1606.02266"",""submeasurement"":""Htt_WW""},{""chisq"":4.90272418107869,""cite_key"":""ATLAS:2016neq"",""collider"":""LHC8"",""experiment"":""LHCComb"",""luminosity"":25.0,""measurement_id"":160602266,""process"":""LHC8 [HZ>WW]"",""reference"":""1606.02266"",""submeasurement"":""HZ_WW""}]"	True	0.9888009457869162	-0.14924037527056772	0.0			924cf79cfd1dc21aec9d95a9dca1f5d24efac7fb7c582d0a89f44e3b6ae4d140	h2_resonance	output/trsm_points_13.6-20260715-777-False_vxzero.dat	1276		True	0.003989127426387529	nan	0.0	True
56.19	197.2	59.31	0	0.4489	0.4718	-0.003258416626202963	0.0066997472584673775	12.475050919333125	0.012245470098183282	0.017978859479321013	0.0	73.94667275590693	0.0	-57.642623401307205	0.0	-0.44730000000000003	0.005066000000000015	0	0	False	9.143e-12	2.1713758422926734e-13	True	True	1	1	False	197.2	2.958039e-16	8.053454643270643e-12	3.67300634451539e-05	lz2025-source	6.119331919188444e-12	197.2	3.41	True	0.121	True	True	True	nan	nan	nan	nan	nan	nan	False	"{""H1"":{""cite_key"":""CMS:2012qwq"",""expRatio"":3.3124757419614212,""limit_id"":12045,""obsRatio"":0.6463892607573233,""particles"":[""H1""],""process"":""LHC8 [vbfH,HW,Htt,H,HZ]>[bb,tautau,WW,ZZ,gamgam]"",""reference"":""CMS-PAS-HIG-12-045""},""H2"":{""cite_key"":""LEPWorkingGroupforHiggsbosonsearches:2003ing"",""expRatio"":4.27819354658564,""limit_id"":3060332,""obsRatio"":4.338846066813771,""particles"":[""H2""],""process"":""LEP [eeHZ>bb]"",""reference"":""hep-ex/0306033""}}"	"[{""cite_key"":""LEPWorkingGroupforHiggsbosonsearches:2003ing"",""expRatio"":4.27819354658564,""limit_id"":3060332,""obsRatio"":4.338846066813771,""particles"":[""H2""],""process"":""LEP [eeHZ>bb]"",""reference"":""hep-ex/0306033""},{""cite_key"":""CMS:2022goy"",""expRatio"":1.164714805541737,""limit_id"":2208027171,""obsRatio"":1.0772273138322654,""particles"":[""H2""],""process"":""2d likelihood {LHC13 [ggH>tautau], LHC13 [bbH>tautau]}"",""reference"":""2208.02717""},{""cite_key"":""CMS:2013yea"",""expRatio"":0.7145883498935925,""limit_id"":13022,""obsRatio"":0.8828356525552156,""particles"":[""H1""],""process"":""LHC8 [vbfH>WW]"",""reference"":""CMS-PAS-HIG-13-022""},{""cite_key"":""CMS:2013cul"",""expRatio"":1.9649707304701103,""limit_id"":13003,""obsRatio"":0.693330771980642,""particles"":[""H1""],""process"":""LHC8 [H>WW]"",""reference"":""CMS-PAS-HIG-13-003""},{""cite_key"":"""",""expRatio"":0.8373274655693763,""limit_id"":510022,""obsRatio"":0.6847569844393798,""particles"":[""H2""],""process"":""LEP [eeHZ]>[uu,dd,cc,ss,bb,gg]"",""reference"":""unpublished""}]"	180.83293413366258	28.28406577932077	"[{""chisq"":9.266523491204968,""cite_key"":""CMS:2022kdi"",""collider"":""LHC13"",""experiment"":""CMS"",""luminosity"":138.0,""measurement_id"":220412957,""process"":""LHC13 [H>tautau]"",""reference"":""2204.12957"",""submeasurement"":""ggH 0 JetpTH [0,10]""},{""chisq"":7.236582133613781,""cite_key"":""CMS:2021kom"",""collider"":""LHC13"",""experiment"":""CMS"",""luminosity"":137.0,""measurement_id"":210306956,""process"":""LHC13 [H>gamgam]"",""reference"":""2103.06956"",""submeasurement"":""ggH_0J_high_pTH""},{""chisq"":7.027359433621743,""cite_key"":""CMS:2022kdi"",""collider"":""LHC13"",""experiment"":""CMS"",""luminosity"":138.0,""measurement_id"":220412957,""process"":""LHC13 [H>tautau]"",""reference"":""2204.12957"",""submeasurement"":""ggH 0 JetpTH [10,200]""},{""chisq"":5.86262274410652,""cite_key"":""CMS:2022kdi"",""collider"":""LHC13"",""experiment"":""CMS"",""luminosity"":138.0,""measurement_id"":220412957,""process"":""LHC13 [H>tautau]"",""reference"":""2204.12957"",""submeasurement"":""ggH 1 JetpTH [60,120]""},{""chisq"":5.802586895046936,""cite_key"":""ATLAS:2016neq"",""collider"":""LHC8"",""experiment"":""LHCComb"",""luminosity"":25.0,""measurement_id"":160602266,""process"":""LHC8 [Htt,tchanHt,schanHt,HtW]>[WW]"",""reference"":""1606.02266"",""submeasurement"":""Htt_WW""}]"	False	0.9009250195732674	0.43397477934426987	0.0			920ac78907898a84616c6ee564eb20b518bf21d99dcca94113495bae85c9052c	h2_resonance	output/trsm_points_13.6-20260715-777-False_vxzero.dat	5176		True	0.003311596834843817	0.0002802805184099662	0.0	True
22.79	180.6	284.2	0	-0.2893	0.1827	0.0037668422773126055	-0.044625933377375325	28.640582272590812	0.026251900554694188	-0.022904407232639992	0.0	-12.579934424145298	0.0	10.338790556393471	0.0	-1.3649999999999998	-6.209999999999999	0	0	False	1.993e-07	5.857264527283963e-12	True	True	1	1	False	180.6	2.010553e-16	1.6320819621627156e-10	1.2318946269927292e-06	lz2025-source	5.615228803016031e-12	180.6	0.116	False	0.121	True	True	True	nan	nan	nan	nan	nan	nan	False	"{""H1"":{""cite_key"":""CMS:2012qwq"",""expRatio"":3.7489420051792997,""limit_id"":12045,""obsRatio"":0.7315603313414838,""particles"":[""H1""],""process"":""LHC8 [vbfH,HW,Htt,H,HZ]>[bb,tautau,WW,ZZ,gamgam]"",""reference"":""CMS-PAS-HIG-12-045""},""H2"":{""cite_key"":""LEPWorkingGroupforHiggsbosonsearches:2003ing"",""expRatio"":5.167041653835526,""limit_id"":3060332,""obsRatio"":4.2832967507109085,""particles"":[""H2""],""process"":""LEP [eeHZ>bb]"",""reference"":""hep-ex/0306033""}}"	"[{""cite_key"":""LEPWorkingGroupforHiggsbosonsearches:2003ing"",""expRatio"":5.167041653835526,""limit_id"":3060332,""obsRatio"":4.2832967507109085,""particles"":[""H2""],""process"":""LEP [eeHZ>bb]"",""reference"":""hep-ex/0306033""},{""cite_key"":"""",""expRatio"":2.788586079115857,""limit_id"":510022,""obsRatio"":3.4746465548040204,""particles"":[""H2""],""process"":""LEP [eeHZ]>[uu,dd,cc,ss,bb,gg]"",""reference"":""unpublished""},{""cite_key"":""CMS:2013yea"",""expRatio"":0.8087456301616748,""limit_id"":13022,""obsRatio"":0.9991619318468871,""particles"":[""H1""],""process"":""LHC8 [vbfH>WW]"",""reference"":""CMS-PAS-HIG-13-022""},{""cite_key"":""CMS:2013cul"",""expRatio"":2.223883851310947,""limit_id"":13003,""obsRatio"":0.7846870609903756,""particles"":[""H1""],""process"":""LHC8 [H>WW]"",""reference"":""CMS-PAS-HIG-13-003""},{""cite_key"":""ATLAS:2014vuz"",""expRatio"":1.225089897224678,""limit_id"":14096212,""obsRatio"":0.7649512915231559,""particles"":[""H1""],""process"":""LHC8 [HW,HZ]>[bb]"",""reference"":""1409.6212""}]"	156.66496168026828	4.116093325926471	"[{""chisq"":10.096545749888216,""cite_key"":""CMS:2022kdi"",""collider"":""LHC13"",""experiment"":""CMS"",""luminosity"":138.0,""measurement_id"":220412957,""process"":""LHC13 [H>tautau]"",""reference"":""2204.12957"",""submeasurement"":""ggH 0 JetpTH [0,10]""},{""chisq"":8.295991986375434,""cite_key"":""CMS:2022kdi"",""collider"":""LHC13"",""experiment"":""CMS"",""luminosity"":138.0,""measurement_id"":220412957,""process"":""LHC13 [H>tautau]"",""reference"":""2204.12957"",""submeasurement"":""ggH 0 JetpTH [10,200]""},{""chisq"":6.184301797152759,""cite_key"":""CMS:2022kdi"",""collider"":""LHC13"",""experiment"":""CMS"",""luminosity"":138.0,""measurement_id"":220412957,""process"":""LHC13 [vbfH>tautau]"",""reference"":""2204.12957"",""submeasurement"":""qqH \\geq 2Jet mjj [350,\\infty]pTH [200,\\infty]""},{""chisq"":5.509395967337326,""cite_key"":""ATLAS:2016neq"",""collider"":""LHC8"",""experiment"":""LHCComb"",""luminosity"":25.0,""measurement_id"":160602266,""process"":""LHC8 [Htt,tchanHt,schanHt,HtW]>[WW]"",""reference"":""1606.02266"",""submeasurement"":""Htt_WW""},{""chisq"":5.01750703301661,""cite_key"":""ATLAS:2016neq"",""collider"":""LHC8"",""experiment"":""LHCComb"",""luminosity"":25.0,""measurement_id"":160602266,""process"":""LHC8 [HZ>WW]"",""reference"":""1606.02266"",""submeasurement"":""HZ_WW""}]"	False	0.9584438072841837	-0.28528138438846395	0.0			d752300f6fb176abe6b8c8ddbdefed42f40a81d056583cead2c8ec34fdf8b326	h2_resonance	output/trsm_points_13.6-20260715-777-False_vxzero.dat	4055		True	0.003747947289423318	5.666681456541789e-05	0.0	True
35.02	186.9	416.9	0	0.2752	0.3593	0.04831813901332649	0.08726059491626631	27.97045896135664	0.025217453360781183	0.03315292621587517	0.0	19.407490464691953	0.0	-2.8490038055268405	0.0	0.7767	19.12	0	0	False	3.077e-07	1.6264030015866885e-11	True	True	1	1	False	186.9	7.772124e-14	5.168499982706224e-10	0.00015037484813786378	lz2025-source	5.806661956078095e-12	186.9	0.0432	False	0.121	True	True	True	nan	nan	nan	nan	nan	nan	False	"{""H1"":{""cite_key"":""CMS:2012qwq"",""expRatio"":3.7797262569171406,""limit_id"":12045,""obsRatio"":0.7375675027968761,""particles"":[""H1""],""process"":""LHC8 [vbfH,HW,Htt,H,HZ]>[bb,tautau,WW,ZZ,gamgam]"",""reference"":""CMS-PAS-HIG-12-045""},""H2"":{""cite_key"":""LEPWorkingGroupforHiggsbosonsearches:2003ing"",""expRatio"":3.5421475137662135,""limit_id"":3060332,""obsRatio"":3.8788014370818398,""particles"":[""H2""],""process"":""LEP [eeHZ>bb]"",""reference"":""hep-ex/0306033""}}"	"[{""cite_key"":""LEPWorkingGroupforHiggsbosonsearches:2003ing"",""expRatio"":3.5421475137662135,""limit_id"":3060332,""obsRatio"":3.8788014370818398,""particles"":[""H2""],""process"":""LEP [eeHZ>bb]"",""reference"":""hep-ex/0306033""},{""cite_key"":"""",""expRatio"":1.6297443597772323,""limit_id"":510022,""obsRatio"":2.129009147504842,""particles"":[""H2""],""process"":""LEP [eeHZ]>[uu,dd,cc,ss,bb,gg]"",""reference"":""unpublished""},{""cite_key"":""CMS:2013yea"",""expRatio"":0.8153866048783763,""limit_id"":13022,""obsRatio"":1.0073665006010446,""particles"":[""H1""],""process"":""LHC8 [vbfH>WW]"",""reference"":""CMS-PAS-HIG-13-022""},{""cite_key"":""CMS:2013cul"",""expRatio"":2.242145163494462,""limit_id"":13003,""obsRatio"":0.7911304799570014,""particles"":[""H1""],""process"":""LHC8 [H>WW]"",""reference"":""CMS-PAS-HIG-13-003""},{""cite_key"":""ATLAS:2014vuz"",""expRatio"":1.2351496622852063,""limit_id"":14096212,""obsRatio"":0.7712326511955386,""particles"":[""H1""],""process"":""LHC8 [HW,HZ]>[bb]"",""reference"":""1409.6212""}]"	155.78007301503916	3.231204660697358	"[{""chisq"":10.15643161552879,""cite_key"":""CMS:2022kdi"",""collider"":""LHC13"",""experiment"":""CMS"",""luminosity"":138.0,""measurement_id"":220412957,""process"":""LHC13 [H>tautau]"",""reference"":""2204.12957"",""submeasurement"":""ggH 0 JetpTH [0,10]""},{""chisq"":8.38944148890962,""cite_key"":""CMS:2022kdi"",""collider"":""LHC13"",""experiment"":""CMS"",""luminosity"":138.0,""measurement_id"":220412957,""process"":""LHC13 [H>tautau]"",""reference"":""2204.12957"",""submeasurement"":""ggH 0 JetpTH [10,200]""},{""chisq"":6.307553217094918,""cite_key"":""CMS:2022kdi"",""collider"":""LHC13"",""experiment"":""CMS"",""luminosity"":138.0,""measurement_id"":220412957,""process"":""LHC13 [vbfH>tautau]"",""reference"":""2204.12957"",""submeasurement"":""qqH \\geq 2Jet mjj [350,\\infty]pTH [200,\\infty]""},{""chisq"":5.4889925612518295,""cite_key"":""ATLAS:2016neq"",""collider"":""LHC8"",""experiment"":""LHCComb"",""luminosity"":25.0,""measurement_id"":160602266,""process"":""LHC8 [Htt,tchanHt,schanHt,HtW]>[WW]"",""reference"":""1606.02266"",""submeasurement"":""Htt_WW""},{""chisq"":5.002786832412287,""cite_key"":""ATLAS:2016neq"",""collider"":""LHC8"",""experiment"":""LHCComb"",""luminosity"":25.0,""measurement_id"":160602266,""process"":""LHC8 [HZ>WW]"",""reference"":""1606.02266"",""submeasurement"":""HZ_WW""}]"	True	0.9623708689927049	0.27173941656341655	0.0			8f0538767a044fe89cb4a5b84011dbaae741cd13cb6180c57656d030548d29d6	h2_resonance	output/trsm_points_13.6-20260715-777-False_vxzero.dat	4064		True	0.003778723373101958	7.461691043191267e-05	0.0	True
66.25	202.7	306.8	0	0.3791	0.4608	2.1251341086890534	4.217740478650619	24.20648644936676	0.020333610616107285	0.03949851452442455	0.0	30.56496600249639	0.0	-6.397454761524479	0.0	3.3870000000000005	697.8000000000001	0	0	False	4.948e-05	8.673011063148991e-06	True	True	1	1	False	202.7	1.022799e-10	0.0003459350217102114	2.956621723188222e-07	lz2025-source	6.286141076348484e-12	202.7	8.77e-08	False	0.121	True	True	True	nan	nan	nan	nan	nan	nan	False	"{""H1"":{""cite_key"":""CMS:2012qwq"",""expRatio"":3.5221273191268536,""limit_id"":12045,""obsRatio"":0.6873002103120293,""particles"":[""H1""],""process"":""LHC8 [vbfH,HW,Htt,H,HZ]>[bb,tautau,WW,ZZ,gamgam]"",""reference"":""CMS-PAS-HIG-12-045""},""H2"":{""cite_key"":""LEPWorkingGroupforHiggsbosonsearches:2003ing"",""expRatio"":3.2447686473641517,""limit_id"":3060332,""obsRatio"":5.289417384059371,""particles"":[""H2""],""process"":""LEP [eeHZ>bb]"",""reference"":""hep-ex/0306033""}}"	"[{""cite_key"":""LEPWorkingGroupforHiggsbosonsearches:2003ing"",""expRatio"":3.2447686473641517,""limit_id"":3060332,""obsRatio"":5.289417384059371,""particles"":[""H2""],""process"":""LEP [eeHZ>bb]"",""reference"":""hep-ex/0306033""},{""cite_key"":""LEPHiggsWorkingGroupforHiggsbosonsearches:2001rfu"",""expRatio"":1.8686988382337877,""limit_id"":107034,""obsRatio"":1.1503723706998359,""particles"":[""H2""],""process"":""LEP [eeHZ]>[uu,dd,cc,ss,bb,gg]"",""reference"":""hep-ex/0107034""},{""cite_key"":""CMS:2013yea"",""expRatio"":0.7598157224842597,""limit_id"":13022,""obsRatio"":0.9387116502542897,""particles"":[""H1""],""process"":""LHC8 [vbfH>WW]"",""reference"":""CMS-PAS-HIG-13-022""},{""cite_key"":""CMS:2013cul"",""expRatio"":2.089336686576113,""limit_id"":13003,""obsRatio"":0.7372127204585495,""particles"":[""H1""],""process"":""LHC8 [H>WW]"",""reference"":""CMS-PAS-HIG-13-003""},{""cite_key"":"""",""expRatio"":0.805890203687375,""limit_id"":510022,""obsRatio"":0.7363917181722835,""particles"":[""H2""],""process"":""LEP [eeHZ]>[uu,dd,cc,ss,bb,gg]"",""reference"":""unpublished""}]"	166.45852479598423	13.909656441642426	"[{""chisq"":9.660772538037866,""cite_key"":""CMS:2022kdi"",""collider"":""LHC13"",""experiment"":""CMS"",""luminosity"":138.0,""measurement_id"":220412957,""process"":""LHC13 [H>tautau]"",""reference"":""2204.12957"",""submeasurement"":""ggH 0 JetpTH [0,10]""},{""chisq"":7.623601442979426,""cite_key"":""CMS:2022kdi"",""collider"":""LHC13"",""experiment"":""CMS"",""luminosity"":138.0,""measurement_id"":220412957,""process"":""LHC13 [H>tautau]"",""reference"":""2204.12957"",""submeasurement"":""ggH 0 JetpTH [10,200]""},{""chisq"":5.6608467155757385,""cite_key"":""ATLAS:2016neq"",""collider"":""LHC8"",""experiment"":""LHCComb"",""luminosity"":25.0,""measurement_id"":160602266,""process"":""LHC8 [Htt,tchanHt,schanHt,HtW]>[WW]"",""reference"":""1606.02266"",""submeasurement"":""Htt_WW""},{""chisq"":5.619961750621496,""cite_key"":""CMS:2021kom"",""collider"":""LHC13"",""experiment"":""CMS"",""luminosity"":137.0,""measurement_id"":210306956,""process"":""LHC13 [H>gamgam]"",""reference"":""2103.06956"",""submeasurement"":""ggH_0J_high_pTH""},{""chisq"":5.394739116355853,""cite_key"":""CMS:2022kdi"",""collider"":""LHC13"",""experiment"":""CMS"",""luminosity"":138.0,""measurement_id"":220412957,""process"":""LHC13 [H>tautau]"",""reference"":""2204.12957"",""submeasurement"":""ggH 1 JetpTH [60,120]""}]"	False	0.9289980878447631	0.3700845211310166	0.0			cd47d230732b8941085a6c1ef9bef21448da67d1e758a5040b49edd8316229d3	h2_resonance	output/trsm_points_13.6-20260715-777-False_vxzero.dat	6832		True	0.0035211927846544432	0.0002352183258196639	0.0	True
38.54	190.0	422.7	0	0.4102	0.359	8.810600484226708e-05	4.010324751068761e-06	23.353231850429875	0.01796868735108541	0.03964035824673698	0.0	27.99966205845557	0.0	-1.8669010727504847	0.0	0.009600000000000001	0.005099	0	0	False	5.958e-14	1.1782137472622968e-16	True	True	1	1	False	190.0	2.544979e-19	3.927878271818e-15	6.479271565669138e-05	lz2025-source	5.900806040007866e-12	190.0	6060.0	True	0.121	True	True	True	nan	nan	nan	nan	nan	nan	False	"{""H1"":{""cite_key"":""CMS:2012qwq"",""expRatio"":3.4320451693070573,""limit_id"":12045,""obsRatio"":0.6697217769089305,""particles"":[""H1""],""process"":""LHC8 [vbfH,HW,Htt,H,HZ]>[bb,tautau,WW,ZZ,gamgam]"",""reference"":""CMS-PAS-HIG-12-045""},""H2"":{""cite_key"":""LEPWorkingGroupforHiggsbosonsearches:2003ing"",""expRatio"":6.516754730376237,""limit_id"":3060332,""obsRatio"":5.630331364862944,""particles"":[""H2""],""process"":""LEP [eeHZ>bb]"",""reference"":""hep-ex/0306033""}}"	"[{""cite_key"":""LEPWorkingGroupforHiggsbosonsearches:2003ing"",""expRatio"":6.516754730376237,""limit_id"":3060332,""obsRatio"":5.630331364862944,""particles"":[""H2""],""process"":""LEP [eeHZ>bb]"",""reference"":""hep-ex/0306033""},{""cite_key"":"""",""expRatio"":2.886667295491321,""limit_id"":510022,""obsRatio"":3.9535161329703654,""particles"":[""H2""],""process"":""LEP [eeHZ]>[uu,dd,cc,ss,bb,gg]"",""reference"":""unpublished""},{""cite_key"":""CMS:2013yea"",""expRatio"":0.7403826277813593,""limit_id"":13022,""obsRatio"":0.9147031020520177,""particles"":[""H1""],""process"":""LHC8 [vbfH>WW]"",""reference"":""CMS-PAS-HIG-13-022""},{""cite_key"":""CMS:2013cul"",""expRatio"":2.0358996800823195,""limit_id"":13003,""obsRatio"":0.7183577215569564,""particles"":[""H1""],""process"":""LHC8 [H>WW]"",""reference"":""CMS-PAS-HIG-13-003""},{""cite_key"":""ATLAS:2014vuz"",""expRatio"":1.1215334507517258,""limit_id"":14096212,""obsRatio"":0.7002902101980314,""particles"":[""H1""],""process"":""LHC8 [HW,HZ]>[bb]"",""reference"":""1409.6212""}]"	171.99105814406423	19.44218978972242	"[{""chisq"":9.490367064882271,""cite_key"":""CMS:2022kdi"",""collider"":""LHC13"",""experiment"":""CMS"",""luminosity"":138.0,""measurement_id"":220412957,""process"":""LHC13 [H>tautau]"",""reference"":""2204.12957"",""submeasurement"":""ggH 0 JetpTH [0,10]""},{""chisq"":7.3644365027264,""cite_key"":""CMS:2022kdi"",""collider"":""LHC13"",""experiment"":""CMS"",""luminosity"":138.0,""measurement_id"":220412957,""process"":""LHC13 [H>tautau]"",""reference"":""2204.12957"",""submeasurement"":""ggH 0 JetpTH [10,200]""},{""chisq"":6.2850259050011505,""cite_key"":""CMS:2021kom"",""collider"":""LHC13"",""experiment"":""CMS"",""luminosity"":137.0,""measurement_id"":210306956,""process"":""LHC13 [H>gamgam]"",""reference"":""2103.06956"",""submeasurement"":""ggH_0J_high_pTH""},{""chisq"":5.72154350541181,""cite_key"":""ATLAS:2016neq"",""collider"":""LHC8"",""experiment"":""LHCComb"",""luminosity"":25.0,""measurement_id"":160602266,""process"":""LHC8 [Htt,tchanHt,schanHt,HtW]>[WW]"",""reference"":""1606.02266"",""submeasurement"":""Htt_WW""},{""chisq"":5.593393512128738,""cite_key"":""CMS:2022kdi"",""collider"":""LHC13"",""experiment"":""CMS"",""luminosity"":138.0,""measurement_id"":220412957,""process"":""LHC13 [H>tautau]"",""reference"":""2204.12957"",""submeasurement"":""ggH 1 JetpTH [60,120]""}]"	False	0.9170410826091233	0.39879274417557686	0.0			2e76622939ee18553e8f65085f4136768a0957680e1f275aab1d88790ba59aa4	h2_resonance	output/trsm_points_13.6-20260715-777-False_vxzero.dat	8354		True	0.0034311345365470847	0.00017428760968056539	0.0	True
50.22	196.1	257.0	0	0.2707	0.1897	-0.0015477887255643127	-0.004059034031575552	27.872258188040355	0.025338260355842437	0.03449870465373238	0.0	21.59877905141977	0.0	-7.09721604893876	0.0	-0.04397000000000001	-0.5535000000000001	0	0	False	5.73e-11	6.036072813746528e-14	True	True	1	1	False	196.1	6.790167e-17	2.2058735326874246e-12	3.07822134831434e-05	lz2025-source	6.085957713033688e-12	196.1	12.2	True	0.121	True	True	True	nan	nan	nan	nan	nan	nan	False	"{""H1"":{""cite_key"":""CMS:2012qwq"",""expRatio"":3.789261037040009,""limit_id"":12045,""obsRatio"":0.7394280989054096,""particles"":[""H1""],""process"":""LHC8 [vbfH,HW,Htt,H,HZ]>[bb,tautau,WW,ZZ,gamgam]"",""reference"":""CMS-PAS-HIG-12-045""},""H2"":{""cite_key"":""LEPWorkingGroupforHiggsbosonsearches:2003ing"",""expRatio"":2.0254871600787143,""limit_id"":3060332,""obsRatio"":1.9342076531164565,""particles"":[""H2""],""process"":""LEP [eeHZ>bb]"",""reference"":""hep-ex/0306033""}}"	"[{""cite_key"":""LEPWorkingGroupforHiggsbosonsearches:2003ing"",""expRatio"":2.0254871600787143,""limit_id"":3060332,""obsRatio"":1.9342076531164565,""particles"":[""H2""],""process"":""LEP [eeHZ>bb]"",""reference"":""hep-ex/0306033""},{""cite_key"":""CMS:2013yea"",""expRatio"":0.8174435083322761,""limit_id"":13022,""obsRatio"":1.0099076947070458,""particles"":[""H1""],""process"":""LHC8 [vbfH>WW]"",""reference"":""CMS-PAS-HIG-13-022""},{""cite_key"":""CMS:2013cul"",""expRatio"":2.247801224194189,""limit_id"":13003,""obsRatio"":0.793126194636361,""particles"":[""H1""],""process"":""LHC8 [H>WW]"",""reference"":""CMS-PAS-HIG-13-003""},{""cite_key"":""ATLAS:2014vuz"",""expRatio"":1.238265464766186,""limit_id"":14096212,""obsRatio"":0.7731781713874493,""particles"":[""H1""],""process"":""LHC8 [HW,HZ]>[bb]"",""reference"":""1409.6212""},{""cite_key"":""CMS:2013zmy"",""expRatio"":2.2643323568060603,""limit_id"":13121129,""obsRatio"":0.7559160233029634,""particles"":[""H1""],""process"":""LHC8 [ggH,vbfH,HW,HZ]>[WW]"",""reference"":""1312.1129""}]"	155.5279133041982	2.9790449498563873	"[{""chisq"":10.175015930255471,""cite_key"":""CMS:2022kdi"",""collider"":""LHC13"",""experiment"":""CMS"",""luminosity"":138.0,""measurement_id"":220412957,""process"":""LHC13 [H>tautau]"",""reference"":""2204.12957"",""submeasurement"":""ggH 0 JetpTH [0,10]""},{""chisq"":8.418491682071203,""cite_key"":""CMS:2022kdi"",""collider"":""LHC13"",""experiment"":""CMS"",""luminosity"":138.0,""measurement_id"":220412957,""process"":""LHC13 [H>tautau]"",""reference"":""2204.12957"",""submeasurement"":""ggH 0 JetpTH [10,200]""},{""chisq"":6.345974395526837,""cite_key"":""CMS:2022kdi"",""collider"":""LHC13"",""experiment"":""CMS"",""luminosity"":138.0,""measurement_id"":220412957,""process"":""LHC13 [vbfH>tautau]"",""reference"":""2204.12957"",""submeasurement"":""qqH \\geq 2Jet mjj [350,\\infty]pTH [200,\\infty]""},{""chisq"":5.482680420308568,""cite_key"":""ATLAS:2016neq"",""collider"":""LHC8"",""experiment"":""LHCComb"",""luminosity"":25.0,""measurement_id"":160602266,""process"":""LHC8 [Htt,tchanHt,schanHt,HtW]>[WW]"",""reference"":""1606.02266"",""submeasurement"":""Htt_WW""},{""chisq"":4.9982318992963535,""cite_key"":""ATLAS:2016neq"",""collider"":""LHC8"",""experiment"":""LHCComb"",""luminosity"":25.0,""measurement_id"":160602266,""process"":""LHC8 [HZ>WW]"",""reference"":""1606.02266"",""submeasurement"":""HZ_WW""}]"	True	0.9635839482515965	0.26740601091199234	0.0			2cc930440e1ab29d54b3743fb7bba88ca39b36f0e1973c8a04b593f518317b1e	h2_resonance	output/trsm_points_13.6-20260715-777-False_vxzero.dat	7545		True	0.0037882556233387933	9.687438272474784e-05	0.0	True
387.3	940.3	296.8	0	0.3246	0.3287	0.007048732198747216	0.012986034904882126	26.22185719220435	0.06356501213705307	-0.02499441824840868	0.0	135.01168710769105	0.0	-90.49263292340957	0.0	0.20710000000000017	2.103	0	0	False	1.816e-13	1.8136187715328232e-13	True	False	0	0	False	nan	nan	nan	0.0	lz2025-source	2.8178539590757914e-11	940.3	18.8	True	0.121	True	True	True	nan	nan	nan	nan	nan	nan	False	"{""H1"":{""cite_key"":""CMS:2012qwq"",""expRatio"":3.665970794271395,""limit_id"":12045,""obsRatio"":0.7153695109821041,""particles"":[""H1""],""process"":""LHC8 [vbfH,HW,Htt,H,HZ]>[bb,tautau,WW,ZZ,gamgam]"",""reference"":""CMS-PAS-HIG-12-045""},""H2"":{""cite_key"":""ATLAS:2020tlo"",""expRatio"":4.3288880146283475,""limit_id"":2009147912,""obsRatio"":3.539106635065175,""particles"":[""H2""],""process"":""LHC13 [ggH>ZZ]"",""reference"":""2009.14791""}}"	"[{""cite_key"":""ATLAS:2023vdy"",""expRatio"":3.3151883316487174,""limit_id"":231115956,""obsRatio"":4.153342007840478,""particles"":[""H2"","">"",""H1"",""+"",""H1""],""process"":""LHC13 [H]->X1->(X2->[bb])(X3->[bb, tautau, gamgam])"",""reference"":""2311.15956""},{""cite_key"":""CMS:2024phk"",""expRatio"":3.287240051322369,""limit_id"":240316926,""obsRatio"":3.8986087888587893,""particles"":[""H2"","">"",""H1"",""+"",""H1""],""process"":""LHC13 [H]->X1->(X2->[bb])(X3->[bb, tautau, gamgam, WW])"",""reference"":""2403.16926""},{""cite_key"":""ATLAS:2022xzm"",""expRatio"":2.0757872675926508,""limit_id"":220910910,""obsRatio"":3.5845107729397605,""particles"":[""H2"","">"",""H1"",""+"",""H1""],""process"":""LHC13 [H]->X1->(X2->[tautau])(X3->[bb])"",""reference"":""2209.10910""},{""cite_key"":""ATLAS:2020tlo"",""expRatio"":4.3288880146283475,""limit_id"":2009147912,""obsRatio"":3.539106635065175,""particles"":[""H2""],""process"":""LHC13 [ggH>ZZ]"",""reference"":""2009.14791""},{""cite_key"":""CMS:2018amk"",""expRatio"":1.99445907923139,""limit_id"":1804019391,""obsRatio"":2.160140586769477,""particles"":[""H2""],""process"":""LHC13 [vbfH,H]>[ZZ]"",""reference"":""1804.01939""}]"	159.56958428954914	7.020715935207335	"[{""chisq"":9.936020260276527,""cite_key"":""CMS:2022kdi"",""collider"":""LHC13"",""experiment"":""CMS"",""luminosity"":138.0,""measurement_id"":220412957,""process"":""LHC13 [H>tautau]"",""reference"":""2204.12957"",""submeasurement"":""ggH 0 JetpTH [0,10]""},{""chisq"":8.04672869477672,""cite_key"":""CMS:2022kdi"",""collider"":""LHC13"",""experiment"":""CMS"",""luminosity"":138.0,""measurement_id"":220412957,""process"":""LHC13 [H>tautau]"",""reference"":""2204.12957"",""submeasurement"":""ggH 0 JetpTH [10,200]""},{""chisq"":5.858163557355165,""cite_key"":""CMS:2022kdi"",""collider"":""LHC13"",""experiment"":""CMS"",""luminosity"":138.0,""measurement_id"":220412957,""process"":""LHC13 [vbfH>tautau]"",""reference"":""2204.12957"",""submeasurement"":""qqH \\geq 2Jet mjj [350,\\infty]pTH [200,\\infty]""},{""chisq"":5.5645694694669485,""cite_key"":""ATLAS:2016neq"",""collider"":""LHC8"",""experiment"":""LHCComb"",""luminosity"":25.0,""measurement_id"":160602266,""process"":""LHC8 [Htt,tchanHt,schanHt,HtW]>[WW]"",""reference"":""1606.02266"",""submeasurement"":""Htt_WW""},{""chisq"":5.084973902258442,""cite_key"":""CMS:2022kdi"",""collider"":""LHC13"",""experiment"":""CMS"",""luminosity"":138.0,""measurement_id"":220412957,""process"":""LHC13 [H>tautau]"",""reference"":""2204.12957"",""submeasurement"":""ggH 1 JetpTH [60,120]""}]"	False	0.9477783741136955	0.31892970003184073	0.0			b5533bf451fa7ccb634701bec5fb49f125c443b1a6f9a2207f4abd9745ede85d	DD_boundary	output/trsm_points_13.6-20260715-777-False_vxzero.dat	2964		True	0.0036649980934654086	3.9133341188247135	0.0	False
278.1	426.9	459.4	0	-0.2565	0.3832	-0.006488858166967184	0.012793464808901766	29.061464763713026	0.03363752318314292	-0.04879178355184548	0.0	-45.05050024841339	0.0	65.55587589328843	0.0	-0.026489999999999903	3.045	0	0	False	3.981e-13	3.9886227248438506e-13	False	True	1	1	False	426.9	6.203904e-17	1.7159251706783729e-12	3.6154863312293235e-05	lz2025-source	1.3020710548043975e-11	426.9	3.95	True	0.121	True	True	True	nan	nan	nan	nan	nan	nan	False	"{""H1"":{""cite_key"":""CMS:2012qwq"",""expRatio"":3.8184162930743923,""limit_id"":12045,""obsRatio"":0.7451173917073234,""particles"":[""H1""],""process"":""LHC8 [vbfH,HW,Htt,H,HZ]>[bb,tautau,WW,ZZ,gamgam]"",""reference"":""CMS-PAS-HIG-12-045""},""H2"":{""cite_key"":""ATLAS:2020tlo"",""expRatio"":1.7586796732017447,""limit_id"":2009147912,""obsRatio"":2.883081431478271,""particles"":[""H2""],""process"":""LHC13 [ggH>ZZ]"",""reference"":""2009.14791""}}"	"[{""cite_key"":""ATLAS:2020tlo"",""expRatio"":1.7586796732017447,""limit_id"":2009147912,""obsRatio"":2.883081431478271,""particles"":[""H2""],""process"":""LHC13 [ggH>ZZ]"",""reference"":""2009.14791""},{""cite_key"":""CMS:2018amk"",""expRatio"":1.0643909828640217,""limit_id"":1804019391,""obsRatio"":1.210246930272262,""particles"":[""H2""],""process"":""LHC13 [vbfH,H]>[ZZ]"",""reference"":""1804.01939""},{""cite_key"":""CMS:2024phk"",""expRatio"":0.8881933856789278,""limit_id"":240316926,""obsRatio"":1.0753728570886212,""particles"":[""H2"","">"",""H1"",""+"",""H1""],""process"":""LHC13 [H]->X1->(X2->[bb])(X3->[bb, tautau, gamgam, WW])"",""reference"":""2403.16926""},{""cite_key"":""CMS:2013yea"",""expRatio"":0.8237330657277959,""limit_id"":13022,""obsRatio"":1.0176781061731492,""particles"":[""H1""],""process"":""LHC8 [vbfH>WW]"",""reference"":""CMS-PAS-HIG-13-022""},{""cite_key"":""CMS:2013cul"",""expRatio"":2.2650962111494746,""limit_id"":13003,""obsRatio"":0.7992286502460864,""particles"":[""H1""],""process"":""LHC8 [H>WW]"",""reference"":""CMS-PAS-HIG-13-003""}]"	154.82421604953043	2.2753476951886284	"[{""chisq"":10.231948055913302,""cite_key"":""CMS:2022kdi"",""collider"":""LHC13"",""experiment"":""CMS"",""luminosity"":138.0,""measurement_id"":220412957,""process"":""LHC13 [H>tautau]"",""reference"":""2204.12957"",""submeasurement"":""ggH 0 JetpTH [0,10]""},{""chisq"":8.50763226301658,""cite_key"":""CMS:2022kdi"",""collider"":""LHC13"",""experiment"":""CMS"",""luminosity"":138.0,""measurement_id"":220412957,""process"":""LHC13 [H>tautau]"",""reference"":""2204.12957"",""submeasurement"":""ggH 0 JetpTH [10,200]""},{""chisq"":6.464181531500363,""cite_key"":""CMS:2022kdi"",""collider"":""LHC13"",""experiment"":""CMS"",""luminosity"":138.0,""measurement_id"":220412957,""process"":""LHC13 [vbfH>tautau]"",""reference"":""2204.12957"",""submeasurement"":""qqH \\geq 2Jet mjj [350,\\infty]pTH [200,\\infty]""},{""chisq"":5.463400974943577,""cite_key"":""ATLAS:2016neq"",""collider"":""LHC8"",""experiment"":""LHCComb"",""luminosity"":25.0,""measurement_id"":160602266,""process"":""LHC8 [Htt,tchanHt,schanHt,HtW]>[WW]"",""reference"":""1606.02266"",""submeasurement"":""Htt_WW""},{""chisq"":4.984316659655484,""cite_key"":""ATLAS:2016neq"",""collider"":""LHC8"",""experiment"":""LHCComb"",""luminosity"":25.0,""measurement_id"":160602266,""process"":""LHC8 [HZ>WW]"",""reference"":""1606.02266"",""submeasurement"":""HZ_WW""}]"	True	0.9672838390965085	-0.25369661925756887	0.0			d3fd56d11ab3c7cd158eb913a10b56d01c1b886df13ef199a70a1cef20590265	DD_boundary	output/trsm_points_13.6-20260715-777-False_vxzero.dat	5206		True	0.0038174031435393033	0.5194378769168317	0.0	True
354.7	782.1	388.2	0	0.3169	0.4339	-1.6146460068864914	-2.35265195231159	26.67571150675891	0.05275032679564714	0.006462486913332573	0.0	108.51698941935587	0.0	-46.73115067880643	0.0	-46.410000000000025	-495.80000000000007	0	0	True	1.487e-08	1.4909137040800295e-08	False	False	0	0	False	nan	nan	nan	0.0	lz2025-source	2.3534257642916166e-11	782.1	0.000191	False	0.121	True	True	True	nan	nan	nan	nan	nan	nan	False	"{""H1"":{""cite_key"":""CMS:2012qwq"",""expRatio"":3.6847748666588602,""limit_id"":12045,""obsRatio"":0.7190388964800228,""particles"":[""H1""],""process"":""LHC8 [vbfH,HW,Htt,H,HZ]>[bb,tautau,WW,ZZ,gamgam]"",""reference"":""CMS-PAS-HIG-12-045""},""H2"":{""cite_key"":""ATLAS:2020tlo"",""expRatio"":3.7978262407710917,""limit_id"":2009147912,""obsRatio"":5.276902760796747,""particles"":[""H2""],""process"":""LHC13 [ggH>ZZ]"",""reference"":""2009.14791""}}"	"[{""cite_key"":""ATLAS:2020tlo"",""expRatio"":3.7978262407710917,""limit_id"":2009147912,""obsRatio"":5.276902760796747,""particles"":[""H2""],""process"":""LHC13 [ggH>ZZ]"",""reference"":""2009.14791""},{""cite_key"":""ATLAS:2023vdy"",""expRatio"":2.2694921008312274,""limit_id"":231115956,""obsRatio"":2.8521583402057242,""particles"":[""H2"","">"",""H1"",""+"",""H1""],""process"":""LHC13 [H]->X1->(X2->[bb])(X3->[bb, tautau, gamgam])"",""reference"":""2311.15956""},{""cite_key"":""CMS:2024phk"",""expRatio"":2.5194308412681354,""limit_id"":240316926,""obsRatio"":2.19680179489874,""particles"":[""H2"","">"",""H1"",""+"",""H1""],""process"":""LHC13 [H]->X1->(X2->[bb])(X3->[bb, tautau, gamgam, WW])"",""reference"":""2403.16926""},{""cite_key"":""ATLAS:2022xzm"",""expRatio"":1.1652333678676692,""limit_id"":220910910,""obsRatio"":1.8285543928280055,""particles"":[""H2"","">"",""H1"",""+"",""H1""],""process"":""LHC13 [H]->X1->(X2->[tautau])(X3->[bb])"",""reference"":""2209.10910""},{""cite_key"":""ATLAS:2018sbw"",""expRatio"":1.4112408146166242,""limit_id"":1808023801,""obsRatio"":1.7150391761481607,""particles"":[""H2""],""process"":""LHC13 [H]>[WW,ZZ]"",""reference"":""1808.02380""}]"	158.84370633183534	6.294837977493529	"[{""chisq"":9.972288016207187,""cite_key"":""CMS:2022kdi"",""collider"":""LHC13"",""experiment"":""CMS"",""luminosity"":138.0,""measurement_id"":220412957,""process"":""LHC13 [H>tautau]"",""reference"":""2204.12957"",""submeasurement"":""ggH 0 JetpTH [0,10]""},{""chisq"":8.102886962351787,""cite_key"":""CMS:2022kdi"",""collider"":""LHC13"",""experiment"":""CMS"",""luminosity"":138.0,""measurement_id"":220412957,""process"":""LHC13 [H>tautau]"",""reference"":""2204.12957"",""submeasurement"":""ggH 0 JetpTH [10,200]""},{""chisq"":5.9313034032290615,""cite_key"":""CMS:2022kdi"",""collider"":""LHC13"",""experiment"":""CMS"",""luminosity"":138.0,""measurement_id"":220412957,""process"":""LHC13 [vbfH>tautau]"",""reference"":""2204.12957"",""submeasurement"":""qqH \\geq 2Jet mjj [350,\\infty]pTH [200,\\infty]""},{""chisq"":5.552042138730249,""cite_key"":""ATLAS:2016neq"",""collider"":""LHC8"",""experiment"":""LHCComb"",""luminosity"":25.0,""measurement_id"":160602266,""process"":""LHC8 [Htt,tchanHt,schanHt,HtW]>[WW]"",""reference"":""1606.02266"",""submeasurement"":""Htt_WW""},{""chisq"":5.048258839228224,""cite_key"":""ATLAS:2016neq"",""collider"":""LHC8"",""experiment"":""LHCComb"",""luminosity"":25.0,""measurement_id"":160602266,""process"":""LHC8 [HZ>WW]"",""reference"":""1606.02266"",""submeasurement"":""HZ_WW""}]"	False	0.950206011785945	0.3116224240420587	0.0			dd608fa4881fa7944b701ed00e0caf5a05808c893dcab64c0b9ba7a464459a55	DD_boundary	output/trsm_points_13.6-20260715-777-False_vxzero.dat	1981		True	0.003683797176523338	2.492481435581744	0.0	False
401.4	688.9	355.2	0	0.3464	0.314	-0.005952036726167123	-0.009131606759076354	25.604482409949995	0.06786685843939054	-0.010708451820979292	0.0	146.84242605428494	0.0	-68.40889739975759	0.0	-0.138	-1.7739999999999998	0	0	False	1.67e-13	1.6769449752405411e-13	False	False	0	0	False	nan	nan	nan	0.0	lz2025-source	2.078857407322985e-11	688.9	15.0	True	0.121	True	True	True	nan	nan	nan	nan	nan	nan	False	"{""H1"":{""cite_key"":""ATLAS:2023vdy"",""expRatio"":3.947180736422666,""limit_id"":231115956,""obsRatio"":6.189140739213581,""particles"":[""H2"","">"",""H1"",""+"",""H1""],""process"":""LHC13 [H]->X1->(X2->[bb])(X3->[bb, tautau, gamgam])"",""reference"":""2311.15956""},""H2"":{""cite_key"":""ATLAS:2020tlo"",""expRatio"":4.9710659276170475,""limit_id"":2009147912,""obsRatio"":4.124927046320529,""particles"":[""H2""],""process"":""LHC13 [ggH>ZZ]"",""reference"":""2009.14791""}}"	"[{""cite_key"":""ATLAS:2023vdy"",""expRatio"":3.947180736422666,""limit_id"":231115956,""obsRatio"":6.189140739213581,""particles"":[""H2"","">"",""H1"",""+"",""H1""],""process"":""LHC13 [H]->X1->(X2->[bb])(X3->[bb, tautau, gamgam])"",""reference"":""2311.15956""},{""cite_key"":""CMS:2024phk"",""expRatio"":3.699200853029815,""limit_id"":240316926,""obsRatio"":5.584433138550319,""particles"":[""H2"","">"",""H1"",""+"",""H1""],""process"":""LHC13 [H]->X1->(X2->[bb])(X3->[bb, tautau, gamgam, WW])"",""reference"":""2403.16926""},{""cite_key"":""ATLAS:2022xzm"",""expRatio"":2.590513702463654,""limit_id"":220910910,""obsRatio"":4.629002919536121,""particles"":[""H2"","">"",""H1"",""+"",""H1""],""process"":""LHC13 [H]->X1->(X2->[tautau])(X3->[bb])"",""reference"":""2209.10910""},{""cite_key"":""ATLAS:2020tlo"",""expRatio"":4.9710659276170475,""limit_id"":2009147912,""obsRatio"":4.124927046320529,""particles"":[""H2""],""process"":""LHC13 [ggH>ZZ]"",""reference"":""2009.14791""},{""cite_key"":""ATLAS:2020fry"",""expRatio"":1.4074012216699046,""limit_id"":2004146361,""obsRatio"":3.230284695740635,""particles"":[""H2""],""process"":""LHC13 [H]>[WW,ZZ]"",""reference"":""2004.14636""}]"	161.94526523924944	9.396396884907631	"[{""chisq"":9.829720162062506,""cite_key"":""CMS:2022kdi"",""collider"":""LHC13"",""experiment"":""CMS"",""luminosity"":138.0,""measurement_id"":220412957,""process"":""LHC13 [H>tautau]"",""reference"":""2204.12957"",""submeasurement"":""ggH 0 JetpTH [0,10]""},{""chisq"":7.882668892443048,""cite_key"":""CMS:2022kdi"",""collider"":""LHC13"",""experiment"":""CMS"",""luminosity"":138.0,""measurement_id"":220412957,""process"":""LHC13 [H>tautau]"",""reference"":""2204.12957"",""submeasurement"":""ggH 0 JetpTH [10,200]""},{""chisq"":5.645649705508884,""cite_key"":""CMS:2022kdi"",""collider"":""LHC13"",""experiment"":""CMS"",""luminosity"":138.0,""measurement_id"":220412957,""process"":""LHC13 [vbfH>tautau]"",""reference"":""2204.12957"",""submeasurement"":""qqH \\geq 2Jet mjj [350,\\infty]pTH [200,\\infty]""},{""chisq"":5.6014977354535835,""cite_key"":""ATLAS:2016neq"",""collider"":""LHC8"",""experiment"":""LHCComb"",""luminosity"":25.0,""measurement_id"":160602266,""process"":""LHC8 [Htt,tchanHt,schanHt,HtW]>[WW]"",""reference"":""1606.02266"",""submeasurement"":""Htt_WW""},{""chisq"":5.20300598034648,""cite_key"":""CMS:2022kdi"",""collider"":""LHC13"",""experiment"":""CMS"",""luminosity"":138.0,""measurement_id"":220412957,""process"":""LHC13 [H>tautau]"",""reference"":""2204.12957"",""submeasurement"":""ggH 1 JetpTH [60,120]""}]"	False	0.9406010551592418	0.3395138510183657	0.0			7092f9d26bdd202c77fff8f004c1df09c66ddd87180705d78bb8389e787fbfff	DD_boundary	output/trsm_points_13.6-20260715-777-False_vxzero.dat	7		True	0.00360969980746405	4.970276506391558	0.0	False
357.8	644.6	340.9	0	-0.1744	0.1901	-0.009755559496583579	0.02975491129344933	30.498305391073384	0.035427979881471706	-0.041688546848215456	0.0	-47.566746884734215	0.0	83.4367280473957	0.0	-0.3017000000000002	5.203	0	0	False	9.063e-13	9.100995165480897e-13	False	False	0	0	False	nan	nan	nan	0.0	lz2025-source	1.9480642544293822e-11	644.6	2.59	True	0.121	True	True	True	nan	nan	nan	nan	nan	nan	False	"{""H1"":{""cite_key"":""CMS:2012qwq"",""expRatio"":3.958208609054275,""limit_id"":12045,""obsRatio"":0.7723961580515217,""particles"":[""H1""],""process"":""LHC8 [vbfH,HW,Htt,H,HZ]>[bb,tautau,WW,ZZ,gamgam]"",""reference"":""CMS-PAS-HIG-12-045""},""H2"":{""cite_key"":""ATLAS:2020tlo"",""expRatio"":1.415666953296768,""limit_id"":2009147912,""obsRatio"":1.8827536395478706,""particles"":[""H2""],""process"":""LHC13 [ggH>ZZ]"",""reference"":""2009.14791""}}"	"[{""cite_key"":""ATLAS:2020tlo"",""expRatio"":1.415666953296768,""limit_id"":2009147912,""obsRatio"":1.8827536395478706,""particles"":[""H2""],""process"":""LHC13 [ggH>ZZ]"",""reference"":""2009.14791""},{""cite_key"":""CMS:2013yea"",""expRatio"":0.853889953863894,""limit_id"":13022,""obsRatio"":1.0549353270901027,""particles"":[""H1""],""process"":""LHC8 [vbfH>WW]"",""reference"":""CMS-PAS-HIG-13-022""},{""cite_key"":""CMS:2013cul"",""expRatio"":2.348021440084872,""limit_id"":13003,""obsRatio"":0.8284884311185958,""particles"":[""H1""],""process"":""LHC8 [H>WW]"",""reference"":""CMS-PAS-HIG-13-003""},{""cite_key"":""ATLAS:2014vuz"",""expRatio"":1.2934746313388803,""limit_id"":14096212,""obsRatio"":0.807651007519208,""particles"":[""H1""],""process"":""LHC8 [HW,HZ]>[bb]"",""reference"":""1409.6212""},{""cite_key"":""CMS:2013zmy"",""expRatio"":2.365289627940528,""limit_id"":13121129,""obsRatio"":0.7896192112162128,""particles"":[""H1""],""process"":""LHC8 [ggH,vbfH,HW,HZ]>[WW]"",""reference"":""1312.1129""}]"	152.6974331614349	0.14856480709309494	"[{""chisq"":10.507130183432432,""cite_key"":""CMS:2022kdi"",""collider"":""LHC13"",""experiment"":""CMS"",""luminosity"":138.0,""measurement_id"":220412957,""process"":""LHC13 [H>tautau]"",""reference"":""2204.12957"",""submeasurement"":""ggH 0 JetpTH [0,10]""},{""chisq"":8.941561335382898,""cite_key"":""CMS:2022kdi"",""collider"":""LHC13"",""experiment"":""CMS"",""luminosity"":138.0,""measurement_id"":220412957,""process"":""LHC13 [H>tautau]"",""reference"":""2204.12957"",""submeasurement"":""ggH 0 JetpTH [10,200]""},{""chisq"":7.046106663377704,""cite_key"":""CMS:2022kdi"",""collider"":""LHC13"",""experiment"":""CMS"",""luminosity"":138.0,""measurement_id"":220412957,""process"":""LHC13 [vbfH>tautau]"",""reference"":""2204.12957"",""submeasurement"":""qqH \\geq 2Jet mjj [350,\\infty]pTH [200,\\infty]""},{""chisq"":5.371415435561276,""cite_key"":""ATLAS:2016neq"",""collider"":""LHC8"",""experiment"":""LHCComb"",""luminosity"":25.0,""measurement_id"":160602266,""process"":""LHC8 [Htt,tchanHt,schanHt,HtW]>[WW]"",""reference"":""1606.02266"",""submeasurement"":""Htt_WW""},{""chisq"":4.9178633300132795,""cite_key"":""ATLAS:2016neq"",""collider"":""LHC8"",""experiment"":""LHCComb"",""luminosity"":25.0,""measurement_id"":160602266,""process"":""LHC8 [HZ>WW]"",""reference"":""1606.02266"",""submeasurement"":""HZ_WW""}]"	True	0.9848308265304501	-0.17351727036623932	0.0			7ea165026caef8796702134471cc5a030645156df90b7817c4a1de25b8d303a1	DD_boundary	output/trsm_points_13.6-20260715-777-False_vxzero.dat	9073		True	0.00395715836808937	0.6845346262839056	0.0	True
507.1	871.3	176.5	0	0.422	0.1459	0.06941443708135926	0.14983568115580753	21.100581441603502	0.17735515338577582	-0.33166537964577	0.0	324.89983411489976	0.0	-346.89563352828685	0.0	2.373000000000001	15.559999999999999	0	0	False	1.951e-11	1.941585352965271e-11	True	False	0	0	False	nan	nan	nan	0.0	lz2025-source	2.6155240705234644e-11	871.3	0.163	True	0.121	True	True	True	nan	nan	nan	nan	nan	nan	False	"{""H1"":{""cite_key"":""ATLAS:2023vdy"",""expRatio"":8.942712974572258,""limit_id"":231115956,""obsRatio"":8.105681354949022,""particles"":[""H2"","">"",""H1"",""+"",""H1""],""process"":""LHC13 [H]->X1->(X2->[bb])(X3->[bb, tautau, gamgam])"",""reference"":""2311.15956""},""H2"":{""cite_key"":""ATLAS:2023vdy"",""expRatio"":8.942712974572258,""limit_id"":231115956,""obsRatio"":8.105681354949022,""particles"":[""H2"","">"",""H1"",""+"",""H1""],""process"":""LHC13 [H]->X1->(X2->[bb])(X3->[bb, tautau, gamgam])"",""reference"":""2311.15956""}}"	"[{""cite_key"":""CMS:2024phk"",""expRatio"":5.968272914053518,""limit_id"":240316926,""obsRatio"":8.638927479926808,""particles"":[""H2"","">"",""H1"",""+"",""H1""],""process"":""LHC13 [H]->X1->(X2->[bb])(X3->[bb, tautau, gamgam, WW])"",""reference"":""2403.16926""},{""cite_key"":""ATLAS:2023vdy"",""expRatio"":8.942712974572258,""limit_id"":231115956,""obsRatio"":8.105681354949022,""particles"":[""H2"","">"",""H1"",""+"",""H1""],""process"":""LHC13 [H]->X1->(X2->[bb])(X3->[bb, tautau, gamgam])"",""reference"":""2311.15956""},{""cite_key"":""ATLAS:2022xzm"",""expRatio"":6.829475382195651,""limit_id"":220910910,""obsRatio"":6.491296235866012,""particles"":[""H2"","">"",""H1"",""+"",""H1""],""process"":""LHC13 [H]->X1->(X2->[tautau])(X3->[bb])"",""reference"":""2209.10910""},{""cite_key"":""CMS:2021yci"",""expRatio"":2.363230517062886,""limit_id"":210610361,""obsRatio"":4.564529924041718,""particles"":[""H2"","">"",""H1"",""+"",""H1""],""process"":""LHC13 [ggH]->X1->(X2->[tautau])(X3->[bb])"",""reference"":""2106.10361""},{""cite_key"":""CMS:2018ipl"",""expRatio"":2.3122350607667044,""limit_id"":181109689,""obsRatio"":3.334997695640296,""particles"":[""H2"","">"",""H1"",""+"",""H1""],""process"":""LHC13 [H]->X1->(X2->[bb])(X3->[bb, tautau, WW, ZZ, gamgam])"",""reference"":""1811.09689""}]"	174.44389372654544	21.895025372203634	"[{""chisq"":9.423428615711988,""cite_key"":""CMS:2022kdi"",""collider"":""LHC13"",""experiment"":""CMS"",""luminosity"":138.0,""measurement_id"":220412957,""process"":""LHC13 [H>tautau]"",""reference"":""2204.12957"",""submeasurement"":""ggH 0 JetpTH [0,10]""},{""chisq"":7.2632316141535,""cite_key"":""CMS:2022kdi"",""collider"":""LHC13"",""experiment"":""CMS"",""luminosity"":138.0,""measurement_id"":220412957,""process"":""LHC13 [H>tautau]"",""reference"":""2204.12957"",""submeasurement"":""ggH 0 JetpTH [10,200]""},{""chisq"":6.560106253651679,""cite_key"":""CMS:2021kom"",""collider"":""LHC13"",""experiment"":""CMS"",""luminosity"":137.0,""measurement_id"":210306956,""process"":""LHC13 [H>gamgam]"",""reference"":""2103.06956"",""submeasurement"":""ggH_0J_high_pTH""},{""chisq"":5.745620704554455,""cite_key"":""ATLAS:2016neq"",""collider"":""LHC8"",""experiment"":""LHCComb"",""luminosity"":25.0,""measurement_id"":160602266,""process"":""LHC8 [Htt,tchanHt,schanHt,HtW]>[WW]"",""reference"":""1606.02266"",""submeasurement"":""Htt_WW""},{""chisq"":5.672906556868649,""cite_key"":""CMS:2022kdi"",""collider"":""LHC13"",""experiment"":""CMS"",""luminosity"":138.0,""measurement_id"":220412957,""process"":""LHC13 [H>tautau]"",""reference"":""2204.12957"",""submeasurement"":""ggH 1 JetpTH [60,120]""}]"	False	0.9122715937725977	0.4095858142021088	0.0			ddc64e3a746e7afe60b84c4f0561c6e878c295af09957396c76fa388ba26c0ef	DD_boundary	output/trsm_points_13.6-20260715-777-False_vxzero.dat	8002		True	0.0033955370000819337	18.453314418637426	0.0	False
243.2	417.4	138.8	0	0.2778	0.3848	1.0212125614687921	6.346380504606935	27.121775466532313	0.04131390649733714	-0.02827750439454503	0.0	70.18367650028706	0.0	-102.67835373708718	0.0	0.007199000000014166	458.0	0	0	False	1.409e-08	1.4011088217924928e-08	True	True	1	1	False	417.4	1.593785e-12	6.330371291446889e-08	2.5176801274727752e-05	lz2025-source	1.27373529253863e-11	417.4	0.00011	False	0.121	True	True	True	nan	nan	nan	nan	nan	nan	False	"{""H1"":{""cite_key"":""CMS:2012qwq"",""expRatio"":3.7741530125591924,""limit_id"":12045,""obsRatio"":0.7364799521003024,""particles"":[""H1""],""process"":""LHC8 [vbfH,HW,Htt,H,HZ]>[bb,tautau,WW,ZZ,gamgam]"",""reference"":""CMS-PAS-HIG-12-045""},""H2"":{""cite_key"":""ATLAS:2020tlo"",""expRatio"":2.629813973280013,""limit_id"":2009147912,""obsRatio"":1.466934772113597,""particles"":[""H2""],""process"":""LHC13 [ggH>ZZ]"",""reference"":""2009.14791""}}"	"[{""cite_key"":""CMS:2018amk"",""expRatio"":1.3946912249073689,""limit_id"":1804019391,""obsRatio"":2.2425079300057873,""particles"":[""H2""],""process"":""LHC13 [vbfH,H]>[ZZ]"",""reference"":""1804.01939""},{""cite_key"":""ATLAS:2020tlo"",""expRatio"":2.629813973280013,""limit_id"":2009147912,""obsRatio"":1.466934772113597,""particles"":[""H2""],""process"":""LHC13 [ggH>ZZ]"",""reference"":""2009.14791""},{""cite_key"":""CMS:2013yea"",""expRatio"":0.8141843091335802,""limit_id"":13022,""obsRatio"":1.005881128570309,""particles"":[""H1""],""process"":""LHC8 [vbfH>WW]"",""reference"":""CMS-PAS-HIG-13-022""},{""cite_key"":""CMS:2013fjq"",""expRatio"":0.6374463625173382,""limit_id"":13125353,""obsRatio"":0.9323087602509404,""particles"":[""H2""],""process"":""LHC8 [vbfH,HW,Htt,H,HZ]>[ZZ]"",""reference"":""1312.5353""},{""cite_key"":""ATLAS:2020tlo"",""expRatio"":0.8693839934225478,""limit_id"":2009147913,""obsRatio"":0.9199874510549673,""particles"":[""H2""],""process"":""LHC13 [vbfH>ZZ]"",""reference"":""2009.14791""}]"	155.93209698703197	3.3832286326901624	"[{""chisq"":10.145576627862848,""cite_key"":""CMS:2022kdi"",""collider"":""LHC13"",""experiment"":""CMS"",""luminosity"":138.0,""measurement_id"":220412957,""process"":""LHC13 [H>tautau]"",""reference"":""2204.12957"",""submeasurement"":""ggH 0 JetpTH [0,10]""},{""chisq"":8.372484398509528,""cite_key"":""CMS:2022kdi"",""collider"":""LHC13"",""experiment"":""CMS"",""luminosity"":138.0,""measurement_id"":220412957,""process"":""LHC13 [H>tautau]"",""reference"":""2204.12957"",""submeasurement"":""ggH 0 JetpTH [10,200]""},{""chisq"":6.285149388117512,""cite_key"":""CMS:2022kdi"",""collider"":""LHC13"",""experiment"":""CMS"",""luminosity"":138.0,""measurement_id"":220412957,""process"":""LHC13 [vbfH>tautau]"",""reference"":""2204.12957"",""submeasurement"":""qqH \\geq 2Jet mjj [350,\\infty]pTH [200,\\infty]""},{""chisq"":5.492683735702149,""cite_key"":""ATLAS:2016neq"",""collider"":""LHC8"",""experiment"":""LHCComb"",""luminosity"":25.0,""measurement_id"":160602266,""process"":""LHC8 [Htt,tchanHt,schanHt,HtW]>[WW]"",""reference"":""1606.02266"",""submeasurement"":""Htt_WW""},{""chisq"":5.005450220883779,""cite_key"":""ATLAS:2016neq"",""collider"":""LHC8"",""experiment"":""LHCComb"",""luminosity"":25.0,""measurement_id"":160602266,""process"":""LHC8 [HZ>WW]"",""reference"":""1606.02266"",""submeasurement"":""HZ_WW""}]"	True	0.9616610944939503	0.2742406595249829	0.0			4ace70478de4405613418da4bd3ebb9510c5080cee40711ee70bb6fb443114d7	DD_boundary	output/trsm_points_13.6-20260715-777-False_vxzero.dat	1737		True	0.003773151607506274	0.2619490424525583	0.0	True
31.84	659.6	145.6	0	-0.3693	0.05496	-0.08070226532727472	-0.07507606836254863	28.322396564271635	0.02565684943729767	-0.013100352800399362	0.0	-7.133773576864946	0.0	23.420046825797147	0.0	-11.23	-1.5140000000000002	0	0	False	1.661e-11	1.674146491293792e-11	False	False	0	0	False	nan	nan	nan	0.0	lz2025-source	1.992372683853769e-11	659.6	0.144	True	0.121	True	True	True	nan	nan	nan	nan	nan	nan	False	"{""H1"":{""cite_key"":""CMS:2012qwq"",""expRatio"":3.5493419044922736,""limit_id"":12045,""obsRatio"":0.6926108048903776,""particles"":[""H1""],""process"":""LHC8 [vbfH,HW,Htt,H,HZ]>[bb,tautau,WW,ZZ,gamgam]"",""reference"":""CMS-PAS-HIG-12-045""},""H2"":{""cite_key"":""LEPWorkingGroupforHiggsbosonsearches:2003ing"",""expRatio"":6.992153439296315,""limit_id"":3060332,""obsRatio"":6.561318874818015,""particles"":[""H2""],""process"":""LEP [eeHZ>bb]"",""reference"":""hep-ex/0306033""}}"	"[{""cite_key"":""LEPWorkingGroupforHiggsbosonsearches:2003ing"",""expRatio"":6.992153439296315,""limit_id"":3060332,""obsRatio"":6.561318874818015,""particles"":[""H2""],""process"":""LEP [eeHZ>bb]"",""reference"":""hep-ex/0306033""},{""cite_key"":"""",""expRatio"":3.283232253259704,""limit_id"":510022,""obsRatio"":4.204505583275125,""particles"":[""H2""],""process"":""LEP [eeHZ]>[uu,dd,cc,ss,bb,gg]"",""reference"":""unpublished""},{""cite_key"":""CMS:2013yea"",""expRatio"":0.7656866260513293,""limit_id"":13022,""obsRatio"":0.945964837326951,""particles"":[""H1""],""process"":""LHC8 [vbfH>WW]"",""reference"":""CMS-PAS-HIG-13-022""},{""cite_key"":""CMS:2013cul"",""expRatio"":2.1054804617613967,""limit_id"":13003,""obsRatio"":0.7429089763560695,""particles"":[""H1""],""process"":""LHC8 [H>WW]"",""reference"":""CMS-PAS-HIG-13-003""},{""cite_key"":""ATLAS:2014vuz"",""expRatio"":1.1598640104281153,""limit_id"":14096212,""obsRatio"":0.7242239730963161,""particles"":[""H1""],""process"":""LHC8 [HW,HZ]>[bb]"",""reference"":""1409.6212""}]"	164.9744332212914	12.4255648669496	"[{""chisq"":9.712551720442566,""cite_key"":""CMS:2022kdi"",""collider"":""LHC13"",""experiment"":""CMS"",""luminosity"":138.0,""measurement_id"":220412957,""process"":""LHC13 [H>tautau]"",""reference"":""2204.12957"",""submeasurement"":""ggH 0 JetpTH [0,10]""},{""chisq"":7.702778876643222,""cite_key"":""CMS:2022kdi"",""collider"":""LHC13"",""experiment"":""CMS"",""luminosity"":138.0,""measurement_id"":220412957,""process"":""LHC13 [H>tautau]"",""reference"":""2204.12957"",""submeasurement"":""ggH 0 JetpTH [10,200]""},{""chisq"":5.642570703518405,""cite_key"":""ATLAS:2016neq"",""collider"":""LHC8"",""experiment"":""LHCComb"",""luminosity"":25.0,""measurement_id"":160602266,""process"":""LHC8 [Htt,tchanHt,schanHt,HtW]>[WW]"",""reference"":""1606.02266"",""submeasurement"":""Htt_WW""},{""chisq"":5.4276312852753374,""cite_key"":""CMS:2021kom"",""collider"":""LHC13"",""experiment"":""CMS"",""luminosity"":137.0,""measurement_id"":210306956,""process"":""LHC13 [H>gamgam]"",""reference"":""2103.06956"",""submeasurement"":""ggH_0J_high_pTH""},{""chisq"":5.41466008435533,""cite_key"":""CMS:2022kdi"",""collider"":""LHC13"",""experiment"":""CMS"",""luminosity"":138.0,""measurement_id"":220412957,""process"":""LHC13 [vbfH>tautau]"",""reference"":""2204.12957"",""submeasurement"":""qqH \\geq 2Jet mjj [350,\\infty]pTH [200,\\infty]""}]"	False	0.9325802479675472	-0.3609627142805586	0.0			d35bf5e247357bd23ef7c5620075014df95e04c7112e6da1ad01812e7232f5bc	DD_boundary	output/trsm_points_13.6-20260715-777-False_vxzero.dat	5024		True	0.003548400149108785	0.00012150314766495312	0.0	True
236.8	996.0	456.8	0	0.3673	0.4017	-1.0439989145691504	-1.4612462205325336	25.061893688097726	0.03658505432688745	0.030054923846978103	0.0	67.05463048458213	0.0	-12.493219872300216	0.0	0.0012439999999713791	-357.59999999999997	0	0	True	2.906e-09	2.932470492752911e-09	False	False	0	0	False	nan	nan	nan	0.0	lz2025-source	2.980941079409984e-11	996.0	0.00123	False	0.121	True	True	True	nan	nan	nan	nan	nan	nan	False	"{""H1"":{""cite_key"":""CMS:2012qwq"",""expRatio"":3.554825025211415,""limit_id"":12045,""obsRatio"":0.6936807690574782,""particles"":[""H1""],""process"":""LHC8 [vbfH,HW,Htt,H,HZ]>[bb,tautau,WW,ZZ,gamgam]"",""reference"":""CMS-PAS-HIG-12-045""},""H2"":{""cite_key"":""ATLAS:2020tlo"",""expRatio"":4.6705297162498915,""limit_id"":2009147912,""obsRatio"":2.88628240891847,""particles"":[""H2""],""process"":""LHC13 [ggH>ZZ]"",""reference"":""2009.14791""}}"	"[{""cite_key"":""CMS:2018amk"",""expRatio"":2.3447888879587944,""limit_id"":1804019391,""obsRatio"":3.9423204315223033,""particles"":[""H2""],""process"":""LHC13 [vbfH,H]>[ZZ]"",""reference"":""1804.01939""},{""cite_key"":""ATLAS:2020tlo"",""expRatio"":4.6705297162498915,""limit_id"":2009147912,""obsRatio"":2.88628240891847,""particles"":[""H2""],""process"":""LHC13 [ggH>ZZ]"",""reference"":""2009.14791""},{""cite_key"":""ATLAS:2020tlo"",""expRatio"":1.4948149547631022,""limit_id"":2009147913,""obsRatio"":1.7915796884293063,""particles"":[""H2""],""process"":""LHC13 [vbfH>ZZ]"",""reference"":""2009.14791""},{""cite_key"":""CMS:2013fjq"",""expRatio"":1.093194467381222,""limit_id"":13125353,""obsRatio"":1.206480987195887,""particles"":[""H2""],""process"":""LHC8 [vbfH,HW,Htt,H,HZ]>[ZZ]"",""reference"":""1312.5353""},{""cite_key"":""CMS:2015hra"",""expRatio"":1.1405903999522737,""limit_id"":150400936,""obsRatio"":1.1850044837228435,""particles"":[""H2""],""process"":""LHC8 [vbfH,HW,Htt,H,HZ]>[WW,ZZ]"",""reference"":""1504.00936""}]"	164.68587949068544	12.13701113634363	"[{""chisq"":9.723000799555772,""cite_key"":""CMS:2022kdi"",""collider"":""LHC13"",""experiment"":""CMS"",""luminosity"":138.0,""measurement_id"":220412957,""process"":""LHC13 [H>tautau]"",""reference"":""2204.12957"",""submeasurement"":""ggH 0 JetpTH [0,10]""},{""chisq"":7.7187808391304715,""cite_key"":""CMS:2022kdi"",""collider"":""LHC13"",""experiment"":""CMS"",""luminosity"":138.0,""measurement_id"":220412957,""process"":""LHC13 [H>tautau]"",""reference"":""2204.12957"",""submeasurement"":""ggH 0 JetpTH [10,200]""},{""chisq"":5.638891931569245,""cite_key"":""ATLAS:2016neq"",""collider"":""LHC8"",""experiment"":""LHCComb"",""luminosity"":25.0,""measurement_id"":160602266,""process"":""LHC8 [Htt,tchanHt,schanHt,HtW]>[WW]"",""reference"":""1606.02266"",""submeasurement"":""Htt_WW""},{""chisq"":5.435119718993499,""cite_key"":""CMS:2022kdi"",""collider"":""LHC13"",""experiment"":""CMS"",""luminosity"":138.0,""measurement_id"":220412957,""process"":""LHC13 [vbfH>tautau]"",""reference"":""2204.12957"",""submeasurement"":""qqH \\geq 2Jet mjj [350,\\infty]pTH [200,\\infty]""},{""chisq"":5.389358536577377,""cite_key"":""CMS:2021kom"",""collider"":""LHC13"",""experiment"":""CMS"",""luminosity"":137.0,""measurement_id"":210306956,""process"":""LHC13 [H>gamgam]"",""reference"":""2103.06956"",""submeasurement"":""ggH_0J_high_pTH""}]"	False	0.9333003077549505	0.35909683310287566	0.0			b4306f92c4c5dc5dbb2c344f84092ace39732b78e86b7715f064465034fd0ff9	DD_boundary	output/trsm_points_13.6-20260715-777-False_vxzero.dat	7637		True	0.0035538818149783804	0.4003169788640798	0.0	False
891.9	1004.0	352.4	0	0.3208	0.2062	-0.002514149225366861	-0.0033920550087113387	26.484332439116205	0.22351412537262422	-0.20118063216044169	0.0	587.8901919252244	0.0	-339.2031123015022	0.0	-0.10500000000000001	-0.6646999999999998	0	0	False	2.437e-14	2.4074574524584233e-14	True	False	0	0	False	nan	nan	nan	0.0	lz2025-source	3.004347729927454e-11	1004.0	151.0	True	0.121	True	True	True	nan	nan	nan	nan	nan	nan	True	"{""H1"":{""cite_key"":""CMS:2012qwq"",""expRatio"":3.6752991824925947,""limit_id"":12045,""obsRatio"":0.7171898322270193,""particles"":[""H1""],""process"":""LHC8 [vbfH,HW,Htt,H,HZ]>[bb,tautau,WW,ZZ,gamgam]"",""reference"":""CMS-PAS-HIG-12-045""},""H2"":{""cite_key"":""CMS:2024phk"",""expRatio"":1.1314649292647752,""limit_id"":240316926,""obsRatio"":0.8612218265454961,""particles"":[""H2"","">"",""H1"",""+"",""H1""],""process"":""LHC13 [H]->X1->(X2->[bb])(X3->[bb, tautau, gamgam, WW])"",""reference"":""2403.16926""}}"	"[{""cite_key"":""CMS:2013yea"",""expRatio"":0.7928589317389299,""limit_id"":13022,""obsRatio"":0.9795347664011023,""particles"":[""H1""],""process"":""LHC8 [vbfH>WW]"",""reference"":""CMS-PAS-HIG-13-022""},{""cite_key"":""CMS:2024phk"",""expRatio"":1.1314649292647752,""limit_id"":240316926,""obsRatio"":0.8612218265454961,""particles"":[""H2"","">"",""H1"",""+"",""H1""],""process"":""LHC13 [H]->X1->(X2->[bb])(X3->[bb, tautau, gamgam, WW])"",""reference"":""2403.16926""},{""cite_key"":""ATLAS:2018sbw"",""expRatio"":0.6926756521685667,""limit_id"":1808023801,""obsRatio"":0.8221771798775391,""particles"":[""H2""],""process"":""LHC13 [H]>[WW,ZZ]"",""reference"":""1808.02380""},{""cite_key"":""CMS:2013cul"",""expRatio"":2.1801987038982467,""limit_id"":13003,""obsRatio"":0.7692729601541308,""particles"":[""H1""],""process"":""LHC8 [H>WW]"",""reference"":""CMS-PAS-HIG-13-003""},{""cite_key"":""ATLAS:2014vuz"",""expRatio"":1.2010246868394676,""limit_id"":14096212,""obsRatio"":0.7499248728034796,""particles"":[""H1""],""process"":""LHC8 [HW,HZ]>[bb]"",""reference"":""1409.6212""}]"	159.2045098663726	6.6556415120307975	"[{""chisq"":9.954003833771065,""cite_key"":""CMS:2022kdi"",""collider"":""LHC13"",""experiment"":""CMS"",""luminosity"":138.0,""measurement_id"":220412957,""process"":""LHC13 [H>tautau]"",""reference"":""2204.12957"",""submeasurement"":""ggH 0 JetpTH [0,10]""},{""chisq"":8.07456347027158,""cite_key"":""CMS:2022kdi"",""collider"":""LHC13"",""experiment"":""CMS"",""luminosity"":138.0,""measurement_id"":220412957,""process"":""LHC13 [H>tautau]"",""reference"":""2204.12957"",""submeasurement"":""ggH 0 JetpTH [10,200]""},{""chisq"":5.89439031425016,""cite_key"":""CMS:2022kdi"",""collider"":""LHC13"",""experiment"":""CMS"",""luminosity"":138.0,""measurement_id"":220412957,""process"":""LHC13 [vbfH>tautau]"",""reference"":""2204.12957"",""submeasurement"":""qqH \\geq 2Jet mjj [350,\\infty]pTH [200,\\infty]""},{""chisq"":5.558353173120428,""cite_key"":""ATLAS:2016neq"",""collider"":""LHC8"",""experiment"":""LHCComb"",""luminosity"":25.0,""measurement_id"":160602266,""process"":""LHC8 [Htt,tchanHt,schanHt,HtW]>[WW]"",""reference"":""1606.02266"",""submeasurement"":""Htt_WW""},{""chisq"":5.0652015469237766,""cite_key"":""CMS:2022kdi"",""collider"":""LHC13"",""experiment"":""CMS"",""luminosity"":138.0,""measurement_id"":220412957,""process"":""LHC13 [H>tautau]"",""reference"":""2204.12957"",""submeasurement"":""ggH 1 JetpTH [60,120]""}]"	False	0.9489834611054734	0.31532584820828824	0.0			8dd6b932236da566f8aa515711f9aead107b805749a5794208e78695f8296b6f	DD_boundary	output/trsm_points_13.6-20260715-777-False_vxzero.dat	7002		True	0.003674324006563032	50.927224272935305	0.0	False
288.2	415.3	231.9	0	0.4137	0.4988	0.07344584716084776	0.1707513097042821	22.22308493693555	0.05764943345335115	-0.026415461479486896	0.0	114.81983029285932	0.0	-77.41923404541714	0.0	0.3127000000000004	21.76	0	0	False	4.767e-11	4.704411949136439e-11	True	True	1	1	False	415.3	8.206372e-15	2.1489802834314913e-10	3.8187283816750835e-05	lz2025-source	1.2674696656351065e-11	415.3	0.0326	False	0.121	True	True	True	nan	nan	nan	nan	nan	nan	False	"{""H1"":{""cite_key"":""CMS:2024phk"",""expRatio"":3.7791192102284414,""limit_id"":240316926,""obsRatio"":5.411084871747113,""particles"":[""H2"","">"",""H1"",""+"",""H1""],""process"":""LHC13 [H]->X1->(X2->[bb])(X3->[bb, tautau, gamgam, WW])"",""reference"":""2403.16926""},""H2"":{""cite_key"":""CMS:2024phk"",""expRatio"":3.7791192102284414,""limit_id"":240316926,""obsRatio"":5.411084871747113,""particles"":[""H2"","">"",""H1"",""+"",""H1""],""process"":""LHC13 [H]->X1->(X2->[bb])(X3->[bb, tautau, gamgam, WW])"",""reference"":""2403.16926""}}"	"[{""cite_key"":""CMS:2024phk"",""expRatio"":3.7791192102284414,""limit_id"":240316926,""obsRatio"":5.411084871747113,""particles"":[""H2"","">"",""H1"",""+"",""H1""],""process"":""LHC13 [H]->X1->(X2->[bb])(X3->[bb, tautau, gamgam, WW])"",""reference"":""2403.16926""},{""cite_key"":""ATLAS:2020tlo"",""expRatio"":3.5218795165857975,""limit_id"":2009147912,""obsRatio"":4.3739471415662345,""particles"":[""H2""],""process"":""LHC13 [ggH>ZZ]"",""reference"":""2009.14791""},{""cite_key"":""ATLAS:2023vdy"",""expRatio"":2.335284081571919,""limit_id"":231115956,""obsRatio"":3.311206739149854,""particles"":[""H2"","">"",""H1"",""+"",""H1""],""process"":""LHC13 [H]->X1->(X2->[bb])(X3->[bb, tautau, gamgam])"",""reference"":""2311.15956""},{""cite_key"":""ATLAS:2021ifb"",""expRatio"":2.0797242271924716,""limit_id"":211211876,""obsRatio"":2.8082990443721068,""particles"":[""H2"","">"",""H1"",""+"",""H1""],""process"":""LHC13 [H]->X1->(X2->[gamgam])(X3->[bb])"",""reference"":""2112.11876""},{""cite_key"":""CMS:2018amk"",""expRatio"":1.9781011926567011,""limit_id"":1804019391,""obsRatio"":1.8181426315956126,""particles"":[""H2""],""process"":""LHC13 [vbfH,H]>[ZZ]"",""reference"":""1804.01939""}]"	172.6973388028829	20.148470448541104	"[{""chisq"":9.470638148538178,""cite_key"":""CMS:2022kdi"",""collider"":""LHC13"",""experiment"":""CMS"",""luminosity"":138.0,""measurement_id"":220412957,""process"":""LHC13 [H>tautau]"",""reference"":""2204.12957"",""submeasurement"":""ggH 0 JetpTH [0,10]""},{""chisq"":7.334572640126463,""cite_key"":""CMS:2022kdi"",""collider"":""LHC13"",""experiment"":""CMS"",""luminosity"":138.0,""measurement_id"":220412957,""process"":""LHC13 [H>tautau]"",""reference"":""2204.12957"",""submeasurement"":""ggH 0 JetpTH [10,200]""},{""chisq"":6.3652761071860855,""cite_key"":""CMS:2021kom"",""collider"":""LHC13"",""experiment"":""CMS"",""luminosity"":137.0,""measurement_id"":210306956,""process"":""LHC13 [H>gamgam]"",""reference"":""2103.06956"",""submeasurement"":""ggH_0J_high_pTH""},{""chisq"":5.728625957593964,""cite_key"":""ATLAS:2016neq"",""collider"":""LHC8"",""experiment"":""LHCComb"",""luminosity"":25.0,""measurement_id"":160602266,""process"":""LHC8 [Htt,tchanHt,schanHt,HtW]>[WW]"",""reference"":""1606.02266"",""submeasurement"":""Htt_WW""},{""chisq"":5.616741058151803,""cite_key"":""CMS:2022kdi"",""collider"":""LHC13"",""experiment"":""CMS"",""luminosity"":138.0,""measurement_id"":220412957,""process"":""LHC13 [H>tautau]"",""reference"":""2204.12957"",""submeasurement"":""ggH 1 JetpTH [60,120]""}]"	False	0.9156396939833165	0.4019999388086255	0.0			53efe4fc4e85f039af48b395ab912e813b35d03bd34c3c5ab4c091448829287e	DD_boundary	output/trsm_points_13.6-20260715-777-False_vxzero.dat	3661		True	0.003420655880727275	2.040442010289576	0.0	False
982.2	1035.0	455.9	0	0.4221	0.2421	9.638331419186257e-05	6.536993323077559e-05	22.963187014743674	0.37429820216601123	-0.06461928229543551	0.0	857.4057433997464	0.0	-121.97308268828192	0.0	0.004710000000000001	0.018450000000000005	0	0	False	4.204e-17	4.260479483693435e-17	False	False	0	0	False	nan	nan	nan	0.0	lz2025-source	3.095009476170686e-11	1035.0	87900.0	True	0.121	True	True	True	nan	nan	nan	nan	nan	nan	True	"{""H1"":{""cite_key"":""CMS:2012qwq"",""expRatio"":3.3961331758591515,""limit_id"":12045,""obsRatio"":0.6627139891678592,""particles"":[""H1""],""process"":""LHC8 [vbfH,HW,Htt,H,HZ]>[bb,tautau,WW,ZZ,gamgam]"",""reference"":""CMS-PAS-HIG-12-045""},""H2"":{""cite_key"":""CMS:2021klu"",""expRatio"":1.6284975722594568,""limit_id"":2109060552,""obsRatio"":0.8141351039257312,""particles"":[""H2""],""process"":""LHC13 [vbfH>WW]"",""reference"":""2109.06055""}}"	"[{""cite_key"":""CMS:2024phk"",""expRatio"":1.5362541686439182,""limit_id"":240316926,""obsRatio"":1.970698251497772,""particles"":[""H2"","">"",""H1"",""+"",""H1""],""process"":""LHC13 [H]->X1->(X2->[bb])(X3->[bb, tautau, gamgam, WW])"",""reference"":""2403.16926""},{""cite_key"":""ATLAS:2020tlo"",""expRatio"":0.7532576587778489,""limit_id"":2009147913,""obsRatio"":0.9690774870007146,""particles"":[""H2""],""process"":""LHC13 [vbfH>ZZ]"",""reference"":""2009.14791""},{""cite_key"":""CMS:2013yea"",""expRatio"":0.7326354639865439,""limit_id"":13022,""obsRatio"":0.9051318959089754,""particles"":[""H1""],""process"":""LHC8 [vbfH>WW]"",""reference"":""CMS-PAS-HIG-13-022""},{""cite_key"":""ATLAS:2020fry"",""expRatio"":1.5442369304859676,""limit_id"":2004146362,""obsRatio"":0.882776347224651,""particles"":[""H2""],""process"":""LHC13 [vbfH]>[WW,ZZ]"",""reference"":""2004.14636""},{""cite_key"":""CMS:2021klu"",""expRatio"":1.6284975722594568,""limit_id"":2109060552,""obsRatio"":0.8141351039257312,""particles"":[""H2""],""process"":""LHC13 [vbfH>WW]"",""reference"":""2109.06055""}]"	174.4655609471058	21.916692592764008	"[{""chisq"":9.422856244553621,""cite_key"":""CMS:2022kdi"",""collider"":""LHC13"",""experiment"":""CMS"",""luminosity"":138.0,""measurement_id"":220412957,""process"":""LHC13 [H>tautau]"",""reference"":""2204.12957"",""submeasurement"":""ggH 0 JetpTH [0,10]""},{""chisq"":7.262367718167647,""cite_key"":""CMS:2022kdi"",""collider"":""LHC13"",""experiment"":""CMS"",""luminosity"":138.0,""measurement_id"":220412957,""process"":""LHC13 [H>tautau]"",""reference"":""2204.12957"",""submeasurement"":""ggH 0 JetpTH [10,200]""},{""chisq"":6.562492753621528,""cite_key"":""CMS:2021kom"",""collider"":""LHC13"",""experiment"":""CMS"",""luminosity"":137.0,""measurement_id"":210306956,""process"":""LHC13 [H>gamgam]"",""reference"":""2103.06956"",""submeasurement"":""ggH_0J_high_pTH""},{""chisq"":5.745827158666941,""cite_key"":""ATLAS:2016neq"",""collider"":""LHC8"",""experiment"":""LHCComb"",""luminosity"":25.0,""measurement_id"":160602266,""process"":""LHC8 [Htt,tchanHt,schanHt,HtW]>[WW]"",""reference"":""1606.02266"",""submeasurement"":""Htt_WW""},{""chisq"":5.67359008943538,""cite_key"":""CMS:2022kdi"",""collider"":""LHC13"",""experiment"":""CMS"",""luminosity"":138.0,""measurement_id"":220412957,""process"":""LHC13 [H>tautau]"",""reference"":""2204.12957"",""submeasurement"":""ggH 1 JetpTH [60,120]""}]"	False	0.9122306306298879	0.409677039313405	0.0			46a799d29ec326441d26bd5fd2f2ada0f6baac3bd87a9c14d28f9e3b7c7f75b1	DD_boundary	output/trsm_points_13.6-20260715-777-False_vxzero.dat	9205		True	0.003395232071714364	109.69136192393333	0.0	False
272.2	417.9	261.7	0	-0.1155	0.3462	-0.1400968254361538	1.1564566610337694	31.21816116456399	0.03271234757170882	-0.020304416305119755	0.0	-21.70127141174336	0.0	39.98710819232852	0.0	0.32180000000000675	152.3	0	0	False	1.409e-10	1.3901123203351556e-10	True	True	1	1	False	417.9	3.350639e-14	6.26433660034369e-10	5.348753130245538e-05	lz2025-source	1.2752270046049775e-11	417.9	0.0111	False	0.121	True	True	True	nan	nan	nan	nan	nan	nan	True	"{""H1"":{""cite_key"":""CMS:2012qwq"",""expRatio"":4.02688184079869,""limit_id"":12045,""obsRatio"":0.785796902074723,""particles"":[""H1""],""process"":""LHC8 [vbfH,HW,Htt,H,HZ]>[bb,tautau,WW,ZZ,gamgam]"",""reference"":""CMS-PAS-HIG-12-045""},""H2"":{""cite_key"":""ATLAS:2020tlo"",""expRatio"":0.36031598421521116,""limit_id"":2009147912,""obsRatio"":0.39779733291669483,""particles"":[""H2""],""process"":""LHC13 [ggH>ZZ]"",""reference"":""2009.14791""}}"	"[{""cite_key"":""CMS:2013yea"",""expRatio"":0.8687045804987276,""limit_id"":13022,""obsRatio"":1.0732380052326622,""particles"":[""H1""],""process"":""LHC8 [vbfH>WW]"",""reference"":""CMS-PAS-HIG-13-022""},{""cite_key"":""CMS:2013cul"",""expRatio"":2.388758610967416,""limit_id"":13003,""obsRatio"":0.8428623521639971,""particles"":[""H1""],""process"":""LHC8 [H>WW]"",""reference"":""CMS-PAS-HIG-13-003""},{""cite_key"":""ATLAS:2014vuz"",""expRatio"":1.315915864706487,""limit_id"":14096212,""obsRatio"":0.8216634081494085,""particles"":[""H1""],""process"":""LHC8 [HW,HZ]>[bb]"",""reference"":""1409.6212""},{""cite_key"":""CMS:2013zmy"",""expRatio"":2.4063263945199003,""limit_id"":13121129,""obsRatio"":0.8033187678685969,""particles"":[""H1""],""process"":""LHC8 [ggH,vbfH,HW,HZ]>[WW]"",""reference"":""1312.1129""},{""cite_key"":""CMS:2013uhr"",""expRatio"":2.1156117326320807,""limit_id"":13001,""obsRatio"":0.7974352598474259,""particles"":[""H1""],""process"":""LHC8 [vbfH,HW,Htt,H,HZ]>[gamgam]"",""reference"":""CMS-PAS-HIG-13-001""}]"	152.53843873434383	-0.010429619997978534	"[{""chisq"":10.643651410906392,""cite_key"":""CMS:2022kdi"",""collider"":""LHC13"",""experiment"":""CMS"",""luminosity"":138.0,""measurement_id"":220412957,""process"":""LHC13 [H>tautau]"",""reference"":""2204.12957"",""submeasurement"":""ggH 0 JetpTH [0,10]""},{""chisq"":9.158683040000623,""cite_key"":""CMS:2022kdi"",""collider"":""LHC13"",""experiment"":""CMS"",""luminosity"":138.0,""measurement_id"":220412957,""process"":""LHC13 [H>tautau]"",""reference"":""2204.12957"",""submeasurement"":""ggH 0 JetpTH [10,200]""},{""chisq"":7.341162123103533,""cite_key"":""CMS:2022kdi"",""collider"":""LHC13"",""experiment"":""CMS"",""luminosity"":138.0,""measurement_id"":220412957,""process"":""LHC13 [vbfH>tautau]"",""reference"":""2204.12957"",""submeasurement"":""qqH \\geq 2Jet mjj [350,\\infty]pTH [200,\\infty]""},{""chisq"":5.326503416049683,""cite_key"":""ATLAS:2016neq"",""collider"":""LHC8"",""experiment"":""LHCComb"",""luminosity"":25.0,""measurement_id"":160602266,""process"":""LHC8 [Htt,tchanHt,schanHt,HtW]>[WW]"",""reference"":""1606.02266"",""submeasurement"":""Htt_WW""},{""chisq"":4.885379803405707,""cite_key"":""ATLAS:2016neq"",""collider"":""LHC8"",""experiment"":""LHCComb"",""luminosity"":25.0,""measurement_id"":160602266,""process"":""LHC8 [HZ>WW]"",""reference"":""1606.02266"",""submeasurement"":""HZ_WW""}]"	True	0.9933372867980641	-0.11524337142178945	0.0			956aaa62bcdd07cac25bfae891175ac2261452c11707332ec3c63e67c5033f06	DD_boundary	output/trsm_points_13.6-20260715-777-False_vxzero.dat	474		True	0.004025813378600826	0.10139338616083794	0.0	True
737.9	983.7	378.0	0	0.3021	0.374	0.5776327201465824	0.910886271351136	27.13064100652627	0.1431869164437331	-0.09899420545271236	0.0	381.7411551910054	0.0	-206.50231458770378	0.0	16.609999999999978	185.5	0	0	False	7e-10	6.905782239567855e-10	True	False	0	0	False	nan	nan	nan	0.0	lz2025-source	2.94494515340249e-11	983.7	0.00516	False	0.121	True	True	True	nan	nan	nan	nan	nan	nan	True	"{""H1"":{""cite_key"":""CMS:2012qwq"",""expRatio"":3.7198189503162835,""limit_id"":12045,""obsRatio"":0.7258773222056182,""particles"":[""H1""],""process"":""LHC8 [vbfH,HW,Htt,H,HZ]>[bb,tautau,WW,ZZ,gamgam]"",""reference"":""CMS-PAS-HIG-12-045""},""H2"":{""cite_key"":""ATLAS:2022xzm"",""expRatio"":1.0283391832759288,""limit_id"":220910910,""obsRatio"":0.6499851841163619,""particles"":[""H2"","">"",""H1"",""+"",""H1""],""process"":""LHC13 [H]->X1->(X2->[tautau])(X3->[bb])"",""reference"":""2209.10910""}}"	"[{""cite_key"":""ATLAS:2020tlo"",""expRatio"":0.7795437470668435,""limit_id"":2009147911,""obsRatio"":1.0861865135976023,""particles"":[""H2""],""process"":""LHC13 [ggH>ZZ]"",""reference"":""2009.14791""},{""cite_key"":""CMS:2013yea"",""expRatio"":0.8024630194077922,""limit_id"":13022,""obsRatio"":0.9914001025846548,""particles"":[""H1""],""process"":""LHC8 [vbfH>WW]"",""reference"":""CMS-PAS-HIG-13-022""},{""cite_key"":""CMS:2024phk"",""expRatio"":0.9934368943903185,""limit_id"":240316926,""obsRatio"":0.9877063026421876,""particles"":[""H2"","">"",""H1"",""+"",""H1""],""process"":""LHC13 [H]->X1->(X2->[bb])(X3->[bb, tautau, gamgam, WW])"",""reference"":""2403.16926""},{""cite_key"":""ATLAS:2018sbw"",""expRatio"":1.0089817594053223,""limit_id"":1808023801,""obsRatio"":0.9198679960044273,""particles"":[""H2""],""process"":""LHC13 [H]>[WW,ZZ]"",""reference"":""1808.02380""},{""cite_key"":""CMS:2018amk"",""expRatio"":0.5437107621341346,""limit_id"":1804019391,""obsRatio"":0.8419569204769921,""particles"":[""H2""],""process"":""LHC13 [vbfH,H]>[ZZ]"",""reference"":""1804.01939""}]"	157.59686505945967	5.047996705117868	"[{""chisq"":10.040054479296845,""cite_key"":""CMS:2022kdi"",""collider"":""LHC13"",""experiment"":""CMS"",""luminosity"":138.0,""measurement_id"":220412957,""process"":""LHC13 [H>tautau]"",""reference"":""2204.12957"",""submeasurement"":""ggH 0 JetpTH [0,10]""},{""chisq"":8.208067038455125,""cite_key"":""CMS:2022kdi"",""collider"":""LHC13"",""experiment"":""CMS"",""luminosity"":138.0,""measurement_id"":220412957,""process"":""LHC13 [H>tautau]"",""reference"":""2204.12957"",""submeasurement"":""ggH 0 JetpTH [10,200]""},{""chisq"":6.068820590657223,""cite_key"":""CMS:2022kdi"",""collider"":""LHC13"",""experiment"":""CMS"",""luminosity"":138.0,""measurement_id"":220412957,""process"":""LHC13 [vbfH>tautau]"",""reference"":""2204.12957"",""submeasurement"":""qqH \\geq 2Jet mjj [350,\\infty]pTH [200,\\infty]""},{""chisq"":5.5287318698865215,""cite_key"":""ATLAS:2016neq"",""collider"":""LHC8"",""experiment"":""LHCComb"",""luminosity"":25.0,""measurement_id"":160602266,""process"":""LHC8 [Htt,tchanHt,schanHt,HtW]>[WW]"",""reference"":""1606.02266"",""submeasurement"":""Htt_WW""},{""chisq"":5.031452598178228,""cite_key"":""ATLAS:2016neq"",""collider"":""LHC8"",""experiment"":""LHCComb"",""luminosity"":25.0,""measurement_id"":160602266,""process"":""LHC8 [HZ>WW]"",""reference"":""1606.02266"",""submeasurement"":""HZ_WW""}]"	False	0.9547137906315681	0.29752576019212557	0.0			0eb2e9e2718a0f420e06c151479abef0a07551e156f18ab45799aa108e9e68c8	DD_boundary	output/trsm_points_13.6-20260715-777-False_vxzero.dat	7325		True	0.003718831961850159	25.88394892435046	0.0	False
129.4	358.8	349.3	0	0.09719	0.1272	-1.3538085711615007e-05	0.00016431155147666768	31.335264403257966	0.03174052699359294	0.012255958439058514	0.0	10.030031021781419	0.0	-5.824901856167358	0.0	-0.004442	0.028399999999999998	0	0	False	6.297e-17	6.211801759495864e-17	True	True	1	1	False	358.8	4.851e-22	4.538332093403509e-16	1.0688948935779637e-06	lz2025-source	1.098616178952161e-11	358.8	21400.0	True	0.121	True	True	True	nan	nan	nan	nan	nan	nan	True	"{""H1"":{""cite_key"":""CMS:2012qwq"",""expRatio"":4.042654584339514,""limit_id"":12045,""obsRatio"":0.7888747607012231,""particles"":[""H1""],""process"":""LHC8 [vbfH,HW,Htt,H,HZ]>[bb,tautau,WW,ZZ,gamgam]"",""reference"":""CMS-PAS-HIG-12-045""},""H2"":{""cite_key"":""CMS:2013zmy"",""expRatio"":2.4459679345653518,""limit_id"":13121129,""obsRatio"":0.8162872728968606,""particles"":[""H1"",""H2""],""process"":""LHC8 [ggH,vbfH,HW,HZ]>[WW]"",""reference"":""1312.1129""}}"	"[{""cite_key"":""CMS:2013yea"",""expRatio"":0.8827071966150162,""limit_id"":13022,""obsRatio"":1.0876171892290696,""particles"":[""H1"",""H2""],""process"":""LHC8 [vbfH>WW]"",""reference"":""CMS-PAS-HIG-13-022""},{""cite_key"":""CMS:2013cul"",""expRatio"":2.4265547807298216,""limit_id"":13003,""obsRatio"":0.8558512126064128,""particles"":[""H1"",""H2""],""process"":""LHC8 [H>WW]"",""reference"":""CMS-PAS-HIG-13-003""},{""cite_key"":""ATLAS:2014vuz"",""expRatio"":1.3302478005076246,""limit_id"":14096212,""obsRatio"":0.8299465548107982,""particles"":[""H1"",""H2""],""process"":""LHC8 [HW,HZ]>[bb]"",""reference"":""1409.6212""},{""cite_key"":""CMS:2013zmy"",""expRatio"":2.4459679345653518,""limit_id"":13121129,""obsRatio"":0.8162872728968606,""particles"":[""H1"",""H2""],""process"":""LHC8 [ggH,vbfH,HW,HZ]>[WW]"",""reference"":""1312.1129""},{""cite_key"":""CMS:2013uhr"",""expRatio"":2.123898293452586,""limit_id"":13001,""obsRatio"":0.8005587043241305,""particles"":[""H1""],""process"":""LHC8 [vbfH,HW,Htt,H,HZ]>[gamgam]"",""reference"":""CMS-PAS-HIG-13-001""}]"	152.80026832235504	0.2513999680132315	"[{""chisq"":10.675131798974563,""cite_key"":""CMS:2022kdi"",""collider"":""LHC13"",""experiment"":""CMS"",""luminosity"":138.0,""measurement_id"":220412957,""process"":""LHC13 [H>tautau]"",""reference"":""2204.12957"",""submeasurement"":""ggH 0 JetpTH [0,10]""},{""chisq"":9.208918966090724,""cite_key"":""CMS:2022kdi"",""collider"":""LHC13"",""experiment"":""CMS"",""luminosity"":138.0,""measurement_id"":220412957,""process"":""LHC13 [H>tautau]"",""reference"":""2204.12957"",""submeasurement"":""ggH 0 JetpTH [10,200]""},{""chisq"":7.409784351649594,""cite_key"":""CMS:2022kdi"",""collider"":""LHC13"",""experiment"":""CMS"",""luminosity"":138.0,""measurement_id"":220412957,""process"":""LHC13 [vbfH>tautau]"",""reference"":""2204.12957"",""submeasurement"":""qqH \\geq 2Jet mjj [350,\\infty]pTH [200,\\infty]""},{""chisq"":5.291152768657442,""cite_key"":""ATLAS:2016neq"",""collider"":""LHC8"",""experiment"":""LHCComb"",""luminosity"":25.0,""measurement_id"":160602266,""process"":""LHC8 [Htt,tchanHt,schanHt,HtW]>[WW]"",""reference"":""1606.02266"",""submeasurement"":""Htt_WW""},{""chisq"":4.859793959407869,""cite_key"":""ATLAS:2016neq"",""collider"":""LHC8"",""experiment"":""LHCComb"",""luminosity"":25.0,""measurement_id"":160602266,""process"":""LHC8 [HZ>WW]"",""reference"":""1606.02266"",""submeasurement"":""HZ_WW""}]"	True	0.995280768486009	0.0970370644748664	0.0			e597d72e4df67c439201709d59d16b30a61e6976f653ef1cce0609c4bec4b1af	DD_boundary	output/trsm_points_13.6-20260715-777-False_vxzero.dat	9222		True	0.004041581937121851	4.492435773932926e-05	0.0	True
122.3	454.1	258.2	0	0.1658	0.2435	0.6583300915211899	-3.42311721455526	30.377105671244543	0.030556601482565202	0.020084906983637164	0.0	17.498944882823963	0.0	-11.677132135452133	0.0	152.8	-422.50000000000006	0	0	False	6.954e-08	6.858934775147832e-08	True	True	1	1	False	454.1	4.3278e-13	2.490029888709087e-07	1.7380514264604563e-06	lz2025-source	1.383124037302538e-11	454.1	2.44e-05	False	0.121	True	True	True	nan	nan	nan	nan	nan	nan	True	"{""H1"":{""cite_key"":""CMS:2012qwq"",""expRatio"":3.969919582764855,""limit_id"":12045,""obsRatio"":0.7746814118101042,""particles"":[""H1""],""process"":""LHC8 [vbfH,HW,Htt,H,HZ]>[bb,tautau,WW,ZZ,gamgam]"",""reference"":""CMS-PAS-HIG-12-045""},""H2"":{""cite_key"":""CMS:2013zmy"",""expRatio"":2.426523513913004,""limit_id"":13121129,""obsRatio"":0.8103860651014733,""particles"":[""H1"",""H2""],""process"":""LHC8 [ggH,vbfH,HW,HZ]>[WW]"",""reference"":""1312.1129""}}"	"[{""cite_key"":""CMS:2013yea"",""expRatio"":0.8765186914558876,""limit_id"":13022,""obsRatio"":1.086326809460996,""particles"":[""H1"",""H2""],""process"":""LHC8 [vbfH>WW]"",""reference"":""CMS-PAS-HIG-13-022""},{""cite_key"":""CMS:2013cul"",""expRatio"":2.4107529608328218,""limit_id"":13003,""obsRatio"":0.8510497561843561,""particles"":[""H1"",""H2""],""process"":""LHC8 [H>WW]"",""reference"":""CMS-PAS-HIG-13-003""},{""cite_key"":""ATLAS:2014vuz"",""expRatio"":1.3406439248006865,""limit_id"":14096212,""obsRatio"":0.8389515218931989,""particles"":[""H1"",""H2""],""process"":""LHC8 [HW,HZ]>[bb]"",""reference"":""1409.6212""},{""cite_key"":""CMS:2013zmy"",""expRatio"":2.426523513913004,""limit_id"":13121129,""obsRatio"":0.8103860651014733,""particles"":[""H1"",""H2""],""process"":""LHC8 [ggH,vbfH,HW,HZ]>[WW]"",""reference"":""1312.1129""},{""cite_key"":""CMS:2013uhr"",""expRatio"":2.0856853463664993,""limit_id"":13001,""obsRatio"":0.7861551391901737,""particles"":[""H1""],""process"":""LHC8 [vbfH,HW,Htt,H,HZ]>[gamgam]"",""reference"":""CMS-PAS-HIG-13-001""}]"	153.14278060926597	0.5939122549241631	"[{""chisq"":10.530349078160903,""cite_key"":""CMS:2022kdi"",""collider"":""LHC13"",""experiment"":""CMS"",""luminosity"":138.0,""measurement_id"":220412957,""process"":""LHC13 [H>tautau]"",""reference"":""2204.12957"",""submeasurement"":""ggH 0 JetpTH [0,10]""},{""chisq"":8.978403292925984,""cite_key"":""CMS:2022kdi"",""collider"":""LHC13"",""experiment"":""CMS"",""luminosity"":138.0,""measurement_id"":220412957,""process"":""LHC13 [H>tautau]"",""reference"":""2204.12957"",""submeasurement"":""ggH 0 JetpTH [10,200]""},{""chisq"":7.095995091348414,""cite_key"":""CMS:2022kdi"",""collider"":""LHC13"",""experiment"":""CMS"",""luminosity"":138.0,""measurement_id"":220412957,""process"":""LHC13 [vbfH>tautau]"",""reference"":""2204.12957"",""submeasurement"":""qqH \\geq 2Jet mjj [350,\\infty]pTH [200,\\infty]""},{""chisq"":5.2913251862039585,""cite_key"":""ATLAS:2016neq"",""collider"":""LHC8"",""experiment"":""LHCComb"",""luminosity"":25.0,""measurement_id"":160602266,""process"":""LHC8 [Htt,tchanHt,schanHt,HtW]>[WW]"",""reference"":""1606.02266"",""submeasurement"":""Htt_WW""},{""chisq"":4.859918788980568,""cite_key"":""ATLAS:2016neq"",""collider"":""LHC8"",""experiment"":""LHCComb"",""luminosity"":25.0,""measurement_id"":160602266,""process"":""LHC8 [HZ>WW]"",""reference"":""1606.02266"",""submeasurement"":""HZ_WW""}]"	True	0.9862866378417147	0.16504141302984057	0.0			82fb237449916099b47cbac6968b5adbe536f5760f067fe58f883797a3a4ba41	DD_boundary	output/trsm_points_13.6-20260715-777-False_vxzero.dat	3614		True	0.0039688662344992635	0.00010248717423074232	0.0	True
954.9	1031.0	472.7	0	-0.391	0.2339	-1.3601673034491757	2.2568046559809676	26.04900159027204	0.1449946612725997	-0.6127590904404057	0.0	-490.491379434007	0.0	1135.7928878974822	0.0	48.610000000000014	556.9	0	0	True	4.209e-09	4.268662133110233e-09	False	False	0	0	False	nan	nan	nan	0.0	lz2025-source	3.083314631684582e-11	1031.0	0.000874	False	0.121	True	True	True	nan	nan	nan	nan	nan	nan	True	"{""H1"":{""cite_key"":""CMS:2012qwq"",""expRatio"":3.488316902374963,""limit_id"":12045,""obsRatio"":0.6807025196441994,""particles"":[""H1""],""process"":""LHC8 [vbfH,HW,Htt,H,HZ]>[bb,tautau,WW,ZZ,gamgam]"",""reference"":""CMS-PAS-HIG-12-045""},""H2"":{""cite_key"":""ATLAS:2020fry"",""expRatio"":1.5067321855581643,""limit_id"":2004146362,""obsRatio"":0.9530004867546908,""particles"":[""H2""],""process"":""LHC13 [vbfH]>[WW,ZZ]"",""reference"":""2004.14636""}}"	"[{""cite_key"":""ATLAS:2020tlo"",""expRatio"":0.7872443283477377,""limit_id"":2009147913,""obsRatio"":1.0478134068244402,""particles"":[""H2""],""process"":""LHC13 [vbfH>ZZ]"",""reference"":""2009.14791""},{""cite_key"":""ATLAS:2020fry"",""expRatio"":1.5067321855581643,""limit_id"":2004146362,""obsRatio"":0.9530004867546908,""particles"":[""H2""],""process"":""LHC13 [vbfH]>[WW,ZZ]"",""reference"":""2004.14636""},{""cite_key"":""CMS:2013yea"",""expRatio"":0.7525219241901648,""limit_id"":13022,""obsRatio"":0.9297005529175753,""particles"":[""H1""],""process"":""LHC8 [vbfH>WW]"",""reference"":""CMS-PAS-HIG-13-022""},{""cite_key"":""ATLAS:2018sbw"",""expRatio"":0.9647614574110499,""limit_id"":1808023801,""obsRatio"":0.9259193085307383,""particles"":[""H2""],""process"":""LHC13 [H]>[WW,ZZ]"",""reference"":""1808.02380""},{""cite_key"":""ATLAS:2018sbw"",""expRatio"":0.796872139414495,""limit_id"":1808023802,""obsRatio"":0.7821183206394002,""particles"":[""H2""],""process"":""LHC13 [vbfH]>[WW,ZZ]"",""reference"":""1808.02380""}]"	168.4223696131434	15.873501258801582	"[{""chisq"":9.596636720562099,""cite_key"":""CMS:2022kdi"",""collider"":""LHC13"",""experiment"":""CMS"",""luminosity"":138.0,""measurement_id"":220412957,""process"":""LHC13 [H>tautau]"",""reference"":""2204.12957"",""submeasurement"":""ggH 0 JetpTH [0,10]""},{""chisq"":7.525804021285616,""cite_key"":""CMS:2022kdi"",""collider"":""LHC13"",""experiment"":""CMS"",""luminosity"":138.0,""measurement_id"":220412957,""process"":""LHC13 [H>tautau]"",""reference"":""2204.12957"",""submeasurement"":""ggH 0 JetpTH [10,200]""},{""chisq"":5.864432641801924,""cite_key"":""CMS:2021kom"",""collider"":""LHC13"",""experiment"":""CMS"",""luminosity"":137.0,""measurement_id"":210306956,""process"":""LHC13 [H>gamgam]"",""reference"":""2103.06956"",""submeasurement"":""ggH_0J_high_pTH""},{""chisq"":5.6835916191167755,""cite_key"":""ATLAS:2016neq"",""collider"":""LHC8"",""experiment"":""LHCComb"",""luminosity"":25.0,""measurement_id"":160602266,""process"":""LHC8 [Htt,tchanHt,schanHt,HtW]>[WW]"",""reference"":""1606.02266"",""submeasurement"":""Htt_WW""},{""chisq"":5.4688787560998895,""cite_key"":""CMS:2022kdi"",""collider"":""LHC13"",""experiment"":""CMS"",""luminosity"":138.0,""measurement_id"":220412957,""process"":""LHC13 [H>tautau]"",""reference"":""2204.12957"",""submeasurement"":""ggH 1 JetpTH [60,120]""}]"	False	0.9245284090510633	-0.38111313393467555	0.0			5e53695b5b96f19f0f138bb51f3055b7c2991d4558c1464ac19929cdabe36237	DD_boundary	output/trsm_points_13.6-20260715-777-False_vxzero.dat	3609		True	0.00348739133890136	74.11525690966799	0.0	True
217.6	923.0	315.8	0	0.2623	0.3624	0.07310373267886669	0.21218741895703935	28.218841542929063	0.03381009649143481	0.01942089445226346	0.0	46.7477121572761	0.0	-27.692298431421506	0.0	-0.0035690000000005995	34.69	0	0	False	2.343e-11	2.3091448015343987e-11	True	False	0	0	False	nan	nan	nan	0.0	lz2025-source	2.7671569935742792e-11	923.0	0.145	True	0.121	True	True	True	nan	nan	nan	nan	nan	nan	False	"{""H1"":{""cite_key"":""CMS:2012qwq"",""expRatio"":3.8066797249342126,""limit_id"":12045,""obsRatio"":0.7428271435078101,""particles"":[""H1""],""process"":""LHC8 [vbfH,HW,Htt,H,HZ]>[bb,tautau,WW,ZZ,gamgam]"",""reference"":""CMS-PAS-HIG-12-045""},""H2"":{""cite_key"":""ATLAS:2020tlo"",""expRatio"":2.483812938445342,""limit_id"":2009147912,""obsRatio"":2.3882816715820594,""particles"":[""H2""],""process"":""LHC13 [ggH>ZZ]"",""reference"":""2009.14791""}}"	"[{""cite_key"":""ATLAS:2020tlo"",""expRatio"":2.483812938445342,""limit_id"":2009147912,""obsRatio"":2.3882816715820594,""particles"":[""H2""],""process"":""LHC13 [ggH>ZZ]"",""reference"":""2009.14791""},{""cite_key"":""CMS:2018amk"",""expRatio"":1.1653745095120023,""limit_id"":1804019391,""obsRatio"":1.9817751544943252,""particles"":[""H2""],""process"":""LHC13 [vbfH,H]>[ZZ]"",""reference"":""1804.01939""},{""cite_key"":""ATLAS:2020tlo"",""expRatio"":0.8242705001725728,""limit_id"":2009147913,""obsRatio"":1.1367580254727385,""particles"":[""H2""],""process"":""LHC13 [vbfH>ZZ]"",""reference"":""2009.14791""},{""cite_key"":""CMS:2013yea"",""expRatio"":0.8212011785491329,""limit_id"":13022,""obsRatio"":1.0145500951022943,""particles"":[""H1""],""process"":""LHC8 [vbfH>WW]"",""reference"":""CMS-PAS-HIG-13-022""},{""cite_key"":""CMS:2013cul"",""expRatio"":2.258134043070935,""limit_id"":13003,""obsRatio"":0.7967720816602539,""particles"":[""H1""],""process"":""LHC8 [H>WW]"",""reference"":""CMS-PAS-HIG-13-003""}]"	155.0930207312263	2.544152376884483	"[{""chisq"":10.20901069492264,""cite_key"":""CMS:2022kdi"",""collider"":""LHC13"",""experiment"":""CMS"",""luminosity"":138.0,""measurement_id"":220412957,""process"":""LHC13 [H>tautau]"",""reference"":""2204.12957"",""submeasurement"":""ggH 0 JetpTH [0,10]""},{""chisq"":8.471691902515591,""cite_key"":""CMS:2022kdi"",""collider"":""LHC13"",""experiment"":""CMS"",""luminosity"":138.0,""measurement_id"":220412957,""process"":""LHC13 [H>tautau]"",""reference"":""2204.12957"",""submeasurement"":""ggH 0 JetpTH [10,200]""},{""chisq"":6.416465614751424,""cite_key"":""CMS:2022kdi"",""collider"":""LHC13"",""experiment"":""CMS"",""luminosity"":138.0,""measurement_id"":220412957,""process"":""LHC13 [vbfH>tautau]"",""reference"":""2204.12957"",""submeasurement"":""qqH \\geq 2Jet mjj [350,\\infty]pTH [200,\\infty]""},{""chisq"":5.471158063153214,""cite_key"":""ATLAS:2016neq"",""collider"":""LHC8"",""experiment"":""LHCComb"",""luminosity"":25.0,""measurement_id"":160602266,""process"":""LHC8 [Htt,tchanHt,schanHt,HtW]>[WW]"",""reference"":""1606.02266"",""submeasurement"":""Htt_WW""},{""chisq"":4.9899159872212,""cite_key"":""ATLAS:2016neq"",""collider"":""LHC8"",""experiment"":""LHCComb"",""luminosity"":25.0,""measurement_id"":160602266,""process"":""LHC8 [HZ>WW]"",""reference"":""1606.02266"",""submeasurement"":""HZ_WW""}]"	True	0.9657961372861124	0.25930256690442716	0.0			3d0ad37da329c956de2a9875c7b4adbd13eb8113121de2f5bffe3bc8329ffb13	DD_boundary	output/trsm_points_13.6-20260715-777-False_vxzero.dat	195		True	0.0038056696894908427	0.1416407972291898	0.0	True
233.0	804.4	137.0	0	0.3049	0.149	0.21285799279379503	-13.145884705384614	26.058097547198813	0.04219137008895309	-0.03228145056851819	0.0	74.36412063257582	0.0	-102.13291389920431	0.0	295.3	-851.1000000000001	0	0	True	1.62e-07	1.6443832798073265e-07	False	False	0	0	False	nan	nan	nan	0.0	lz2025-source	2.4190101140967283e-11	804.4	1.78e-05	False	0.121	True	True	True	nan	nan	nan	nan	nan	nan	False	"{""H1"":{""cite_key"":""CMS:2012qwq"",""expRatio"":3.7133009119046934,""limit_id"":12045,""obsRatio"":0.7246054064668599,""particles"":[""H1""],""process"":""LHC8 [vbfH,HW,Htt,H,HZ]>[bb,tautau,WW,ZZ,gamgam]"",""reference"":""CMS-PAS-HIG-12-045""},""H2"":{""cite_key"":""ATLAS:2020tlo"",""expRatio"":3.2178151612040806,""limit_id"":2009147912,""obsRatio"":2.47858735390044,""particles"":[""H2""],""process"":""LHC13 [ggH>ZZ]"",""reference"":""2009.14791""}}"	"[{""cite_key"":""CMS:2018amk"",""expRatio"":1.6165883458642847,""limit_id"":1804019391,""obsRatio"":2.746091673104631,""particles"":[""H2""],""process"":""LHC13 [vbfH,H]>[ZZ]"",""reference"":""1804.01939""},{""cite_key"":""ATLAS:2020tlo"",""expRatio"":3.2178151612040806,""limit_id"":2009147912,""obsRatio"":2.47858735390044,""particles"":[""H2""],""process"":""LHC13 [ggH>ZZ]"",""reference"":""2009.14791""},{""cite_key"":""ATLAS:2020tlo"",""expRatio"":1.055897876439747,""limit_id"":2009147913,""obsRatio"":1.387751494749382,""particles"":[""H2""],""process"":""LHC13 [vbfH>ZZ]"",""reference"":""2009.14791""},{""cite_key"":""CMS:2013yea"",""expRatio"":0.8010569066764356,""limit_id"":13022,""obsRatio"":0.9896629255778673,""particles"":[""H1""],""process"":""LHC8 [vbfH>WW]"",""reference"":""CMS-PAS-HIG-13-022""},{""cite_key"":""CMS:2013cul"",""expRatio"":2.2027414458891075,""limit_id"":13003,""obsRatio"":0.7772270616909739,""particles"":[""H1""],""process"":""LHC8 [H>WW]"",""reference"":""CMS-PAS-HIG-13-003""}]"	157.8183699331675	5.269501578825697	"[{""chisq"":10.027432857522559,""cite_key"":""CMS:2022kdi"",""collider"":""LHC13"",""experiment"":""CMS"",""luminosity"":138.0,""measurement_id"":220412957,""process"":""LHC13 [H>tautau]"",""reference"":""2204.12957"",""submeasurement"":""ggH 0 JetpTH [0,10]""},{""chisq"":8.188452683793233,""cite_key"":""CMS:2022kdi"",""collider"":""LHC13"",""experiment"":""CMS"",""luminosity"":138.0,""measurement_id"":220412957,""process"":""LHC13 [H>tautau]"",""reference"":""2204.12957"",""submeasurement"":""ggH 0 JetpTH [10,200]""},{""chisq"":6.04312374458168,""cite_key"":""CMS:2022kdi"",""collider"":""LHC13"",""experiment"":""CMS"",""luminosity"":138.0,""measurement_id"":220412957,""process"":""LHC13 [vbfH>tautau]"",""reference"":""2204.12957"",""submeasurement"":""qqH \\geq 2Jet mjj [350,\\infty]pTH [200,\\infty]""},{""chisq"":5.533063903999543,""cite_key"":""ATLAS:2016neq"",""collider"":""LHC8"",""experiment"":""LHCComb"",""luminosity"":25.0,""measurement_id"":160602266,""process"":""LHC8 [Htt,tchanHt,schanHt,HtW]>[WW]"",""reference"":""1606.02266"",""submeasurement"":""Htt_WW""},{""chisq"":5.034576382165528,""cite_key"":""ATLAS:2016neq"",""collider"":""LHC8"",""experiment"":""LHCComb"",""luminosity"":25.0,""measurement_id"":160602266,""process"":""LHC8 [HZ>WW]"",""reference"":""1606.02266"",""submeasurement"":""HZ_WW""}]"	False	0.9538769771159632	0.30019778901269784	0.0			c320d8cd1b2685f0b3db4e65bd4892a268609ead89126cd474253f4affbe8fe4	DD_boundary	output/trsm_points_13.6-20260715-777-False_vxzero.dat	3228		True	0.0037123156528853026	0.26065026645721096	0.0	False
273.0	432.9	492.9	0	0.3493	0.4989	-0.10581686271811218	-0.1462017836258822	25.746856857889153	0.040811356927049215	0.028413491352099345	0.0	76.80442307954463	0.0	-13.64041908137996	0.0	0.1019000000000041	-38.31000000000001	0	0	False	8.2e-11	8.066422547708314e-11	True	True	1	1	False	432.9	1.460108e-14	3.339966272854279e-10	4.3716249827643205e-05	lz2025-source	1.3199600532613605e-11	432.9	0.0198	False	0.121	True	True	True	nan	nan	nan	nan	nan	nan	False	"{""H1"":{""cite_key"":""CMS:2012qwq"",""expRatio"":3.6030724299342456,""limit_id"":12045,""obsRatio"":0.7030956619356924,""particles"":[""H1""],""process"":""LHC8 [vbfH,HW,Htt,H,HZ]>[bb,tautau,WW,ZZ,gamgam]"",""reference"":""CMS-PAS-HIG-12-045""},""H2"":{""cite_key"":""ATLAS:2020tlo"",""expRatio"":2.846598827589729,""limit_id"":2009147912,""obsRatio"":3.425052065281759,""particles"":[""H2""],""process"":""LHC13 [ggH>ZZ]"",""reference"":""2009.14791""}}"	"[{""cite_key"":""ATLAS:2020tlo"",""expRatio"":2.846598827589729,""limit_id"":2009147912,""obsRatio"":3.425052065281759,""particles"":[""H2""],""process"":""LHC13 [ggH>ZZ]"",""reference"":""2009.14791""},{""cite_key"":""CMS:2024phk"",""expRatio"":2.3486460858351106,""limit_id"":240316926,""obsRatio"":2.4985573039103217,""particles"":[""H2"","">"",""H1"",""+"",""H1""],""process"":""LHC13 [H]->X1->(X2->[bb])(X3->[bb, tautau, gamgam, WW])"",""reference"":""2403.16926""},{""cite_key"":""CMS:2018amk"",""expRatio"":1.6566237523137406,""limit_id"":1804019391,""obsRatio"":1.8772112780713504,""particles"":[""H2""],""process"":""LHC13 [vbfH,H]>[ZZ]"",""reference"":""1804.01939""},{""cite_key"":""ATLAS:2023vdy"",""expRatio"":1.299043833171338,""limit_id"":231115956,""obsRatio"":0.9870952762879127,""particles"":[""H2"","">"",""H1"",""+"",""H1""],""process"":""LHC13 [H]->X1->(X2->[bb])(X3->[bb, tautau, gamgam])"",""reference"":""2311.15956""},{""cite_key"":""CMS:2013yea"",""expRatio"":0.777277716977103,""limit_id"":13022,""obsRatio"":0.9602850096650616,""particles"":[""H1""],""process"":""LHC8 [vbfH>WW]"",""reference"":""CMS-PAS-HIG-13-022""}]"	162.29655809271543	9.747689738373623	"[{""chisq"":9.815187159795348,""cite_key"":""CMS:2022kdi"",""collider"":""LHC13"",""experiment"":""CMS"",""luminosity"":138.0,""measurement_id"":220412957,""process"":""LHC13 [H>tautau]"",""reference"":""2204.12957"",""submeasurement"":""ggH 0 JetpTH [0,10]""},{""chisq"":7.860302126673757,""cite_key"":""CMS:2022kdi"",""collider"":""LHC13"",""experiment"":""CMS"",""luminosity"":138.0,""measurement_id"":220412957,""process"":""LHC13 [H>tautau]"",""reference"":""2204.12957"",""submeasurement"":""ggH 0 JetpTH [10,200]""},{""chisq"":5.616812475321748,""cite_key"":""CMS:2022kdi"",""collider"":""LHC13"",""experiment"":""CMS"",""luminosity"":138.0,""measurement_id"":220412957,""process"":""LHC13 [vbfH>tautau]"",""reference"":""2204.12957"",""submeasurement"":""qqH \\geq 2Jet mjj [350,\\infty]pTH [200,\\infty]""},{""chisq"":5.60657107478942,""cite_key"":""ATLAS:2016neq"",""collider"":""LHC8"",""experiment"":""LHCComb"",""luminosity"":25.0,""measurement_id"":160602266,""process"":""LHC8 [Htt,tchanHt,schanHt,HtW]>[WW]"",""reference"":""1606.02266"",""submeasurement"":""Htt_WW""},{""chisq"":5.219298024125007,""cite_key"":""CMS:2022kdi"",""collider"":""LHC13"",""experiment"":""CMS"",""luminosity"":138.0,""measurement_id"":220412957,""process"":""LHC13 [H>tautau]"",""reference"":""2204.12957"",""submeasurement"":""ggH 1 JetpTH [60,120]""}]"	False	0.9396125111466902	0.34224016260019957	0.0			37ae3bdad053bea1ab91590b02ed97078e2508efde4731740c65d2834e8b7328	DD_boundary	output/trsm_points_13.6-20260715-777-False_vxzero.dat	2246		True	0.0036021164181018277	1.0069760500873712	0.0	False
590.1	730.8	333.5	0	-0.371	0.3521	-0.000188135890135954	-3.876710494009602e-05	26.862121032075905	0.05931993357815498	-0.2537041375579375	0.0	-173.19952776667864	0.0	513.4728436129461	0.0	-0.02391	0.002364999999999999	0	0	False	2.217e-15	1.4099968102176248e-16	True	False	0	0	False	nan	nan	nan	0.0	lz2025-source	2.2023917118275297e-11	730.8	18900.0	True	0.121	True	True	True	nan	nan	nan	nan	nan	nan	False	"{""H1"":{""cite_key"":""CMS:2012qwq"",""expRatio"":3.5446622677365327,""limit_id"":12045,""obsRatio"":0.6916976308239722,""particles"":[""H1""],""process"":""LHC8 [vbfH,HW,Htt,H,HZ]>[bb,tautau,WW,ZZ,gamgam]"",""reference"":""CMS-PAS-HIG-12-045""},""H2"":{""cite_key"":""ATLAS:2018sbw"",""expRatio"":3.1405976450069586,""limit_id"":1808023801,""obsRatio"":3.8390994909384233,""particles"":[""H2""],""process"":""LHC13 [H]>[WW,ZZ]"",""reference"":""1808.02380""}}"	"[{""cite_key"":""CMS:2018amk"",""expRatio"":1.65877968006523,""limit_id"":1804019391,""obsRatio"":3.9989659764966814,""particles"":[""H2""],""process"":""LHC13 [vbfH,H]>[ZZ]"",""reference"":""1804.01939""},{""cite_key"":""ATLAS:2018sbw"",""expRatio"":3.1405976450069586,""limit_id"":1808023801,""obsRatio"":3.8390994909384233,""particles"":[""H2""],""process"":""LHC13 [H]>[WW,ZZ]"",""reference"":""1808.02380""},{""cite_key"":""ATLAS:2023vdy"",""expRatio"":1.6334573597651858,""limit_id"":231115956,""obsRatio"":2.4539445451278343,""particles"":[""H2"","">"",""H1"",""+"",""H1""],""process"":""LHC13 [H]->X1->(X2->[bb])(X3->[bb, tautau, gamgam])"",""reference"":""2311.15956""},{""cite_key"":""ATLAS:2020tlo"",""expRatio"":2.6761617775934785,""limit_id"":2009147911,""obsRatio"":1.8253228387983285,""particles"":[""H2""],""process"":""LHC13 [ggH>ZZ]"",""reference"":""2009.14791""},{""cite_key"":""ATLAS:2022xzm"",""expRatio"":1.205929124292332,""limit_id"":220910910,""obsRatio"":1.5125172674311675,""particles"":[""H2"","">"",""H1"",""+"",""H1""],""process"":""LHC13 [H]->X1->(X2->[tautau])(X3->[bb])"",""reference"":""2209.10910""}]"	165.22346166751683	12.674593313175023	"[{""chisq"":9.7036382686801,""cite_key"":""CMS:2022kdi"",""collider"":""LHC13"",""experiment"":""CMS"",""luminosity"":138.0,""measurement_id"":220412957,""process"":""LHC13 [H>tautau]"",""reference"":""2204.12957"",""submeasurement"":""ggH 0 JetpTH [0,10]""},{""chisq"":7.689134937893711,""cite_key"":""CMS:2022kdi"",""collider"":""LHC13"",""experiment"":""CMS"",""luminosity"":138.0,""measurement_id"":220412957,""process"":""LHC13 [H>tautau]"",""reference"":""2204.12957"",""submeasurement"":""ggH 0 JetpTH [10,200]""},{""chisq"":5.645711306461137,""cite_key"":""ATLAS:2016neq"",""collider"":""LHC8"",""experiment"":""LHCComb"",""luminosity"":25.0,""measurement_id"":160602266,""process"":""LHC8 [Htt,tchanHt,schanHt,HtW]>[WW]"",""reference"":""1606.02266"",""submeasurement"":""Htt_WW""},{""chisq"":5.460422041084669,""cite_key"":""CMS:2021kom"",""collider"":""LHC13"",""experiment"":""CMS"",""luminosity"":137.0,""measurement_id"":210306956,""process"":""LHC13 [H>gamgam]"",""reference"":""2103.06956"",""submeasurement"":""ggH_0J_high_pTH""},{""chisq"":5.397229068431502,""cite_key"":""CMS:2022kdi"",""collider"":""LHC13"",""experiment"":""CMS"",""luminosity"":138.0,""measurement_id"":220412957,""process"":""LHC13 [vbfH>tautau]"",""reference"":""2204.12957"",""submeasurement"":""qqH \\geq 2Jet mjj [350,\\infty]pTH [200,\\infty]""}]"	False	0.9319652640707048	-0.3625475783474792	0.0			00006e217faf345075fd633354b87478bfc98197f5735cec8a40a0740ab7c6d2	exclusions_and_general	output/trsm_points_13.6-20260715-777-False_vxzero.dat	3501		True	0.0035437217540122646	15.952108647317896	0.0	True
39.32	364.0	160.8	0	-0.1161	0.3474	0.02229145900369235	-0.29217070945895435	31.241508477788106	0.031216246660941294	-0.012150095458777967	0.0	-6.2674688400171	0.0	7.167045360523643	0.0	0.0022639999999998217	-23.650000000000002	0	0	False	1.397e-08	9.109175734921725e-11	True	True	1	1	False	364.0	1.17771e-15	5.71487376464146e-10	2.060780427533883e-06	lz2025-source	1.1141801725358806e-11	364.0	0.0148	False	0.121	True	True	True	nan	nan	nan	nan	nan	nan	True	"{""H1"":{""cite_key"":""CMS:2012qwq"",""expRatio"":4.026319789783893,""limit_id"":12045,""obsRatio"":0.7856872246707921,""particles"":[""H1""],""process"":""LHC8 [vbfH,HW,Htt,H,HZ]>[bb,tautau,WW,ZZ,gamgam]"",""reference"":""CMS-PAS-HIG-12-045""},""H2"":{""cite_key"":""LEPWorkingGroupforHiggsbosonsearches:2003ing"",""expRatio"":0.524979511338545,""limit_id"":3060332,""obsRatio"":0.4379309507988254,""particles"":[""H2""],""process"":""LEP [eeHZ>bb]"",""reference"":""hep-ex/0306033""}}"	"[{""cite_key"":""CMS:2013yea"",""expRatio"":0.8685833312765425,""limit_id"":13022,""obsRatio"":1.073088208309433,""particles"":[""H1""],""process"":""LHC8 [vbfH>WW]"",""reference"":""CMS-PAS-HIG-13-022""},{""cite_key"":""CMS:2013cul"",""expRatio"":2.38842520058825,""limit_id"":13003,""obsRatio"":0.8427447098642981,""particles"":[""H1""],""process"":""LHC8 [H>WW]"",""reference"":""CMS-PAS-HIG-13-003""},{""cite_key"":""ATLAS:2014vuz"",""expRatio"":1.3157321960823787,""limit_id"":14096212,""obsRatio"":0.8215487246869605,""particles"":[""H1""],""process"":""LHC8 [HW,HZ]>[bb]"",""reference"":""1409.6212""},{""cite_key"":""CMS:2013zmy"",""expRatio"":2.4059905321217867,""limit_id"":13121129,""obsRatio"":0.8032066448546781,""particles"":[""H1""],""process"":""LHC8 [ggH,vbfH,HW,HZ]>[WW]"",""reference"":""1312.1129""},{""cite_key"":""CMS:2013uhr"",""expRatio"":2.115316446659398,""limit_id"":13001,""obsRatio"":0.7973239580226518,""particles"":[""H1""],""process"":""LHC8 [vbfH,HW,Htt,H,HZ]>[gamgam]"",""reference"":""CMS-PAS-HIG-13-001""}]"	152.53866104902613	-0.010207305315674375	"[{""chisq"":10.642530486388816,""cite_key"":""CMS:2022kdi"",""collider"":""LHC13"",""experiment"":""CMS"",""luminosity"":138.0,""measurement_id"":220412957,""process"":""LHC13 [H>tautau]"",""reference"":""2204.12957"",""submeasurement"":""ggH 0 JetpTH [0,10]""},{""chisq"":9.156895452115354,""cite_key"":""CMS:2022kdi"",""collider"":""LHC13"",""experiment"":""CMS"",""luminosity"":138.0,""measurement_id"":220412957,""process"":""LHC13 [H>tautau]"",""reference"":""2204.12957"",""submeasurement"":""ggH 0 JetpTH [10,200]""},{""chisq"":7.338722705999231,""cite_key"":""CMS:2022kdi"",""collider"":""LHC13"",""experiment"":""CMS"",""luminosity"":138.0,""measurement_id"":220412957,""process"":""LHC13 [vbfH>tautau]"",""reference"":""2204.12957"",""submeasurement"":""qqH \\geq 2Jet mjj [350,\\infty]pTH [200,\\infty]""},{""chisq"":5.326870255995642,""cite_key"":""ATLAS:2016neq"",""collider"":""LHC8"",""experiment"":""LHCComb"",""luminosity"":25.0,""measurement_id"":160602266,""process"":""LHC8 [Htt,tchanHt,schanHt,HtW]>[WW]"",""reference"":""1606.02266"",""submeasurement"":""Htt_WW""},{""chisq"":4.885645229683974,""cite_key"":""ATLAS:2016neq"",""collider"":""LHC8"",""experiment"":""LHCComb"",""luminosity"":25.0,""measurement_id"":160602266,""process"":""LHC8 [HZ>WW]"",""reference"":""1606.02266"",""submeasurement"":""HZ_WW""}]"	True	0.9932679619786535	-0.1158393530143019	0.0			000465e7185d65642e5baa42bb67f1d79b4ca1f98a23f904337f138a0c519543	exclusions_and_general	output/trsm_points_13.6-20260715-777-False_vxzero.dat	3414		True	0.00402525147671637	1.4952113485997011e-05	0.0	True
645.0	918.3	437.3	0	0.3623	0.3472	-0.05775979093250578	-0.07973346982318055	25.206971091600987	0.14177990628011422	-0.03497238135980549	0.0	341.83771828400245	0.0	-97.9866166343217	0.0	-0.46429999999999794	-18.820000000000004	0	0	False	1.085e-12	1.0004774831765137e-11	False	False	0	0	False	nan	nan	nan	0.0	lz2025-source	2.7533801809733807e-11	918.3	0.333	True	0.121	True	True	True	nan	nan	nan	nan	nan	nan	False	"{""H1"":{""cite_key"":""CMS:2012qwq"",""expRatio"":3.5684266363437307,""limit_id"":12045,""obsRatio"":0.6963349576613531,""particles"":[""H1""],""process"":""LHC8 [vbfH,HW,Htt,H,HZ]>[bb,tautau,WW,ZZ,gamgam]"",""reference"":""CMS-PAS-HIG-12-045""},""H2"":{""cite_key"":""ATLAS:2022xzm"",""expRatio"":2.126953746485814,""limit_id"":220910910,""obsRatio"":2.10558911776876,""particles"":[""H2"","">"",""H1"",""+"",""H1""],""process"":""LHC13 [H]->X1->(X2->[tautau])(X3->[bb])"",""reference"":""2209.10910""}}"	"[{""cite_key"":""CMS:2024phk"",""expRatio"":1.9162517834907,""limit_id"":240316926,""obsRatio"":2.133877781798603,""particles"":[""H2"","">"",""H1"",""+"",""H1""],""process"":""LHC13 [H]->X1->(X2->[bb])(X3->[bb, tautau, gamgam, WW])"",""reference"":""2403.16926""},{""cite_key"":""ATLAS:2018sbw"",""expRatio"":2.0027946720292404,""limit_id"":1808023801,""obsRatio"":2.1241405014807815,""particles"":[""H2""],""process"":""LHC13 [H]>[WW,ZZ]"",""reference"":""1808.02380""},{""cite_key"":""ATLAS:2022xzm"",""expRatio"":2.126953746485814,""limit_id"":220910910,""obsRatio"":2.10558911776876,""particles"":[""H2"","">"",""H1"",""+"",""H1""],""process"":""LHC13 [H]->X1->(X2->[tautau])(X3->[bb])"",""reference"":""2209.10910""},{""cite_key"":""CMS:2018amk"",""expRatio"":1.0716541715589816,""limit_id"":1804019391,""obsRatio"":1.6843246411202102,""particles"":[""H2""],""process"":""LHC13 [vbfH,H]>[ZZ]"",""reference"":""1804.01939""},{""cite_key"":""CMS:2021yci"",""expRatio"":0.7255278932982598,""limit_id"":210610361,""obsRatio"":1.228814642786921,""particles"":[""H2"","">"",""H1"",""+"",""H1""],""process"":""LHC13 [ggH]->X1->(X2->[tautau])(X3->[bb])"",""reference"":""2106.10361""}]"	163.98511525582924	11.436246901487436	"[{""chisq"":9.748945383900695,""cite_key"":""CMS:2022kdi"",""collider"":""LHC13"",""experiment"":""CMS"",""luminosity"":138.0,""measurement_id"":220412957,""process"":""LHC13 [H>tautau]"",""reference"":""2204.12957"",""submeasurement"":""ggH 0 JetpTH [0,10]""},{""chisq"":7.758547519897388,""cite_key"":""CMS:2022kdi"",""collider"":""LHC13"",""experiment"":""CMS"",""luminosity"":138.0,""measurement_id"":220412957,""process"":""LHC13 [H>tautau]"",""reference"":""2204.12957"",""submeasurement"":""ggH 0 JetpTH [10,200]""},{""chisq"":5.6297712146810275,""cite_key"":""ATLAS:2016neq"",""collider"":""LHC8"",""experiment"":""LHCComb"",""luminosity"":25.0,""measurement_id"":160602266,""process"":""LHC8 [Htt,tchanHt,schanHt,HtW]>[WW]"",""reference"":""1606.02266"",""submeasurement"":""Htt_WW""},{""chisq"":5.48603910167683,""cite_key"":""CMS:2022kdi"",""collider"":""LHC13"",""experiment"":""CMS"",""luminosity"":138.0,""measurement_id"":220412957,""process"":""LHC13 [vbfH>tautau]"",""reference"":""2204.12957"",""submeasurement"":""qqH \\geq 2Jet mjj [350,\\infty]pTH [200,\\infty]""},{""chisq"":5.2951064206537595,""cite_key"":""CMS:2021kom"",""collider"":""LHC13"",""experiment"":""CMS"",""luminosity"":137.0,""measurement_id"":210306956,""process"":""LHC13 [H>gamgam]"",""reference"":""2103.06956"",""submeasurement"":""ggH_0J_high_pTH""}]"	False	0.935084118209748	0.3544258623067707	0.0			0015987700e308d3d36c4b715a7f45f014e790a0c2bae52b15fac3c2a77c7b74	exclusions_and_general	output/trsm_points_13.6-20260715-777-False_vxzero.dat	188		True	0.0035674798171626567	24.320925370989787	0.0	False
499.4	840.6	319.5	0	-0.1989	0.4847	-8.91219995185437	3.706250328543702	30.14854138608516	0.04229946143864097	-0.08063327851716465	0.0	-91.51621418229358	0.0	192.8853482511389	0.0	-957.6	796.9999999999999	0	0	False	3.013e-06	2.4251746488498674e-07	True	False	0	0	False	nan	nan	nan	0.0	lz2025-source	2.525388477314738e-11	840.6	1.26e-05	False	0.121	True	True	True	nan	nan	nan	nan	nan	nan	False	"{""H1"":{""cite_key"":""CMS:2012qwq"",""expRatio"":3.9217481556097846,""limit_id"":12045,""obsRatio"":0.765281345028044,""particles"":[""H1""],""process"":""LHC8 [vbfH,HW,Htt,H,HZ]>[bb,tautau,WW,ZZ,gamgam]"",""reference"":""CMS-PAS-HIG-12-045""},""H2"":{""cite_key"":""ATLAS:2020tlo"",""expRatio"":1.2619165274554887,""limit_id"":2009147911,""obsRatio"":1.4024777076514736,""particles"":[""H2""],""process"":""LHC13 [ggH>ZZ]"",""reference"":""2009.14791""}}"	"[{""cite_key"":""ATLAS:2020tlo"",""expRatio"":1.2619165274554887,""limit_id"":2009147911,""obsRatio"":1.4024777076514736,""particles"":[""H2""],""process"":""LHC13 [ggH>ZZ]"",""reference"":""2009.14791""},{""cite_key"":""CMS:2013yea"",""expRatio"":0.8460244727878445,""limit_id"":13022,""obsRatio"":1.0452179462799218,""particles"":[""H1""],""process"":""LHC8 [vbfH>WW]"",""reference"":""CMS-PAS-HIG-13-022""},{""cite_key"":""CMS:2024phk"",""expRatio"":0.6853115736961714,""limit_id"":240316926,""obsRatio"":1.0268443468097328,""particles"":[""H2"","">"",""H1"",""+"",""H1""],""process"":""LHC13 [H]->X1->(X2->[bb])(X3->[bb, tautau, gamgam, WW])"",""reference"":""2403.16926""},{""cite_key"":""CMS:2018amk"",""expRatio"":0.7172670996733436,""limit_id"":1804019391,""obsRatio"":0.9698975867574722,""particles"":[""H2""],""process"":""LHC13 [vbfH,H]>[ZZ]"",""reference"":""1804.01939""},{""cite_key"":""ATLAS:2018sbw"",""expRatio"":1.1290664485334607,""limit_id"":1808023801,""obsRatio"":0.9583664174344202,""particles"":[""H2""],""process"":""LHC13 [H]>[WW,ZZ]"",""reference"":""1808.02380""}]"	153.0505349937182	0.5016666393763956	"[{""chisq"":10.43500554311158,""cite_key"":""CMS:2022kdi"",""collider"":""LHC13"",""experiment"":""CMS"",""luminosity"":138.0,""measurement_id"":220412957,""process"":""LHC13 [H>tautau]"",""reference"":""2204.12957"",""submeasurement"":""ggH 0 JetpTH [0,10]""},{""chisq"":8.82734413570875,""cite_key"":""CMS:2022kdi"",""collider"":""LHC13"",""experiment"":""CMS"",""luminosity"":138.0,""measurement_id"":220412957,""process"":""LHC13 [H>tautau]"",""reference"":""2204.12957"",""submeasurement"":""ggH 0 JetpTH [10,200]""},{""chisq"":6.891912818794582,""cite_key"":""CMS:2022kdi"",""collider"":""LHC13"",""experiment"":""CMS"",""luminosity"":138.0,""measurement_id"":220412957,""process"":""LHC13 [vbfH>tautau]"",""reference"":""2204.12957"",""submeasurement"":""qqH \\geq 2Jet mjj [350,\\infty]pTH [200,\\infty]""},{""chisq"":5.395334390458796,""cite_key"":""ATLAS:2016neq"",""collider"":""LHC8"",""experiment"":""LHCComb"",""luminosity"":25.0,""measurement_id"":160602266,""process"":""LHC8 [Htt,tchanHt,schanHt,HtW]>[WW]"",""reference"":""1606.02266"",""submeasurement"":""Htt_WW""},{""chisq"":4.935153029086404,""cite_key"":""ATLAS:2016neq"",""collider"":""LHC8"",""experiment"":""LHCComb"",""luminosity"":25.0,""measurement_id"":160602266,""process"":""LHC8 [HZ>WW]"",""reference"":""1606.02266"",""submeasurement"":""HZ_WW""}]"	True	0.9802845211208249	-0.19759113758191427	0.0			001ed98f07004b1e1bfa632a544455fe7222b2f5d47740a8710ebcefae7f12c0	exclusions_and_general	output/trsm_points_13.6-20260715-777-False_vxzero.dat	8971		True	0.003920707588784267	3.0662286150443796	0.0	True
337.0	536.0	140.3	0	0.1994	0.4879	-0.218112897197897	0.07726960227116966	29.517167673035008	0.04342403353818912	-0.040474374579250766	0.0	75.88940210292074	0.0	-145.68455388574694	0.0	-27.370000000000005	-0.0010420000000008756	0	0	False	5.939e-09	1.2378125855880323e-10	True	False	0	0	False	nan	nan	nan	0.0	lz2025-source	1.6265471165991502e-11	536.0	0.0159	False	0.121	True	True	True	nan	nan	nan	nan	nan	nan	False	"{""H1"":{""cite_key"":""CMS:2012qwq"",""expRatio"":3.9209567276188753,""limit_id"":12045,""obsRatio"":0.7651269075034137,""particles"":[""H1""],""process"":""LHC8 [vbfH,HW,Htt,H,HZ]>[bb,tautau,WW,ZZ,gamgam]"",""reference"":""CMS-PAS-HIG-12-045""},""H2"":{""cite_key"":""ATLAS:2020tlo"",""expRatio"":1.0868967040524624,""limit_id"":2009147912,""obsRatio"":1.8267034561361475,""particles"":[""H2""],""process"":""LHC13 [ggH>ZZ]"",""reference"":""2009.14791""}}"	"[{""cite_key"":""ATLAS:2020tlo"",""expRatio"":1.0868967040524624,""limit_id"":2009147912,""obsRatio"":1.8267034561361475,""particles"":[""H2""],""process"":""LHC13 [ggH>ZZ]"",""reference"":""2009.14791""},{""cite_key"":""CMS:2024phk"",""expRatio"":1.0627120696605425,""limit_id"":240316926,""obsRatio"":1.2272841677909667,""particles"":[""H2"","">"",""H1"",""+"",""H1""],""process"":""LHC13 [H]->X1->(X2->[bb])(X3->[bb, tautau, gamgam, WW])"",""reference"":""2403.16926""},{""cite_key"":""CMS:2013yea"",""expRatio"":0.8458537409044619,""limit_id"":13022,""obsRatio"":1.045007016177716,""particles"":[""H1""],""process"":""LHC8 [vbfH>WW]"",""reference"":""CMS-PAS-HIG-13-022""},{""cite_key"":""CMS:2013cul"",""expRatio"":2.325923510204739,""limit_id"":13003,""obsRatio"":0.8206912794636695,""particles"":[""H1""],""process"":""LHC8 [H>WW]"",""reference"":""CMS-PAS-HIG-13-003""},{""cite_key"":""ATLAS:2014vuz"",""expRatio"":1.281301355909153,""limit_id"":14096212,""obsRatio"":0.800049963070852,""particles"":[""H1""],""process"":""LHC8 [HW,HZ]>[bb]"",""reference"":""1409.6212""}]"	153.0597649695785	0.5108966152367032	"[{""chisq"":10.433442725705836,""cite_key"":""CMS:2022kdi"",""collider"":""LHC13"",""experiment"":""CMS"",""luminosity"":138.0,""measurement_id"":220412957,""process"":""LHC13 [H>tautau]"",""reference"":""2204.12957"",""submeasurement"":""ggH 0 JetpTH [0,10]""},{""chisq"":8.824873023973531,""cite_key"":""CMS:2022kdi"",""collider"":""LHC13"",""experiment"":""CMS"",""luminosity"":138.0,""measurement_id"":220412957,""process"":""LHC13 [H>tautau]"",""reference"":""2204.12957"",""submeasurement"":""ggH 0 JetpTH [10,200]""},{""chisq"":6.888584726398466,""cite_key"":""CMS:2022kdi"",""collider"":""LHC13"",""experiment"":""CMS"",""luminosity"":138.0,""measurement_id"":220412957,""process"":""LHC13 [vbfH>tautau]"",""reference"":""2204.12957"",""submeasurement"":""qqH \\geq 2Jet mjj [350,\\infty]pTH [200,\\infty]""},{""chisq"":5.3958541551773,""cite_key"":""ATLAS:2016neq"",""collider"":""LHC8"",""experiment"":""LHCComb"",""luminosity"":25.0,""measurement_id"":160602266,""process"":""LHC8 [Htt,tchanHt,schanHt,HtW]>[WW]"",""reference"":""1606.02266"",""submeasurement"":""Htt_WW""},{""chisq"":4.935528660734612,""cite_key"":""ATLAS:2016neq"",""collider"":""LHC8"",""experiment"":""LHCComb"",""luminosity"":25.0,""measurement_id"":160602266,""process"":""LHC8 [HZ>WW]"",""reference"":""1606.02266"",""submeasurement"":""HZ_WW""}]"	True	0.9801856030205879	0.19808125512316038	0.0			0024c6fb528e9823c776a0df2b5f9e4790e086250af202a45ea668978308ee95	exclusions_and_general	output/trsm_points_13.6-20260715-777-False_vxzero.dat	6262		True	0.003919916370784841	0.9602557189747762	0.0	True
131.3	293.0	95.33	0	0.2613	0.1082	-0.0019922595607198917	-0.019054334928080126	27.258863568089495	0.029655540291480396	0.012783588288423787	0.0	40.19576130577691	0.0	-56.81839142310746	0.0	-0.0021020000000000205	-0.9407	0	0	False	1.357e-12	5.92642882081539e-13	True	True	1	1	False	293.0	2.337319e-17	8.473036038736016e-12	2.7585377771492104e-06	lz2025-source	9.012090107686213e-12	293.0	1.84	True	0.121	True	True	True	nan	nan	nan	nan	nan	nan	True	"{""H1"":{""cite_key"":""CMS:2012qwq"",""expRatio"":3.808720270343289,""limit_id"":12045,""obsRatio"":0.7432253310693993,""particles"":[""H1""],""process"":""LHC8 [vbfH,HW,Htt,H,HZ]>[bb,tautau,WW,ZZ,gamgam]"",""reference"":""CMS-PAS-HIG-12-045""},""H2"":{""cite_key"":""CMS:2013zmy"",""expRatio"":2.4925372591604895,""limit_id"":13121129,""obsRatio"":0.8293868261228581,""particles"":[""H1"",""H2""],""process"":""LHC8 [ggH,vbfH,HW,HZ]>[WW]"",""reference"":""1312.1129""}}"	"[{""cite_key"":""CMS:2013yea"",""expRatio"":0.9078083173506509,""limit_id"":13022,""obsRatio"":1.0873902154690065,""particles"":[""H1"",""H2""],""process"":""LHC8 [vbfH>WW]"",""reference"":""CMS-PAS-HIG-13-022""},{""cite_key"":""CMS:2013cul"",""expRatio"":2.453954910293882,""limit_id"":13003,""obsRatio"":0.8624344729268301,""particles"":[""H1"",""H2""],""process"":""LHC8 [H>WW]"",""reference"":""CMS-PAS-HIG-13-003""},{""cite_key"":""CMS:2013zmy"",""expRatio"":2.4925372591604895,""limit_id"":13121129,""obsRatio"":0.8293868261228581,""particles"":[""H1"",""H2""],""process"":""LHC8 [ggH,vbfH,HW,HZ]>[WW]"",""reference"":""1312.1129""},{""cite_key"":""ATLAS:2014vuz"",""expRatio"":1.3049490235021586,""limit_id"":14096212,""obsRatio"":0.8086355510329362,""particles"":[""H1"",""H2""],""process"":""LHC8 [HW,HZ]>[bb]"",""reference"":""1409.6212""},{""cite_key"":""CMS:2013uhr"",""expRatio"":2.0009957105306366,""limit_id"":13001,""obsRatio"":0.754233165645844,""particles"":[""H1""],""process"":""LHC8 [vbfH,HW,Htt,H,HZ]>[gamgam]"",""reference"":""CMS-PAS-HIG-13-001""}]"	155.84321669143105	3.2943483370892466	"[{""chisq"":10.212996786205686,""cite_key"":""CMS:2022kdi"",""collider"":""LHC13"",""experiment"":""CMS"",""luminosity"":138.0,""measurement_id"":220412957,""process"":""LHC13 [H>tautau]"",""reference"":""2204.12957"",""submeasurement"":""ggH 0 JetpTH [0,10]""},{""chisq"":8.477935108686836,""cite_key"":""CMS:2022kdi"",""collider"":""LHC13"",""experiment"":""CMS"",""luminosity"":138.0,""measurement_id"":220412957,""process"":""LHC13 [H>tautau]"",""reference"":""2204.12957"",""submeasurement"":""ggH 0 JetpTH [10,200]""},{""chisq"":6.424748915956247,""cite_key"":""CMS:2022kdi"",""collider"":""LHC13"",""experiment"":""CMS"",""luminosity"":138.0,""measurement_id"":220412957,""process"":""LHC13 [vbfH>tautau]"",""reference"":""2204.12957"",""submeasurement"":""qqH \\geq 2Jet mjj [350,\\infty]pTH [200,\\infty]""},{""chisq"":5.469809018265896,""cite_key"":""ATLAS:2016neq"",""collider"":""LHC8"",""experiment"":""LHCComb"",""luminosity"":25.0,""measurement_id"":160602266,""process"":""LHC8 [Htt,tchanHt,schanHt,HtW]>[WW]"",""reference"":""1606.02266"",""submeasurement"":""Htt_WW""},{""chisq"":4.988942252380566,""cite_key"":""ATLAS:2016neq"",""collider"":""LHC8"",""experiment"":""LHCComb"",""luminosity"":25.0,""measurement_id"":160602266,""process"":""LHC8 [HZ>WW]"",""reference"":""1606.02266"",""submeasurement"":""HZ_WW""}]"	True	0.9660549569117712	0.2583366412768344	0.0			002545430b2eafc8df8691916c66a80acb6c80c0a15880eb3d024ee6adcd7c07	exclusions_and_general	output/trsm_points_13.6-20260715-777-False_vxzero.dat	4563		True	0.0038077096934771215	0.0003443670592343633	0.0	True
14.12	706.3	181.1	0	0.2556	0.2251	0.001765827209175934	-0.0012824483049710404	28.105567580347387	0.02528352125573594	0.03649974197753604	0.0	20.527188006279115	0.0	-8.467772971212273	0.0	0.2395	-0.057439999999999984	0	0	False	4.125e-12	1.0187807114727788e-14	True	False	0	0	False	nan	nan	nan	0.0	lz2025-source	2.130177851261265e-11	706.3	253.0	True	0.121	True	True	True	nan	nan	nan	nan	nan	nan	True	"{""H1"":{""cite_key"":""CMS:2012qwq"",""expRatio"":3.820216083174502,""limit_id"":12045,""obsRatio"":0.7454685988052626,""particles"":[""H1""],""process"":""LHC8 [vbfH,HW,Htt,H,HZ]>[bb,tautau,WW,ZZ,gamgam]"",""reference"":""CMS-PAS-HIG-12-045""},""H2"":{""cite_key"":""OPAL:2002ifx"",""expRatio"":0.6114264486048134,""limit_id"":206022,""obsRatio"":0.7120685170989843,""particles"":[""H2""],""process"":""LEP [eeHZ>none]"",""reference"":""hep-ex/0206022""}}"	"[{""cite_key"":""CMS:2013yea"",""expRatio"":0.8241213279032742,""limit_id"":13022,""obsRatio"":1.0181577833062874,""particles"":[""H1""],""process"":""LHC8 [vbfH>WW]"",""reference"":""CMS-PAS-HIG-13-022""},{""cite_key"":""CMS:2013cul"",""expRatio"":2.2661638521356124,""limit_id"":13003,""obsRatio"":0.7996053623963687,""particles"":[""H1""],""process"":""LHC8 [H>WW]"",""reference"":""CMS-PAS-HIG-13-003""},{""cite_key"":""ATLAS:2014vuz"",""expRatio"":1.2483810425038777,""limit_id"":14096212,""obsRatio"":0.7794943807305185,""particles"":[""H1""],""process"":""LHC8 [HW,HZ]>[bb]"",""reference"":""1409.6212""},{""cite_key"":""CMS:2013zmy"",""expRatio"":2.2828300300683675,""limit_id"":13121129,""obsRatio"":0.7620912155492657,""particles"":[""H1""],""process"":""LHC8 [ggH,vbfH,HW,HZ]>[WW]"",""reference"":""1312.1129""},{""cite_key"":""CMS:2013uhr"",""expRatio"":2.0070352908966287,""limit_id"":13001,""obsRatio"":0.756509658191351,""particles"":[""H1""],""process"":""LHC8 [vbfH,HW,Htt,H,HZ]>[gamgam]"",""reference"":""CMS-PAS-HIG-13-001""}]"	154.78343745252852	2.234569098186711	"[{""chisq"":10.235467751676296,""cite_key"":""CMS:2022kdi"",""collider"":""LHC13"",""experiment"":""CMS"",""luminosity"":138.0,""measurement_id"":220412957,""process"":""LHC13 [H>tautau]"",""reference"":""2204.12957"",""submeasurement"":""ggH 0 JetpTH [0,10]""},{""chisq"":8.513150406182254,""cite_key"":""CMS:2022kdi"",""collider"":""LHC13"",""experiment"":""CMS"",""luminosity"":138.0,""measurement_id"":220412957,""process"":""LHC13 [H>tautau]"",""reference"":""2204.12957"",""submeasurement"":""ggH 0 JetpTH [10,200]""},{""chisq"":6.471514344932204,""cite_key"":""CMS:2022kdi"",""collider"":""LHC13"",""experiment"":""CMS"",""luminosity"":138.0,""measurement_id"":220412957,""process"":""LHC13 [vbfH>tautau]"",""reference"":""2204.12957"",""submeasurement"":""qqH \\geq 2Jet mjj [350,\\infty]pTH [200,\\infty]""},{""chisq"":5.4622119024561755,""cite_key"":""ATLAS:2016neq"",""collider"":""LHC8"",""experiment"":""LHCComb"",""luminosity"":25.0,""measurement_id"":160602266,""process"":""LHC8 [Htt,tchanHt,schanHt,HtW]>[WW]"",""reference"":""1606.02266"",""submeasurement"":""Htt_WW""},{""chisq"":4.9834582840109505,""cite_key"":""ATLAS:2016neq"",""collider"":""LHC8"",""experiment"":""LHCComb"",""luminosity"":25.0,""measurement_id"":160602266,""process"":""LHC8 [HZ>WW]"",""reference"":""1606.02266"",""submeasurement"":""HZ_WW""}]"	True	0.9675117742730878	0.2528259611727831	0.0			004d8ed3b7d9c9376e32d008be70b4f48422f6594e042217dcd9b10eb5f363b2	exclusions_and_general	output/trsm_points_13.6-20260715-777-False_vxzero.dat	1699		True	0.003819202456096798	nan	0.0	True
128.0	549.4	354.0	0	0.3024	0.1599	-1.1945468935690153	-2.658735710551298	27.084235352589936	0.02713070530195498	0.03171231313090825	0.0	32.002641269220284	0.0	-10.227419712389501	0.0	-0.11299999999997112	-493.0000000000001	0	0	False	1.54e-07	3.930240238270907e-08	True	False	0	0	False	nan	nan	nan	0.0	lz2025-source	1.6662919357297317e-11	549.4	5.13e-05	False	0.121	True	True	True	nan	nan	nan	nan	nan	nan	True	"{""H1"":{""cite_key"":""CMS:2012qwq"",""expRatio"":3.7191231043731925,""limit_id"":12045,""obsRatio"":0.7257415363524397,""particles"":[""H1""],""process"":""LHC8 [vbfH,HW,Htt,H,HZ]>[bb,tautau,WW,ZZ,gamgam]"",""reference"":""CMS-PAS-HIG-12-045""},""H2"":{""cite_key"":""CMS:2013zmy"",""expRatio"":2.487277858634664,""limit_id"":13121129,""obsRatio"":0.8287396134899331,""particles"":[""H1"",""H2""],""process"":""LHC8 [ggH,vbfH,HW,HZ]>[WW]"",""reference"":""1312.1129""}}"	"[{""cite_key"":""CMS:2013yea"",""expRatio"":0.8951546552185691,""limit_id"":13022,""obsRatio"":1.0887252637709424,""particles"":[""H1"",""H2""],""process"":""LHC8 [vbfH>WW]"",""reference"":""CMS-PAS-HIG-13-022""},{""cite_key"":""CMS:2013cul"",""expRatio"":2.459572334665352,""limit_id"":13003,""obsRatio"":0.865762926874774,""particles"":[""H1"",""H2""],""process"":""LHC8 [H>WW]"",""reference"":""CMS-PAS-HIG-13-003""},{""cite_key"":""CMS:2013zmy"",""expRatio"":2.487277858634664,""limit_id"":13121129,""obsRatio"":0.8287396134899331,""particles"":[""H1"",""H2""],""process"":""LHC8 [ggH,vbfH,HW,HZ]>[WW]"",""reference"":""1312.1129""},{""cite_key"":""ATLAS:2014vuz"",""expRatio"":1.3122898559947604,""limit_id"":14096212,""obsRatio"":0.8149009471678824,""particles"":[""H1"",""H2""],""process"":""LHC8 [HW,HZ]>[bb]"",""reference"":""1409.6212""},{""cite_key"":""CMS:2013uhr"",""expRatio"":1.9539238512035388,""limit_id"":13001,""obsRatio"":0.7364904202285147,""particles"":[""H1""],""process"":""LHC8 [vbfH,HW,Htt,H,HZ]>[gamgam]"",""reference"":""CMS-PAS-HIG-13-001""}]"	157.38726565180954	4.838397297467736	"[{""chisq"":10.038706654864507,""cite_key"":""CMS:2022kdi"",""collider"":""LHC13"",""experiment"":""CMS"",""luminosity"":138.0,""measurement_id"":220412957,""process"":""LHC13 [H>tautau]"",""reference"":""2204.12957"",""submeasurement"":""ggH 0 JetpTH [0,10]""},{""chisq"":8.205971950899784,""cite_key"":""CMS:2022kdi"",""collider"":""LHC13"",""experiment"":""CMS"",""luminosity"":138.0,""measurement_id"":220412957,""process"":""LHC13 [H>tautau]"",""reference"":""2204.12957"",""submeasurement"":""ggH 0 JetpTH [10,200]""},{""chisq"":6.06607467453521,""cite_key"":""CMS:2022kdi"",""collider"":""LHC13"",""experiment"":""CMS"",""luminosity"":138.0,""measurement_id"":220412957,""process"":""LHC13 [vbfH>tautau]"",""reference"":""2204.12957"",""submeasurement"":""qqH \\geq 2Jet mjj [350,\\infty]pTH [200,\\infty]""},{""chisq"":5.290814952535869,""cite_key"":""ATLAS:2016neq"",""collider"":""LHC8"",""experiment"":""LHCComb"",""luminosity"":25.0,""measurement_id"":160602266,""process"":""LHC8 [Htt,tchanHt,schanHt,HtW]>[WW]"",""reference"":""1606.02266"",""submeasurement"":""Htt_WW""},{""chisq"":4.972828321192287,""cite_key"":""CMS:2022kdi"",""collider"":""LHC13"",""experiment"":""CMS"",""luminosity"":138.0,""measurement_id"":220412957,""process"":""LHC13 [H>tautau]"",""reference"":""2204.12957"",""submeasurement"":""ggH 1 JetpTH [60,120]""}]"	False	0.9546244899427292	0.29781216093635976	0.0			004f872495686f01778e795a2aad1fd4a4b6811068d0fe024097dd27532eab3c	exclusions_and_general	output/trsm_points_13.6-20260715-777-False_vxzero.dat	9689		True	0.003718136300537537	0.00039992661696840886	0.0	True
572.2	905.3	263.2	0	0.1969	0.3673	-0.052688710015703806	0.009847011861508975	29.773147817983308	0.06202375900102003	-0.05650673164048768	0.0	162.74705335027556	0.0	-188.49076645080484	0.0	-6.609	0.0030050000000003685	0	0	False	1.217e-10	4.506819908186059e-12	True	False	0	0	False	nan	nan	nan	0.0	lz2025-source	2.7152658785682952e-11	905.3	0.729	True	0.121	True	True	True	nan	nan	nan	nan	nan	nan	False	"{""H1"":{""cite_key"":""CMS:2012qwq"",""expRatio"":3.9248950476215976,""limit_id"":12045,""obsRatio"":0.7658954226423889,""particles"":[""H1""],""process"":""LHC8 [vbfH,HW,Htt,H,HZ]>[bb,tautau,WW,ZZ,gamgam]"",""reference"":""CMS-PAS-HIG-12-045""},""H2"":{""cite_key"":""ATLAS:2023vdy"",""expRatio"":1.2921539841203502,""limit_id"":231115956,""obsRatio"":1.7796871974085133,""particles"":[""H2"","">"",""H1"",""+"",""H1""],""process"":""LHC13 [H]->X1->(X2->[bb])(X3->[bb, tautau, gamgam])"",""reference"":""2311.15956""}}"	"[{""cite_key"":""ATLAS:2023vdy"",""expRatio"":1.2921539841203502,""limit_id"":231115956,""obsRatio"":1.7796871974085133,""particles"":[""H2"","">"",""H1"",""+"",""H1""],""process"":""LHC13 [H]->X1->(X2->[bb])(X3->[bb, tautau, gamgam])"",""reference"":""2311.15956""},{""cite_key"":""ATLAS:2022xzm"",""expRatio"":1.002788989636503,""limit_id"":220910910,""obsRatio"":1.2759634204513344,""particles"":[""H2"","">"",""H1"",""+"",""H1""],""process"":""LHC13 [H]->X1->(X2->[tautau])(X3->[bb])"",""reference"":""2209.10910""},{""cite_key"":""CMS:2013yea"",""expRatio"":0.8467033403615831,""limit_id"":13022,""obsRatio"":1.0460566508257618,""particles"":[""H1""],""process"":""LHC8 [vbfH>WW]"",""reference"":""CMS-PAS-HIG-13-022""},{""cite_key"":""CMS:2024phk"",""expRatio"":0.871771366808871,""limit_id"":240316926,""obsRatio"":1.042044924039948,""particles"":[""H2"","">"",""H1"",""+"",""H1""],""process"":""LHC13 [H]->X1->(X2->[bb])(X3->[bb, tautau, gamgam, WW])"",""reference"":""2403.16926""},{""cite_key"":""CMS:2018amk"",""expRatio"":0.46240111645138693,""limit_id"":1804019391,""obsRatio"":1.0010341487184282,""particles"":[""H2""],""process"":""LHC13 [vbfH,H]>[ZZ]"",""reference"":""1804.01939""}]"	153.01449429473828	0.4656259403964782	"[{""chisq"":10.441220807228556,""cite_key"":""CMS:2022kdi"",""collider"":""LHC13"",""experiment"":""CMS"",""luminosity"":138.0,""measurement_id"":220412957,""process"":""LHC13 [H>tautau]"",""reference"":""2204.12957"",""submeasurement"":""ggH 0 JetpTH [0,10]""},{""chisq"":8.837173242613742,""cite_key"":""CMS:2022kdi"",""collider"":""LHC13"",""experiment"":""CMS"",""luminosity"":138.0,""measurement_id"":220412957,""process"":""LHC13 [H>tautau]"",""reference"":""2204.12957"",""submeasurement"":""ggH 0 JetpTH [10,200]""},{""chisq"":6.905153997598437,""cite_key"":""CMS:2022kdi"",""collider"":""LHC13"",""experiment"":""CMS"",""luminosity"":138.0,""measurement_id"":220412957,""process"":""LHC13 [vbfH>tautau]"",""reference"":""2204.12957"",""submeasurement"":""qqH \\geq 2Jet mjj [350,\\infty]pTH [200,\\infty]""},{""chisq"":5.393267930373188,""cite_key"":""ATLAS:2016neq"",""collider"":""LHC8"",""experiment"":""LHCComb"",""luminosity"":25.0,""measurement_id"":160602266,""process"":""LHC8 [Htt,tchanHt,schanHt,HtW]>[WW]"",""reference"":""1606.02266"",""submeasurement"":""Htt_WW""},{""chisq"":4.933659574976234,""cite_key"":""ATLAS:2016neq"",""collider"":""LHC8"",""experiment"":""LHCComb"",""luminosity"":25.0,""measurement_id"":160602266,""process"":""LHC8 [HZ>WW]"",""reference"":""1606.02266"",""submeasurement"":""HZ_WW""}]"	True	0.9806777425641452	0.19563017466457494	0.0			00502fd809bbd98c95bbbdb4cdc1bb330a20ba2243a47652df98e98a05eaa286	exclusions_and_general	output/trsm_points_13.6-20260715-777-False_vxzero.dat	1376		True	0.0039238536458236885	5.400715788007628	0.0	False
154.1	280.9	119.6	0	-0.05282	0.2843	0.007878956301397759	0.0007728282799632097	31.68062433706081	0.032178982430445556	-0.00706548698831235	0.0	-5.249455584064696	0.0	14.25467657741514	0.0	0.9702	-0.005013999999999998	0	0	False	2.81e-11	4.0246728769455345e-13	True	True	1	1	False	280.9	4.617104e-16	4.445128293830646e-12	0.00010386885810265674	lz2025-source	8.64805742153586e-12	280.9	2.6	True	0.121	True	True	True	nan	nan	nan	nan	nan	nan	True	"{""H1"":{""cite_key"":""CMS:2012qwq"",""expRatio"":4.069707401492024,""limit_id"":12045,""obsRatio"":0.7941537881848355,""particles"":[""H1""],""process"":""LHC8 [vbfH,HW,Htt,H,HZ]>[bb,tautau,WW,ZZ,gamgam]"",""reference"":""CMS-PAS-HIG-12-045""},""H2"":{""cite_key"":""CMS:2018amk"",""expRatio"":0.04153178430234038,""limit_id"":1804019391,""obsRatio"":0.07322297917211434,""particles"":[""H2""],""process"":""LHC13 [vbfH,H]>[ZZ]"",""reference"":""1804.01939""}}"	"[{""cite_key"":""CMS:2013yea"",""expRatio"":0.8779431830223485,""limit_id"":13022,""obsRatio"":1.0846518040846218,""particles"":[""H1""],""process"":""LHC8 [vbfH>WW]"",""reference"":""CMS-PAS-HIG-13-022""},{""cite_key"":""CMS:2013cul"",""expRatio"":2.4141628644121664,""limit_id"":13003,""obsRatio"":0.8518261246921642,""particles"":[""H1""],""process"":""LHC8 [H>WW]"",""reference"":""CMS-PAS-HIG-13-003""},{""cite_key"":""ATLAS:2014vuz"",""expRatio"":1.3299105228462775,""limit_id"":14096212,""obsRatio"":0.8304017316330236,""particles"":[""H1""],""process"":""LHC8 [HW,HZ]>[bb]"",""reference"":""1409.6212""},{""cite_key"":""CMS:2013zmy"",""expRatio"":2.43191747991317,""limit_id"":13121129,""obsRatio"":0.8118619975956028,""particles"":[""H1""],""process"":""LHC8 [ggH,vbfH,HW,HZ]>[WW]"",""reference"":""1312.1129""},{""cite_key"":""CMS:2013uhr"",""expRatio"":2.138111091252794,""limit_id"":13001,""obsRatio"":0.8059159189453916,""particles"":[""H1""],""process"":""LHC8 [vbfH,HW,Htt,H,HZ]>[gamgam]"",""reference"":""CMS-PAS-HIG-13-001""}]"	152.63208285958584	0.08321450524402962	"[{""chisq"":10.729234018026524,""cite_key"":""CMS:2022kdi"",""collider"":""LHC13"",""experiment"":""CMS"",""luminosity"":138.0,""measurement_id"":220412957,""process"":""LHC13 [H>tautau]"",""reference"":""2204.12957"",""submeasurement"":""ggH 0 JetpTH [0,10]""},{""chisq"":9.295401664234289,""cite_key"":""CMS:2022kdi"",""collider"":""LHC13"",""experiment"":""CMS"",""luminosity"":138.0,""measurement_id"":220412957,""process"":""LHC13 [H>tautau]"",""reference"":""2204.12957"",""submeasurement"":""ggH 0 JetpTH [10,200]""},{""chisq"":7.528225809639151,""cite_key"":""CMS:2022kdi"",""collider"":""LHC13"",""experiment"":""CMS"",""luminosity"":138.0,""measurement_id"":220412957,""process"":""LHC13 [vbfH>tautau]"",""reference"":""2204.12957"",""submeasurement"":""qqH \\geq 2Jet mjj [350,\\infty]pTH [200,\\infty]""},{""chisq"":5.298587895294894,""cite_key"":""ATLAS:2016neq"",""collider"":""LHC8"",""experiment"":""LHCComb"",""luminosity"":25.0,""measurement_id"":160602266,""process"":""LHC8 [Htt,tchanHt,schanHt,HtW]>[WW]"",""reference"":""1606.02266"",""submeasurement"":""Htt_WW""},{""chisq"":4.86517661625078,""cite_key"":""ATLAS:2016neq"",""collider"":""LHC8"",""experiment"":""LHCComb"",""luminosity"":25.0,""measurement_id"":160602266,""process"":""LHC8 [HZ>WW]"",""reference"":""1606.02266"",""submeasurement"":""HZ_WW""}]"	True	0.9986053480962728	-0.05279544254499552	0.0			006305c821c4c5a7403e03e75ac362f8dea7ad1069198b9b99d814a38c2f102d	exclusions_and_general	output/trsm_points_13.6-20260715-777-False_vxzero.dat	7909		True	0.004068627576285631	6.0970807547127e-05	0.0	True
399.0	831.6	365.3	0	0.4299	0.2154	-3.735068328784619	1.1532344769323108	22.337592507311502	0.08274619291820812	-0.002953392089409687	0.0	174.51120943487638	0.0	-50.25304813090668	0.0	-505.4	-0.0025150000000166983	0	0	False	7.265e-07	2.5409497143707834e-08	True	False	0	0	False	nan	nan	nan	0.0	lz2025-source	2.498950545538209e-11	831.6	0.000119	False	0.121	True	True	True	nan	nan	nan	nan	nan	nan	False	"{""H1"":{""cite_key"":""ATLAS:2023vdy"",""expRatio"":5.971903473585479,""limit_id"":231115956,""obsRatio"":9.776321163051003,""particles"":[""H2"","">"",""H1"",""+"",""H1""],""process"":""LHC13 [H]->X1->(X2->[bb])(X3->[bb, tautau, gamgam])"",""reference"":""2311.15956""},""H2"":{""cite_key"":""ATLAS:2020tlo"",""expRatio"":7.674658031881258,""limit_id"":2009147912,""obsRatio"":6.360393125787428,""particles"":[""H2""],""process"":""LHC13 [ggH>ZZ]"",""reference"":""2009.14791""}}"	"[{""cite_key"":""ATLAS:2023vdy"",""expRatio"":5.971903473585479,""limit_id"":231115956,""obsRatio"":9.776321163051003,""particles"":[""H2"","">"",""H1"",""+"",""H1""],""process"":""LHC13 [H]->X1->(X2->[bb])(X3->[bb, tautau, gamgam])"",""reference"":""2311.15956""},{""cite_key"":""CMS:2024phk"",""expRatio"":5.393747338449258,""limit_id"":240316926,""obsRatio"":7.929834939364128,""particles"":[""H2"","">"",""H1"",""+"",""H1""],""process"":""LHC13 [H]->X1->(X2->[bb])(X3->[bb, tautau, gamgam, WW])"",""reference"":""2403.16926""},{""cite_key"":""ATLAS:2022xzm"",""expRatio"":3.7241785080564087,""limit_id"":220910910,""obsRatio"":6.6530273699906335,""particles"":[""H2"","">"",""H1"",""+"",""H1""],""process"":""LHC13 [H]->X1->(X2->[tautau])(X3->[bb])"",""reference"":""2209.10910""},{""cite_key"":""ATLAS:2020tlo"",""expRatio"":7.674658031881258,""limit_id"":2009147912,""obsRatio"":6.360393125787428,""particles"":[""H2""],""process"":""LHC13 [ggH>ZZ]"",""reference"":""2009.14791""},{""cite_key"":""ATLAS:2020fry"",""expRatio"":2.0397064769266167,""limit_id"":2004146361,""obsRatio"":4.666206745421635,""particles"":[""H2""],""process"":""LHC13 [H]>[WW,ZZ]"",""reference"":""2004.14636""}]"	176.20238201622084	23.653513661879032	"[{""chisq"":9.377953908771104,""cite_key"":""CMS:2022kdi"",""collider"":""LHC13"",""experiment"":""CMS"",""luminosity"":138.0,""measurement_id"":220412957,""process"":""LHC13 [H>tautau]"",""reference"":""2204.12957"",""submeasurement"":""ggH 0 JetpTH [0,10]""},{""chisq"":7.194673894584007,""cite_key"":""CMS:2022kdi"",""collider"":""LHC13"",""experiment"":""CMS"",""luminosity"":138.0,""measurement_id"":220412957,""process"":""LHC13 [H>tautau]"",""reference"":""2204.12957"",""submeasurement"":""ggH 0 JetpTH [10,200]""},{""chisq"":6.75154748316332,""cite_key"":""CMS:2021kom"",""collider"":""LHC13"",""experiment"":""CMS"",""luminosity"":137.0,""measurement_id"":210306956,""process"":""LHC13 [H>gamgam]"",""reference"":""2103.06956"",""submeasurement"":""ggH_0J_high_pTH""},{""chisq"":5.76205408636967,""cite_key"":""ATLAS:2016neq"",""collider"":""LHC8"",""experiment"":""LHCComb"",""luminosity"":25.0,""measurement_id"":160602266,""process"":""LHC8 [Htt,tchanHt,schanHt,HtW]>[WW]"",""reference"":""1606.02266"",""submeasurement"":""Htt_WW""},{""chisq"":5.727406485312215,""cite_key"":""CMS:2022kdi"",""collider"":""LHC13"",""experiment"":""CMS"",""luminosity"":138.0,""measurement_id"":220412957,""process"":""LHC13 [H>tautau]"",""reference"":""2204.12957"",""submeasurement"":""ggH 1 JetpTH [60,120]""}]"	False	0.9090074322102298	0.41677990377004076	0.0			007033878de8cf350f6388f4afe9fc37b0499979dd12cb10d994b327b34be0d3	exclusions_and_general	output/trsm_points_13.6-20260715-777-False_vxzero.dat	3074		True	0.0033712816081988175	7.212102688852434	0.0	False
775.4	970.5	420.4	0	-0.1112	0.3503	-0.007509537534410605	0.03925050819086831	31.24364665765201	0.04422570075065242	-0.05187791332875659	0.0	-131.7058808868776	0.0	189.09431863529807	0.0	-0.002407000000000159	8.301999999999998	0	0	False	6.585e-16	9.962119196563609e-13	False	False	0	0	False	nan	nan	nan	0.0	lz2025-source	2.906304195361119e-11	970.5	3.53	True	0.121	True	True	True	nan	nan	nan	nan	nan	nan	True	"{""H1"":{""cite_key"":""CMS:2012qwq"",""expRatio"":4.030826120578664,""limit_id"":12045,""obsRatio"":0.7865665801915769,""particles"":[""H1""],""process"":""LHC8 [vbfH,HW,Htt,H,HZ]>[bb,tautau,WW,ZZ,gamgam]"",""reference"":""CMS-PAS-HIG-12-045""},""H2"":{""cite_key"":""ATLAS:2018sbw"",""expRatio"":0.13430733131825187,""limit_id"":1808023801,""obsRatio"":0.15531525376639174,""particles"":[""H2""],""process"":""LHC13 [H]>[WW,ZZ]"",""reference"":""1808.02380""}}"	"[{""cite_key"":""CMS:2013yea"",""expRatio"":0.8695554656369294,""limit_id"":13022,""obsRatio"":1.0742892282708574,""particles"":[""H1""],""process"":""LHC8 [vbfH>WW]"",""reference"":""CMS-PAS-HIG-13-022""},{""cite_key"":""CMS:2013cul"",""expRatio"":2.3910983697835344,""limit_id"":13003,""obsRatio"":0.8436879251667256,""particles"":[""H1""],""process"":""LHC8 [H>WW]"",""reference"":""CMS-PAS-HIG-13-003""},{""cite_key"":""ATLAS:2014vuz"",""expRatio"":1.3172047876355684,""limit_id"":14096212,""obsRatio"":0.8224682170548678,""particles"":[""H1""],""process"":""LHC8 [HW,HZ]>[bb]"",""reference"":""1409.6212""},{""cite_key"":""CMS:2013zmy"",""expRatio"":2.4086833607575877,""limit_id"":13121129,""obsRatio"":0.804105608431157,""particles"":[""H1""],""process"":""LHC8 [ggH,vbfH,HW,HZ]>[WW]"",""reference"":""1312.1129""},{""cite_key"":""CMS:2013uhr"",""expRatio"":2.1176839475390965,""limit_id"":13001,""obsRatio"":0.7982163375883685,""particles"":[""H1""],""process"":""LHC8 [vbfH,HW,Htt,H,HZ]>[gamgam]"",""reference"":""CMS-PAS-HIG-13-001""}]"	152.53779954411974	-0.011068810222070624	"[{""chisq"":10.651519332379397,""cite_key"":""CMS:2022kdi"",""collider"":""LHC13"",""experiment"":""CMS"",""luminosity"":138.0,""measurement_id"":220412957,""process"":""LHC13 [H>tautau]"",""reference"":""2204.12957"",""submeasurement"":""ggH 0 JetpTH [0,10]""},{""chisq"":9.171232622212074,""cite_key"":""CMS:2022kdi"",""collider"":""LHC13"",""experiment"":""CMS"",""luminosity"":138.0,""measurement_id"":220412957,""process"":""LHC13 [H>tautau]"",""reference"":""2204.12957"",""submeasurement"":""ggH 0 JetpTH [10,200]""},{""chisq"":7.358292511176147,""cite_key"":""CMS:2022kdi"",""collider"":""LHC13"",""experiment"":""CMS"",""luminosity"":138.0,""measurement_id"":220412957,""process"":""LHC13 [vbfH>tautau]"",""reference"":""2204.12957"",""submeasurement"":""qqH \\geq 2Jet mjj [350,\\infty]pTH [200,\\infty]""},{""chisq"":5.323929403446605,""cite_key"":""ATLAS:2016neq"",""collider"":""LHC8"",""experiment"":""LHCComb"",""luminosity"":25.0,""measurement_id"":160602266,""process"":""LHC8 [Htt,tchanHt,schanHt,HtW]>[WW]"",""reference"":""1606.02266"",""submeasurement"":""Htt_WW""},{""chisq"":4.883517334460225,""cite_key"":""ATLAS:2016neq"",""collider"":""LHC8"",""experiment"":""LHCComb"",""luminosity"":25.0,""measurement_id"":160602266,""process"":""LHC8 [HZ>WW]"",""reference"":""1606.02266"",""submeasurement"":""HZ_WW""}]"	True	0.9938236483790037	-0.11097096882809639	0.0			0070c0b8c8a64532ee493bd46408daf9cd7914c931ed2e4c433b49a991d44909	exclusions_and_general	output/trsm_points_13.6-20260715-777-False_vxzero.dat	4233		True	0.004029756611835603	3.81120269606067	0.0	True
954.0	1020.0	384.3	0	-0.3677	0.3617	0.004177875259874834	-0.006961706242288559	26.788700277477897	0.1274862309241341	-0.5948517947425979	0.0	-451.2510457985484	0.0	1197.6245800766105	0.0	-0.0013310000000001376	-1.4329999999999998	0	0	False	1.475e-17	8.078533422730307e-14	False	False	0	0	False	nan	nan	nan	0.0	lz2025-source	3.0511485737088854e-11	1020.0	45.7	True	0.121	True	True	True	nan	nan	nan	nan	nan	nan	True	"{""H1"":{""cite_key"":""CMS:2012qwq"",""expRatio"":3.553730336546234,""limit_id"":12045,""obsRatio"":0.693467153909122,""particles"":[""H1""],""process"":""LHC8 [vbfH,HW,Htt,H,HZ]>[bb,tautau,WW,ZZ,gamgam]"",""reference"":""CMS-PAS-HIG-12-045""},""H2"":{""cite_key"":""ATLAS:2020fry"",""expRatio"":1.3465842919733695,""limit_id"":2004146362,""obsRatio"":0.8543579672151558,""particles"":[""H2""],""process"":""LHC13 [vbfH]>[WW,ZZ]"",""reference"":""2004.14636""}}"	"[{""cite_key"":""CMS:2013yea"",""expRatio"":0.7666333265449615,""limit_id"":13022,""obsRatio"":0.9471344351075399,""particles"":[""H1""],""process"":""LHC8 [vbfH>WW]"",""reference"":""CMS-PAS-HIG-13-022""},{""cite_key"":""ATLAS:2020tlo"",""expRatio"":0.705512189747793,""limit_id"":2009147913,""obsRatio"":0.9387393599123527,""particles"":[""H2""],""process"":""LHC13 [vbfH>ZZ]"",""reference"":""2009.14791""},{""cite_key"":""ATLAS:2020fry"",""expRatio"":1.3465842919733695,""limit_id"":2004146362,""obsRatio"":0.8543579672151558,""particles"":[""H2""],""process"":""LHC13 [vbfH]>[WW,ZZ]"",""reference"":""2004.14636""},{""cite_key"":""ATLAS:2018sbw"",""expRatio"":0.8658487540205857,""limit_id"":1808023801,""obsRatio"":0.8335894826396966,""particles"":[""H2""],""process"":""LHC13 [H]>[WW,ZZ]"",""reference"":""1808.02380""},{""cite_key"":""CMS:2013cul"",""expRatio"":2.108083693063427,""limit_id"":13003,""obsRatio"":0.7438275143985413,""particles"":[""H1""],""process"":""LHC8 [H>WW]"",""reference"":""CMS-PAS-HIG-13-003""}]"	164.7432098987269	12.194341544385082	"[{""chisq"":9.720914223317335,""cite_key"":""CMS:2022kdi"",""collider"":""LHC13"",""experiment"":""CMS"",""luminosity"":138.0,""measurement_id"":220412957,""process"":""LHC13 [H>tautau]"",""reference"":""2204.12957"",""submeasurement"":""ggH 0 JetpTH [0,10]""},{""chisq"":7.715584768564353,""cite_key"":""CMS:2022kdi"",""collider"":""LHC13"",""experiment"":""CMS"",""luminosity"":138.0,""measurement_id"":220412957,""process"":""LHC13 [H>tautau]"",""reference"":""2204.12957"",""submeasurement"":""ggH 0 JetpTH [10,200]""},{""chisq"":5.639626295485791,""cite_key"":""ATLAS:2016neq"",""collider"":""LHC8"",""experiment"":""LHCComb"",""luminosity"":25.0,""measurement_id"":160602266,""process"":""LHC8 [Htt,tchanHt,schanHt,HtW]>[WW]"",""reference"":""1606.02266"",""submeasurement"":""Htt_WW""},{""chisq"":5.4310319321161735,""cite_key"":""CMS:2022kdi"",""collider"":""LHC13"",""experiment"":""CMS"",""luminosity"":138.0,""measurement_id"":220412957,""process"":""LHC13 [vbfH>tautau]"",""reference"":""2204.12957"",""submeasurement"":""qqH \\geq 2Jet mjj [350,\\infty]pTH [200,\\infty]""},{""chisq"":5.396986817740666,""cite_key"":""CMS:2021kom"",""collider"":""LHC13"",""experiment"":""CMS"",""luminosity"":137.0,""measurement_id"":210306956,""process"":""LHC13 [H>gamgam]"",""reference"":""2103.06956"",""submeasurement"":""ggH_0J_high_pTH""}]"	False	0.9331565943615161	-0.3594701244882762	0.0			00718debc5568cd31a3c672eca355586fa329facd838f80104e44e069f1027e9	exclusions_and_general	output/trsm_points_13.6-20260715-777-False_vxzero.dat	7959		True	0.0035527874167695633	65.36635739624477	0.0	True
155.3	574.6	301.1	0	0.2655	0.1491	4.189084874449455	-1.0124892490749207	28.107146504726284	0.02968601051665683	0.026193134535543082	0.0	33.63143255536366	0.0	-17.29255381770445	0.0	537.2	-11.889999999999986	0	0	False	1.915e-06	3.013709664856505e-08	True	False	0	0	False	nan	nan	nan	0.0	lz2025-source	1.7409777320121464e-11	574.6	6.99e-05	False	0.121	True	True	True	nan	nan	nan	nan	nan	nan	False	"{""H1"":{""cite_key"":""CMS:2012qwq"",""expRatio"":3.800102546247602,""limit_id"":12045,""obsRatio"":0.7415436872653232,""particles"":[""H1""],""process"":""LHC8 [vbfH,HW,Htt,H,HZ]>[bb,tautau,WW,ZZ,gamgam]"",""reference"":""CMS-PAS-HIG-12-045""},""H2"":{""cite_key"":""CMS:2018amk"",""expRatio"":0.9409493886511071,""limit_id"":1804019391,""obsRatio"":1.4085110552201208,""particles"":[""H2""],""process"":""LHC13 [vbfH,H]>[ZZ]"",""reference"":""1804.01939""}}"	"[{""cite_key"":""CMS:2018amk"",""expRatio"":0.9409493886511071,""limit_id"":1804019391,""obsRatio"":1.4085110552201208,""particles"":[""H2""],""process"":""LHC13 [vbfH,H]>[ZZ]"",""reference"":""1804.01939""},{""cite_key"":""CMS:2013yea"",""expRatio"":0.8197823077012407,""limit_id"":13022,""obsRatio"":1.0127971561255016,""particles"":[""H1""],""process"":""LHC8 [vbfH>WW]"",""reference"":""CMS-PAS-HIG-13-022""},{""cite_key"":""CMS:2013cul"",""expRatio"":2.254232440579317,""limit_id"":13003,""obsRatio"":0.7953954193896522,""particles"":[""H1""],""process"":""LHC8 [H>WW]"",""reference"":""CMS-PAS-HIG-13-003""},{""cite_key"":""ATLAS:2014vuz"",""expRatio"":1.24180828388223,""limit_id"":14096212,""obsRatio"":0.7753903225647549,""particles"":[""H1""],""process"":""LHC8 [HW,HZ]>[bb]"",""reference"":""1409.6212""},{""cite_key"":""CMS:2013zmy"",""expRatio"":2.270810870652269,""limit_id"":13121129,""obsRatio"":0.7580787855003145,""particles"":[""H1""],""process"":""LHC8 [ggH,vbfH,HW,HZ]>[WW]"",""reference"":""1312.1129""}]"	155.25332553438474	2.7044571800429367	"[{""chisq"":10.196167839844414,""cite_key"":""CMS:2022kdi"",""collider"":""LHC13"",""experiment"":""CMS"",""luminosity"":138.0,""measurement_id"":220412957,""process"":""LHC13 [H>tautau]"",""reference"":""2204.12957"",""submeasurement"":""ggH 0 JetpTH [0,10]""},{""chisq"":8.451584168510065,""cite_key"":""CMS:2022kdi"",""collider"":""LHC13"",""experiment"":""CMS"",""luminosity"":138.0,""measurement_id"":220412957,""process"":""LHC13 [H>tautau]"",""reference"":""2204.12957"",""submeasurement"":""ggH 0 JetpTH [10,200]""},{""chisq"":6.389802863129253,""cite_key"":""CMS:2022kdi"",""collider"":""LHC13"",""experiment"":""CMS"",""luminosity"":138.0,""measurement_id"":220412957,""process"":""LHC13 [vbfH>tautau]"",""reference"":""2204.12957"",""submeasurement"":""qqH \\geq 2Jet mjj [350,\\infty]pTH [200,\\infty]""},{""chisq"":5.475507456034333,""cite_key"":""ATLAS:2016neq"",""collider"":""LHC8"",""experiment"":""LHCComb"",""luminosity"":25.0,""measurement_id"":160602266,""process"":""LHC8 [Htt,tchanHt,schanHt,HtW]>[WW]"",""reference"":""1606.02266"",""submeasurement"":""Htt_WW""},{""chisq"":4.9930552138786615,""cite_key"":""ATLAS:2016neq"",""collider"":""LHC8"",""experiment"":""LHCComb"",""luminosity"":25.0,""measurement_id"":160602266,""process"":""LHC8 [HZ>WW]"",""reference"":""1606.02266"",""submeasurement"":""HZ_WW""}]"	True	0.9649614256161518	0.2623917816412012	0.0			00753bcf76497f3e6967585e9324ad73340a7802b767f8f2e18f838a3fb86451	exclusions_and_general	output/trsm_points_13.6-20260715-777-False_vxzero.dat	2646		True	0.003799094255942797	0.0018281281032476134	0.0	True
350.9	537.9	306.2	0	0.2874	0.2956	-1.1489036796757637	-2.0878753248529236	27.466853567191862	0.050573992186783934	-0.007426128545988987	0.0	101.25211331539174	0.0	-70.4699092962873	0.0	-44.91000000000001	-346.5999999999999	0	0	False	2.447e-08	1.984866869262785e-08	True	False	0	0	False	nan	nan	nan	0.0	lz2025-source	1.6321839131541082e-11	537.9	9.95e-05	False	0.121	True	True	True	nan	nan	nan	nan	nan	nan	False	"{""H1"":{""cite_key"":""CMS:2012qwq"",""expRatio"":3.7531699848681614,""limit_id"":12045,""obsRatio"":0.732385370037152,""particles"":[""H1""],""process"":""LHC8 [vbfH,HW,Htt,H,HZ]>[bb,tautau,WW,ZZ,gamgam]"",""reference"":""CMS-PAS-HIG-12-045""},""H2"":{""cite_key"":""ATLAS:2020tlo"",""expRatio"":2.9469890590729735,""limit_id"":2009147912,""obsRatio"":4.322306323386589,""particles"":[""H2""],""process"":""LHC13 [ggH>ZZ]"",""reference"":""2009.14791""}}"	"[{""cite_key"":""ATLAS:2020tlo"",""expRatio"":2.9469890590729735,""limit_id"":2009147912,""obsRatio"":4.322306323386589,""particles"":[""H2""],""process"":""LHC13 [ggH>ZZ]"",""reference"":""2009.14791""},{""cite_key"":""ATLAS:2023vdy"",""expRatio"":1.9078096668401237,""limit_id"":231115956,""obsRatio"":2.458630069059466,""particles"":[""H2"","">"",""H1"",""+"",""H1""],""process"":""LHC13 [H]->X1->(X2->[bb])(X3->[bb, tautau, gamgam])"",""reference"":""2311.15956""},{""cite_key"":""CMS:2024phk"",""expRatio"":2.1312617348653315,""limit_id"":240316926,""obsRatio"":1.8171024638427498,""particles"":[""H2"","">"",""H1"",""+"",""H1""],""process"":""LHC13 [H]->X1->(X2->[bb])(X3->[bb, tautau, gamgam, WW])"",""reference"":""2403.16926""},{""cite_key"":""ATLAS:2022xzm"",""expRatio"":0.9539368613231204,""limit_id"":220910910,""obsRatio"":1.484835336492434,""particles"":[""H2"","">"",""H1"",""+"",""H1""],""process"":""LHC13 [H]->X1->(X2->[tautau])(X3->[bb])"",""reference"":""2209.10910""},{""cite_key"":""ATLAS:2018sbw"",""expRatio"":1.094539345257113,""limit_id"":1808023801,""obsRatio"":1.355170716806394,""particles"":[""H2""],""process"":""LHC13 [H]>[WW,ZZ]"",""reference"":""1808.02380""}]"	156.53749987949803	3.9886315251562223	"[{""chisq"":10.104760121993133,""cite_key"":""CMS:2022kdi"",""collider"":""LHC13"",""experiment"":""CMS"",""luminosity"":138.0,""measurement_id"":220412957,""process"":""LHC13 [H>tautau]"",""reference"":""2204.12957"",""submeasurement"":""ggH 0 JetpTH [0,10]""},{""chisq"":8.308795550165403,""cite_key"":""CMS:2022kdi"",""collider"":""LHC13"",""experiment"":""CMS"",""luminosity"":138.0,""measurement_id"":220412957,""process"":""LHC13 [H>tautau]"",""reference"":""2204.12957"",""submeasurement"":""ggH 0 JetpTH [10,200]""},{""chisq"":6.201157400190325,""cite_key"":""CMS:2022kdi"",""collider"":""LHC13"",""experiment"":""CMS"",""luminosity"":138.0,""measurement_id"":220412957,""process"":""LHC13 [vbfH>tautau]"",""reference"":""2204.12957"",""submeasurement"":""qqH \\geq 2Jet mjj [350,\\infty]pTH [200,\\infty]""},{""chisq"":5.506591559339352,""cite_key"":""ATLAS:2016neq"",""collider"":""LHC8"",""experiment"":""LHCComb"",""luminosity"":25.0,""measurement_id"":160602266,""process"":""LHC8 [Htt,tchanHt,schanHt,HtW]>[WW]"",""reference"":""1606.02266"",""submeasurement"":""Htt_WW""},{""chisq"":5.0154840588091565,""cite_key"":""ATLAS:2016neq"",""collider"":""LHC8"",""experiment"":""LHCComb"",""luminosity"":25.0,""measurement_id"":160602266,""process"":""LHC8 [HZ>WW]"",""reference"":""1606.02266"",""submeasurement"":""HZ_WW""}]"	True	0.9589841115978459	0.2834598273175409	0.0			007718d38134cb1bb35adf5469b04af3fe6feaeb6d767bc7112c2337a45f2428	exclusions_and_general	output/trsm_points_13.6-20260715-777-False_vxzero.dat	8597		True	0.003752174147292208	2.0351826413332734	0.0	False
299.1	748.1	164.8	0	0.3038	0.4837	-0.49465415752505093	0.22936150998705343	26.36076531536718	0.05174734825799082	-0.05208003514914654	0.0	98.1370313809696	0.0	-127.0201966450323	0.0	-63.709999999999994	-0.1670000000000016	0	0	False	1.569e-08	4.3555184737075646e-10	True	False	0	0	False	nan	nan	nan	0.0	lz2025-source	2.253350879785897e-11	748.1	0.00626	False	0.121	True	True	True	nan	nan	nan	nan	nan	nan	False	"{""H1"":{""cite_key"":""CMS:2012qwq"",""expRatio"":3.715867837310993,""limit_id"":12045,""obsRatio"":0.7251063106681431,""particles"":[""H1""],""process"":""LHC8 [vbfH,HW,Htt,H,HZ]>[bb,tautau,WW,ZZ,gamgam]"",""reference"":""CMS-PAS-HIG-12-045""},""H2"":{""cite_key"":""CMS:2024phk"",""expRatio"":2.173182975566427,""limit_id"":240316926,""obsRatio"":3.687787237199866,""particles"":[""H2"","">"",""H1"",""+"",""H1""],""process"":""LHC13 [H]->X1->(X2->[bb])(X3->[bb, tautau, gamgam, WW])"",""reference"":""2403.16926""}}"	"[{""cite_key"":""CMS:2024phk"",""expRatio"":2.173182975566427,""limit_id"":240316926,""obsRatio"":3.687787237199866,""particles"":[""H2"","">"",""H1"",""+"",""H1""],""process"":""LHC13 [H]->X1->(X2->[bb])(X3->[bb, tautau, gamgam, WW])"",""reference"":""2403.16926""},{""cite_key"":""ATLAS:2023vdy"",""expRatio"":1.512669691720128,""limit_id"":231115956,""obsRatio"":1.6969929271153334,""particles"":[""H2"","">"",""H1"",""+"",""H1""],""process"":""LHC13 [H]->X1->(X2->[bb])(X3->[bb, tautau, gamgam])"",""reference"":""2311.15956""},{""cite_key"":""ATLAS:2020tlo"",""expRatio"":1.8911061731921721,""limit_id"":2009147912,""obsRatio"":1.5912008313216677,""particles"":[""H2""],""process"":""LHC13 [ggH>ZZ]"",""reference"":""2009.14791""},{""cite_key"":""ATLAS:2021ifb"",""expRatio"":1.1708406254452792,""limit_id"":211211876,""obsRatio"":1.2314284842076955,""particles"":[""H2"","">"",""H1"",""+"",""H1""],""process"":""LHC13 [H]->X1->(X2->[gamgam])(X3->[bb])"",""reference"":""2112.11876""},{""cite_key"":""ATLAS:2018sbw"",""expRatio"":0.7682694131680314,""limit_id"":1808023801,""obsRatio"":1.1692705176249227,""particles"":[""H2""],""process"":""LHC13 [H]>[WW,ZZ]"",""reference"":""1808.02380""}]"	157.730571069177	5.181702714835183	"[{""chisq"":10.032402540629612,""cite_key"":""CMS:2022kdi"",""collider"":""LHC13"",""experiment"":""CMS"",""luminosity"":138.0,""measurement_id"":220412957,""process"":""LHC13 [H>tautau]"",""reference"":""2204.12957"",""submeasurement"":""ggH 0 JetpTH [0,10]""},{""chisq"":8.196174382732766,""cite_key"":""CMS:2022kdi"",""collider"":""LHC13"",""experiment"":""CMS"",""luminosity"":138.0,""measurement_id"":220412957,""process"":""LHC13 [H>tautau]"",""reference"":""2204.12957"",""submeasurement"":""ggH 0 JetpTH [10,200]""},{""chisq"":6.053237136578525,""cite_key"":""CMS:2022kdi"",""collider"":""LHC13"",""experiment"":""CMS"",""luminosity"":138.0,""measurement_id"":220412957,""process"":""LHC13 [vbfH>tautau]"",""reference"":""2204.12957"",""submeasurement"":""qqH \\geq 2Jet mjj [350,\\infty]pTH [200,\\infty]""},{""chisq"":5.531357673256727,""cite_key"":""ATLAS:2016neq"",""collider"":""LHC8"",""experiment"":""LHCComb"",""luminosity"":25.0,""measurement_id"":160602266,""process"":""LHC8 [Htt,tchanHt,schanHt,HtW]>[WW]"",""reference"":""1606.02266"",""submeasurement"":""Htt_WW""},{""chisq"":5.03334606308983,""cite_key"":""ATLAS:2016neq"",""collider"":""LHC8"",""experiment"":""LHCComb"",""luminosity"":25.0,""measurement_id"":160602266,""process"":""LHC8 [HZ>WW]"",""reference"":""1606.02266"",""submeasurement"":""HZ_WW""}]"	False	0.9542066175217703	0.29914834292982795	0.0			00798fdb710cefe6e0250c9c3d402cf552efd1eb4106f0579f97f26635b7d558	exclusions_and_general	output/trsm_points_13.6-20260715-777-False_vxzero.dat	9394		True	0.003714881897203139	1.4301318729308834	0.0	False
332.2	782.2	369.7	0	-0.4391	0.2569	2.2500584524535197	0.5560582356816929	25.210100184616365	0.03337709615552724	-0.11084942321205302	0.0	-68.93743605014396	0.0	189.92530274310255	0.0	294.2	-24.620000000000033	0	0	False	2.787e-07	6.072497116786066e-09	True	False	0	0	False	nan	nan	nan	0.0	lz2025-source	2.3537199568369133e-11	782.2	0.000469	False	0.121	True	True	True	nan	nan	nan	nan	nan	nan	False	"{""H1"":{""cite_key"":""CMS:2012qwq"",""expRatio"":3.34350351993581,""limit_id"":12045,""obsRatio"":0.6524439533891044,""particles"":[""H1""],""process"":""LHC8 [vbfH,HW,Htt,H,HZ]>[bb,tautau,WW,ZZ,gamgam]"",""reference"":""CMS-PAS-HIG-12-045""},""H2"":{""cite_key"":""ATLAS:2020tlo"",""expRatio"":7.822232403861647,""limit_id"":2009147912,""obsRatio"":12.716910072512894,""particles"":[""H2""],""process"":""LHC13 [ggH>ZZ]"",""reference"":""2009.14791""}}"	"[{""cite_key"":""ATLAS:2020tlo"",""expRatio"":7.822232403861647,""limit_id"":2009147912,""obsRatio"":12.716910072512894,""particles"":[""H2""],""process"":""LHC13 [ggH>ZZ]"",""reference"":""2009.14791""},{""cite_key"":""CMS:2018amk"",""expRatio"":3.7954043541466795,""limit_id"":1804019391,""obsRatio"":4.385071040855206,""particles"":[""H2""],""process"":""LHC13 [vbfH,H]>[ZZ]"",""reference"":""1804.01939""},{""cite_key"":""ATLAS:2018sbw"",""expRatio"":2.9250080188343097,""limit_id"":1808023801,""obsRatio"":3.9401422539688964,""particles"":[""H2""],""process"":""LHC13 [H]>[WW,ZZ]"",""reference"":""1808.02380""},{""cite_key"":""CMS:2015hra"",""expRatio"":1.6077311859666796,""limit_id"":150400936,""obsRatio"":1.9411553379791995,""particles"":[""H2""],""process"":""LHC8 [vbfH,HW,Htt,H,HZ]>[WW,ZZ]"",""reference"":""1504.00936""},{""cite_key"":""CMS:2024phk"",""expRatio"":1.454388515241511,""limit_id"":240316926,""obsRatio"":1.9152511235986123,""particles"":[""H2"","">"",""H1"",""+"",""H1""],""process"":""LHC13 [H]->X1->(X2->[bb])(X3->[bb, tautau, gamgam, WW])"",""reference"":""2403.16926""}]"	178.37226441668727	25.823396062345466	"[{""chisq"":9.324353316493841,""cite_key"":""CMS:2022kdi"",""collider"":""LHC13"",""experiment"":""CMS"",""luminosity"":138.0,""measurement_id"":220412957,""process"":""LHC13 [H>tautau]"",""reference"":""2204.12957"",""submeasurement"":""ggH 0 JetpTH [0,10]""},{""chisq"":7.11407092448254,""cite_key"":""CMS:2022kdi"",""collider"":""LHC13"",""experiment"":""CMS"",""luminosity"":138.0,""measurement_id"":220412957,""process"":""LHC13 [H>tautau]"",""reference"":""2204.12957"",""submeasurement"":""ggH 0 JetpTH [10,200]""},{""chisq"":6.982010966556789,""cite_key"":""CMS:2021kom"",""collider"":""LHC13"",""experiment"":""CMS"",""luminosity"":137.0,""measurement_id"":210306956,""process"":""LHC13 [H>gamgam]"",""reference"":""2103.06956"",""submeasurement"":""ggH_0J_high_pTH""},{""chisq"":5.792150864615851,""cite_key"":""CMS:2022kdi"",""collider"":""LHC13"",""experiment"":""CMS"",""luminosity"":138.0,""measurement_id"":220412957,""process"":""LHC13 [H>tautau]"",""reference"":""2204.12957"",""submeasurement"":""ggH 1 JetpTH [60,120]""},{""chisq"":5.781504121122973,""cite_key"":""ATLAS:2016neq"",""collider"":""LHC8"",""experiment"":""LHCComb"",""luminosity"":25.0,""measurement_id"":160602266,""process"":""LHC8 [Htt,tchanHt,schanHt,HtW]>[WW]"",""reference"":""1606.02266"",""submeasurement"":""Htt_WW""}]"	False	0.9051346422623723	-0.42512501617355725	0.0			008664d8f0b356835f9fea06a6e263488e495a0ca01dfb2968b08862ee168fc7	exclusions_and_general	output/trsm_points_13.6-20260715-777-False_vxzero.dat	1829		True	0.003342616380143605	2.578611172386446	0.0	True
439.1	675.8	319.3	0	0.4283	0.3934	-1.875173578342604e-06	1.3666615539300653e-05	22.185245149253824	0.10168390284361695	-0.03793750115378454	0.0	211.61211844274732	0.0	-87.97823549945718	0.0	-0.001116	0.0018889999999999998	0	0	False	4.787e-18	5.079511631659301e-19	True	False	0	0	False	nan	nan	nan	0.0	lz2025-source	2.0402005396581986e-11	675.8	4860000.0	True	0.121	True	True	True	nan	nan	nan	nan	nan	nan	False	"{""H1"":{""cite_key"":""CMS:2024phk"",""expRatio"":5.629128299030673,""limit_id"":240316926,""obsRatio"":9.474641818113827,""particles"":[""H2"","">"",""H1"",""+"",""H1""],""process"":""LHC13 [H]->X1->(X2->[bb])(X3->[bb, tautau, gamgam, WW])"",""reference"":""2403.16926""},""H2"":{""cite_key"":""CMS:2024phk"",""expRatio"":5.629128299030673,""limit_id"":240316926,""obsRatio"":9.474641818113827,""particles"":[""H2"","">"",""H1"",""+"",""H1""],""process"":""LHC13 [H]->X1->(X2->[bb])(X3->[bb, tautau, gamgam, WW])"",""reference"":""2403.16926""}}"	"[{""cite_key"":""CMS:2024phk"",""expRatio"":5.629128299030673,""limit_id"":240316926,""obsRatio"":9.474641818113827,""particles"":[""H2"","">"",""H1"",""+"",""H1""],""process"":""LHC13 [H]->X1->(X2->[bb])(X3->[bb, tautau, gamgam, WW])"",""reference"":""2403.16926""},{""cite_key"":""ATLAS:2022xzm"",""expRatio"":4.83512135534663,""limit_id"":220910910,""obsRatio"":7.456467160720762,""particles"":[""H2"","">"",""H1"",""+"",""H1""],""process"":""LHC13 [H]->X1->(X2->[tautau])(X3->[bb])"",""reference"":""2209.10910""},{""cite_key"":""ATLAS:2023vdy"",""expRatio"":4.313100610786454,""limit_id"":231115956,""obsRatio"":4.361350221476624,""particles"":[""H2"","">"",""H1"",""+"",""H1""],""process"":""LHC13 [H]->X1->(X2->[bb])(X3->[bb, tautau, gamgam])"",""reference"":""2311.15956""},{""cite_key"":""ATLAS:2020tlo"",""expRatio"":4.845498121327525,""limit_id"":2009147911,""obsRatio"":4.117244434357269,""particles"":[""H2""],""process"":""LHC13 [ggH>ZZ]"",""reference"":""2009.14791""},{""cite_key"":""CMS:2021yci"",""expRatio"":1.9859321100157397,""limit_id"":210610361,""obsRatio"":3.678327269184359,""particles"":[""H2"","">"",""H1"",""+"",""H1""],""process"":""LHC13 [ggH]->X1->(X2->[tautau])(X3->[bb])"",""reference"":""2106.10361""}]"	175.83851971933888	23.28965136499707	"[{""chisq"":9.38720574383801,""cite_key"":""CMS:2022kdi"",""collider"":""LHC13"",""experiment"":""CMS"",""luminosity"":138.0,""measurement_id"":220412957,""process"":""LHC13 [H>tautau]"",""reference"":""2204.12957"",""submeasurement"":""ggH 0 JetpTH [0,10]""},{""chisq"":7.208609056435717,""cite_key"":""CMS:2022kdi"",""collider"":""LHC13"",""experiment"":""CMS"",""luminosity"":138.0,""measurement_id"":220412957,""process"":""LHC13 [H>tautau]"",""reference"":""2204.12957"",""submeasurement"":""ggH 0 JetpTH [10,200]""},{""chisq"":6.71229667934682,""cite_key"":""CMS:2021kom"",""collider"":""LHC13"",""experiment"":""CMS"",""luminosity"":137.0,""measurement_id"":210306956,""process"":""LHC13 [H>gamgam]"",""reference"":""2103.06956"",""submeasurement"":""ggH_0J_high_pTH""},{""chisq"":5.758705670029028,""cite_key"":""ATLAS:2016neq"",""collider"":""LHC8"",""experiment"":""LHCComb"",""luminosity"":25.0,""measurement_id"":160602266,""process"":""LHC8 [Htt,tchanHt,schanHt,HtW]>[WW]"",""reference"":""1606.02266"",""submeasurement"":""Htt_WW""},{""chisq"":5.71628665233181,""cite_key"":""CMS:2022kdi"",""collider"":""LHC13"",""experiment"":""CMS"",""luminosity"":138.0,""measurement_id"":220412957,""process"":""LHC13 [H>tautau]"",""reference"":""2204.12957"",""submeasurement"":""ggH 1 JetpTH [60,120]""}]"	False	0.9096731162424752	0.4153249590208904	0.0			00885df4210533d26f3e2f440f1748145276f88ab277f4c8ab121709789655b4	exclusions_and_general	output/trsm_points_13.6-20260715-777-False_vxzero.dat	8874		True	0.003376221127930327	10.370619229513816	0.0	False
164.0	684.5	144.5	0	0.3647	0.1711	-0.013609509482695953	-0.06038602982593863	23.475743490978445	0.03226616989979561	0.002091351432806067	0.0	60.748397881007755	0.0	-58.02311326210183	0.0	-0.007766000000000162	-4.673	0	0	False	4.746e-12	2.450695170009348e-12	True	False	0	0	False	nan	nan	nan	0.0	lz2025-source	2.0658752672806076e-11	684.5	1.02	True	0.121	True	True	True	nan	nan	nan	nan	nan	nan	True	"{""H1"":{""cite_key"":""CMS:2012qwq"",""expRatio"":3.5619168474629803,""limit_id"":12045,""obsRatio"":0.6950646517179736,""particles"":[""H1""],""process"":""LHC8 [vbfH,HW,Htt,H,HZ]>[bb,tautau,WW,ZZ,gamgam]"",""reference"":""CMS-PAS-HIG-12-045""},""H2"":{""cite_key"":""CMS:2013cul"",""expRatio"":1.7426490629849989,""limit_id"":13003,""obsRatio"":0.6162219120061022,""particles"":[""H2""],""process"":""LHC8 [H>WW]"",""reference"":""CMS-PAS-HIG-13-003""}}"	"[{""cite_key"":""CMS:2015hra"",""expRatio"":1.6474319501053034,""limit_id"":150400936,""obsRatio"":1.4664193484519656,""particles"":[""H2""],""process"":""LHC8 [vbfH,HW,Htt,H,HZ]>[WW,ZZ]"",""reference"":""1504.00936""},{""cite_key"":""CMS:2013yea"",""expRatio"":0.7683993727844188,""limit_id"":13022,""obsRatio"":0.9493162906954264,""particles"":[""H1""],""process"":""LHC8 [vbfH>WW]"",""reference"":""CMS-PAS-HIG-13-022""},{""cite_key"":""CMS:2013cul"",""expRatio"":2.1129399563508233,""limit_id"":13003,""obsRatio"":0.7455410242853713,""particles"":[""H1""],""process"":""LHC8 [H>WW]"",""reference"":""CMS-PAS-HIG-13-003""},{""cite_key"":""ATLAS:2014vuz"",""expRatio"":1.163973285943796,""limit_id"":14096212,""obsRatio"":0.7267898220352922,""particles"":[""H1""],""process"":""LHC8 [HW,HZ]>[bb]"",""reference"":""1409.6212""},{""cite_key"":""CMS:2013zmy"",""expRatio"":2.128479271056856,""limit_id"":13121129,""obsRatio"":0.7105633505717267,""particles"":[""H1""],""process"":""LHC8 [ggH,vbfH,HW,HZ]>[WW]"",""reference"":""1312.1129""}]"	164.31783308712969	11.768964732787879	"[{""chisq"":9.736523882414835,""cite_key"":""CMS:2022kdi"",""collider"":""LHC13"",""experiment"":""CMS"",""luminosity"":138.0,""measurement_id"":220412957,""process"":""LHC13 [H>tautau]"",""reference"":""2204.12957"",""submeasurement"":""ggH 0 JetpTH [0,10]""},{""chisq"":7.739502269063727,""cite_key"":""CMS:2022kdi"",""collider"":""LHC13"",""experiment"":""CMS"",""luminosity"":138.0,""measurement_id"":220412957,""process"":""LHC13 [H>tautau]"",""reference"":""2204.12957"",""submeasurement"":""ggH 0 JetpTH [10,200]""},{""chisq"":5.634135545118672,""cite_key"":""ATLAS:2016neq"",""collider"":""LHC8"",""experiment"":""LHCComb"",""luminosity"":25.0,""measurement_id"":160602266,""process"":""LHC8 [Htt,tchanHt,schanHt,HtW]>[WW]"",""reference"":""1606.02266"",""submeasurement"":""Htt_WW""},{""chisq"":5.461639251037112,""cite_key"":""CMS:2022kdi"",""collider"":""LHC13"",""experiment"":""CMS"",""luminosity"":138.0,""measurement_id"":220412957,""process"":""LHC13 [vbfH>tautau]"",""reference"":""2204.12957"",""submeasurement"":""qqH \\geq 2Jet mjj [350,\\infty]pTH [200,\\infty]""},{""chisq"":5.340093564557672,""cite_key"":""CMS:2021kom"",""collider"":""LHC13"",""experiment"":""CMS"",""luminosity"":137.0,""measurement_id"":210306956,""process"":""LHC13 [H>gamgam]"",""reference"":""2103.06956"",""submeasurement"":""ggH_0J_high_pTH""}]"	False	0.9342308039158409	0.35666904129004745	0.0			0097baaa1351273f4db9f1f3c5983c75871694ec12555cb640c58932c4921b25	exclusions_and_general	output/trsm_points_13.6-20260715-777-False_vxzero.dat	7287		True	0.0035609717555397727	0.02276391494813331	0.0	True
723.2	859.4	420.7	0	0.4341	0.07926	1.6957488394540312	-0.45967830459926634	22.366106383164308	0.22517202851893905	-0.03974290788632634	0.0	495.7691399428755	0.0	-90.50211459039667	0.0	229.89999999999995	0.0013670000000161053	0	0	False	1.403e-07	3.4579389020295027e-09	True	False	0	0	False	nan	nan	nan	0.0	lz2025-source	2.5805940731674722e-11	859.4	0.000903	False	0.121	True	True	True	nan	nan	nan	nan	nan	nan	False	"{""H1"":{""cite_key"":""CMS:2012qwq"",""expRatio"":3.359141928857267,""limit_id"":12045,""obsRatio"":0.6554955982522229,""particles"":[""H1""],""process"":""LHC8 [vbfH,HW,Htt,H,HZ]>[bb,tautau,WW,ZZ,gamgam]"",""reference"":""CMS-PAS-HIG-12-045""},""H2"":{""cite_key"":""ATLAS:2018sbw"",""expRatio"":2.2009765207307024,""limit_id"":1808023801,""obsRatio"":1.8752129657772356,""particles"":[""H2""],""process"":""LHC13 [H]>[WW,ZZ]"",""reference"":""1808.02380""}}"	"[{""cite_key"":""CMS:2024phk"",""expRatio"":1.9243020751130808,""limit_id"":240316926,""obsRatio"":1.8815536578992085,""particles"":[""H2"","">"",""H1"",""+"",""H1""],""process"":""LHC13 [H]->X1->(X2->[bb])(X3->[bb, tautau, gamgam, WW])"",""reference"":""2403.16926""},{""cite_key"":""ATLAS:2018sbw"",""expRatio"":2.2009765207307024,""limit_id"":1808023801,""obsRatio"":1.8752129657772356,""particles"":[""H2""],""process"":""LHC13 [H]>[WW,ZZ]"",""reference"":""1808.02380""},{""cite_key"":""CMS:2018amk"",""expRatio"":1.2576539377367264,""limit_id"":1804019391,""obsRatio"":1.7256860288473375,""particles"":[""H2""],""process"":""LHC13 [vbfH,H]>[ZZ]"",""reference"":""1804.01939""},{""cite_key"":""ATLAS:2020tlo"",""expRatio"":1.570787136973288,""limit_id"":2009147911,""obsRatio"":1.713658008484968,""particles"":[""H2""],""process"":""LHC13 [ggH>ZZ]"",""reference"":""2009.14791""},{""cite_key"":""ATLAS:2023vdy"",""expRatio"":1.0060454878745462,""limit_id"":231115956,""obsRatio"":1.428279879414478,""particles"":[""H2"","">"",""H1"",""+"",""H1""],""process"":""LHC13 [H]->X1->(X2->[bb])(X3->[bb, tautau, gamgam])"",""reference"":""2311.15956""}]"	177.17644579962283	24.62757744528102	"[{""chisq"":9.353568492109847,""cite_key"":""CMS:2022kdi"",""collider"":""LHC13"",""experiment"":""CMS"",""luminosity"":138.0,""measurement_id"":220412957,""process"":""LHC13 [H>tautau]"",""reference"":""2204.12957"",""submeasurement"":""ggH 0 JetpTH [0,10]""},{""chisq"":7.157976182754906,""cite_key"":""CMS:2022kdi"",""collider"":""LHC13"",""experiment"":""CMS"",""luminosity"":138.0,""measurement_id"":220412957,""process"":""LHC13 [H>tautau]"",""reference"":""2204.12957"",""submeasurement"":""ggH 0 JetpTH [10,200]""},{""chisq"":6.855746297667734,""cite_key"":""CMS:2021kom"",""collider"":""LHC13"",""experiment"":""CMS"",""luminosity"":137.0,""measurement_id"":210306956,""process"":""LHC13 [H>gamgam]"",""reference"":""2103.06956"",""submeasurement"":""ggH_0J_high_pTH""},{""chisq"":5.770892023000534,""cite_key"":""ATLAS:2016neq"",""collider"":""LHC8"",""experiment"":""LHCComb"",""luminosity"":25.0,""measurement_id"":160602266,""process"":""LHC8 [Htt,tchanHt,schanHt,HtW]>[WW]"",""reference"":""1606.02266"",""submeasurement"":""Htt_WW""},{""chisq"":5.756793617381437,""cite_key"":""CMS:2022kdi"",""collider"":""LHC13"",""experiment"":""CMS"",""luminosity"":138.0,""measurement_id"":220412957,""process"":""LHC13 [H>tautau]"",""reference"":""2204.12957"",""submeasurement"":""ggH 1 JetpTH [60,120]""}]"	False	0.9072489443270229	0.4205940477675623	0.0			009941154641d023548f429c2e19902dee36955fddb4893f9caaf3adafcd0a9f	exclusions_and_general	output/trsm_points_13.6-20260715-777-False_vxzero.dat	1159		True	0.0033582506396885895	47.529686020397044	0.0	False
151.7	373.1	394.9	0	0.3626	0.2054	0.0059412682831478025	0.0015800170838560664	25.11047754549932	0.027134019317045618	0.03362623906199398	0.0	42.31587240025167	0.0	-9.467263342652092	0.0	0.5726	0.5509	0	0	False	7.574e-12	1.7774779485586663e-13	True	True	1	1	False	373.1	7.124504e-17	9.946286035248585e-13	7.162979201233015e-05	lz2025-source	1.1414052611818872e-11	373.1	7.77	True	0.121	True	True	True	nan	nan	nan	nan	nan	nan	False	"{""H1"":{""cite_key"":""CMS:2012qwq"",""expRatio"":3.567614834797223,""limit_id"":12045,""obsRatio"":0.696176544485709,""particles"":[""H1""],""process"":""LHC8 [vbfH,HW,Htt,H,HZ]>[bb,tautau,WW,ZZ,gamgam]"",""reference"":""CMS-PAS-HIG-12-045""},""H2"":{""cite_key"":""CMS:2018amk"",""expRatio"":2.1308979947929307,""limit_id"":1804019391,""obsRatio"":4.0242251841508665,""particles"":[""H2""],""process"":""LHC13 [vbfH,H]>[ZZ]"",""reference"":""1804.01939""}}"	"[{""cite_key"":""CMS:2018amk"",""expRatio"":2.1308979947929307,""limit_id"":1804019391,""obsRatio"":4.0242251841508665,""particles"":[""H2""],""process"":""LHC13 [vbfH,H]>[ZZ]"",""reference"":""1804.01939""},{""cite_key"":""CMS:2015hra"",""expRatio"":1.6580586241533992,""limit_id"":150400936,""obsRatio"":1.090418991089509,""particles"":[""H2""],""process"":""LHC8 [vbfH,HW,Htt,H,HZ]>[WW,ZZ]"",""reference"":""1504.00936""},{""cite_key"":""CMS:2013yea"",""expRatio"":0.7696285788780098,""limit_id"":13022,""obsRatio"":0.9508349090215185,""particles"":[""H1""],""process"":""LHC8 [vbfH>WW]"",""reference"":""CMS-PAS-HIG-13-022""},{""cite_key"":""ATLAS:2013nma"",""expRatio"":0.9416247627382117,""limit_id"":20130131,""obsRatio"":0.8698640949351013,""particles"":[""H2""],""process"":""LHC8 [vbfH,HW,Htt,H,HZ]>[ZZ]"",""reference"":""ATLAS-CONF-2013-013""},{""cite_key"":""CMS:2013fjq"",""expRatio"":1.3565780480126786,""limit_id"":13125353,""obsRatio"":0.7536890900649211,""particles"":[""H2""],""process"":""LHC8 [vbfH,HW,Htt,H,HZ]>[ZZ]"",""reference"":""1312.5353""}]"	164.02633938459877	11.477471030256964	"[{""chisq"":9.747395931595982,""cite_key"":""CMS:2022kdi"",""collider"":""LHC13"",""experiment"":""CMS"",""luminosity"":138.0,""measurement_id"":220412957,""process"":""LHC13 [H>tautau]"",""reference"":""2204.12957"",""submeasurement"":""ggH 0 JetpTH [0,10]""},{""chisq"":7.75617120946244,""cite_key"":""CMS:2022kdi"",""collider"":""LHC13"",""experiment"":""CMS"",""luminosity"":138.0,""measurement_id"":220412957,""process"":""LHC13 [H>tautau]"",""reference"":""2204.12957"",""submeasurement"":""ggH 0 JetpTH [10,200]""},{""chisq"":5.630315378862472,""cite_key"":""ATLAS:2016neq"",""collider"":""LHC8"",""experiment"":""LHCComb"",""luminosity"":25.0,""measurement_id"":160602266,""process"":""LHC8 [Htt,tchanHt,schanHt,HtW]>[WW]"",""reference"":""1606.02266"",""submeasurement"":""Htt_WW""},{""chisq"":5.482993357034124,""cite_key"":""CMS:2022kdi"",""collider"":""LHC13"",""experiment"":""CMS"",""luminosity"":138.0,""measurement_id"":220412957,""process"":""LHC13 [vbfH>tautau]"",""reference"":""2204.12957"",""submeasurement"":""qqH \\geq 2Jet mjj [350,\\infty]pTH [200,\\infty]""},{""chisq"":5.300704288834142,""cite_key"":""CMS:2021kom"",""collider"":""LHC13"",""experiment"":""CMS"",""luminosity"":137.0,""measurement_id"":210306956,""process"":""LHC13 [H>gamgam]"",""reference"":""2103.06956"",""submeasurement"":""ggH_0J_high_pTH""}]"	False	0.9349777483738659	0.35470637158886203	0.0			00a8acf13df4333e4e59ca24f9d8f9407793ab2c5865599265c0b4634d308811	exclusions_and_general	output/trsm_points_13.6-20260715-777-False_vxzero.dat	6409		True	0.003566668231013398	0.0022532896030486725	0.0	True
676.4	945.5	469.3	0	0.2682	0.4689	0.22465491903455442	0.5965561790288032	28.203122624264566	0.10050623372742594	-0.03315058245041583	0.0	280.0547431193663	0.0	-116.22182872284856	0.0	-10.45	142.29999999999998	0	0	False	2.239e-10	1.7947836657335684e-10	True	False	0	0	False	nan	nan	nan	0.0	lz2025-source	2.8330882657447234e-11	945.5	0.0191	False	0.121	True	True	True	nan	nan	nan	nan	nan	nan	True	"{""H1"":{""cite_key"":""CMS:2012qwq"",""expRatio"":3.794496981305633,""limit_id"":12045,""obsRatio"":0.7404498296007773,""particles"":[""H1""],""process"":""LHC8 [vbfH,HW,Htt,H,HZ]>[bb,tautau,WW,ZZ,gamgam]"",""reference"":""CMS-PAS-HIG-12-045""},""H2"":{""cite_key"":""ATLAS:2022xzm"",""expRatio"":1.055590760509942,""limit_id"":220910910,""obsRatio"":0.8841357571586745,""particles"":[""H2"","">"",""H1"",""+"",""H1""],""process"":""LHC13 [H]->X1->(X2->[tautau])(X3->[bb])"",""reference"":""2209.10910""}}"	"[{""cite_key"":""CMS:2013yea"",""expRatio"":0.8185730395543493,""limit_id"":13022,""obsRatio"":1.0113031700652277,""particles"":[""H1""],""process"":""LHC8 [vbfH>WW]"",""reference"":""CMS-PAS-HIG-13-022""},{""cite_key"":""CMS:2024phk"",""expRatio"":0.9308740346947066,""limit_id"":240316926,""obsRatio"":0.953645524699821,""particles"":[""H2"","">"",""H1"",""+"",""H1""],""process"":""LHC13 [H]->X1->(X2->[bb])(X3->[bb, tautau, gamgam, WW])"",""reference"":""2403.16926""},{""cite_key"":""CMS:2018amk"",""expRatio"":0.5229953375033308,""limit_id"":1804019391,""obsRatio"":0.9252224171872843,""particles"":[""H2""],""process"":""LHC13 [vbfH,H]>[ZZ]"",""reference"":""1804.01939""},{""cite_key"":""ATLAS:2018sbw"",""expRatio"":1.0189283068573178,""limit_id"":1808023801,""obsRatio"":0.9121121342951777,""particles"":[""H2""],""process"":""LHC13 [H]>[WW,ZZ]"",""reference"":""1808.02380""},{""cite_key"":""ATLAS:2022xzm"",""expRatio"":1.055590760509942,""limit_id"":220910910,""obsRatio"":0.8841357571586745,""particles"":[""H2"","">"",""H1"",""+"",""H1""],""process"":""LHC13 [H]->X1->(X2->[tautau])(X3->[bb])"",""reference"":""2209.10910""}]"	155.39369031488417	2.8448219605423617	"[{""chisq"":10.185228575822316,""cite_key"":""CMS:2022kdi"",""collider"":""LHC13"",""experiment"":""CMS"",""luminosity"":138.0,""measurement_id"":220412957,""process"":""LHC13 [H>tautau]"",""reference"":""2204.12957"",""submeasurement"":""ggH 0 JetpTH [0,10]""},{""chisq"":8.434465707648103,""cite_key"":""CMS:2022kdi"",""collider"":""LHC13"",""experiment"":""CMS"",""luminosity"":138.0,""measurement_id"":220412957,""process"":""LHC13 [H>tautau]"",""reference"":""2204.12957"",""submeasurement"":""ggH 0 JetpTH [10,200]""},{""chisq"":6.367122676372064,""cite_key"":""CMS:2022kdi"",""collider"":""LHC13"",""experiment"":""CMS"",""luminosity"":138.0,""measurement_id"":220412957,""process"":""LHC13 [vbfH>tautau]"",""reference"":""2204.12957"",""submeasurement"":""qqH \\geq 2Jet mjj [350,\\infty]pTH [200,\\infty]""},{""chisq"":5.479215648113501,""cite_key"":""ATLAS:2016neq"",""collider"":""LHC8"",""experiment"":""LHCComb"",""luminosity"":25.0,""measurement_id"":160602266,""process"":""LHC8 [Htt,tchanHt,schanHt,HtW]>[WW]"",""reference"":""1606.02266"",""submeasurement"":""Htt_WW""},{""chisq"":4.995731469683707,""cite_key"":""ATLAS:2016neq"",""collider"":""LHC8"",""experiment"":""LHCComb"",""luminosity"":25.0,""measurement_id"":160602266,""process"":""LHC8 [HZ>WW]"",""reference"":""1606.02266"",""submeasurement"":""HZ_WW""}]"	True	0.9642494513842369	0.2649962179073469	0.0			00cc50c75a0107edb887fb6dd242d4fa2710a740580b99254c199a4ee7d4f8ca	exclusions_and_general	output/trsm_points_13.6-20260715-777-False_vxzero.dat	1754		True	0.0037934901783387917	15.656938707434577	0.0	False
913.0	1001.0	450.3	0	-0.2959	0.305	-0.8058870912584458	-0.1337895928152301	28.265700398089976	0.11067107567187753	-0.37334593666593074	0.0	-390.8972257601066	0.0	776.7226269747757	0.0	-103.59999999999998	0.09108000000000516	0	0	False	2.33e-08	7.983789819686676e-10	True	False	0	0	False	nan	nan	nan	0.0	lz2025-source	2.995570725733678e-11	1001.0	0.00454	False	0.121	True	True	True	nan	nan	nan	nan	nan	nan	True	"{""H1"":{""cite_key"":""CMS:2012qwq"",""expRatio"":3.734064050852128,""limit_id"":12045,""obsRatio"":0.7286570799222214,""particles"":[""H1""],""process"":""LHC8 [vbfH,HW,Htt,H,HZ]>[bb,tautau,WW,ZZ,gamgam]"",""reference"":""CMS-PAS-HIG-12-045""},""H2"":{""cite_key"":""ATLAS:2020fry"",""expRatio"":0.8177246592090348,""limit_id"":2004146362,""obsRatio"":0.5901490367846812,""particles"":[""H2""],""process"":""LHC13 [vbfH]>[WW,ZZ]"",""reference"":""2004.14636""}}"	"[{""cite_key"":""CMS:2013yea"",""expRatio"":0.8055360631608456,""limit_id"":13022,""obsRatio"":0.9951966836336764,""particles"":[""H1""],""process"":""LHC8 [vbfH>WW]"",""reference"":""CMS-PAS-HIG-13-022""},{""cite_key"":""CMS:2013cul"",""expRatio"":2.21505820334866,""limit_id"":13003,""obsRatio"":0.781572972205217,""particles"":[""H1""],""process"":""LHC8 [H>WW]"",""reference"":""CMS-PAS-HIG-13-003""},{""cite_key"":""ATLAS:2014vuz"",""expRatio"":1.220228037128574,""limit_id"":14096212,""obsRatio"":0.7619155256025121,""particles"":[""H1""],""process"":""LHC8 [HW,HZ]>[bb]"",""reference"":""1409.6212""},{""cite_key"":""CMS:2013zmy"",""expRatio"":2.2313485320967894,""limit_id"":13121129,""obsRatio"":0.7449048298566429,""particles"":[""H1""],""process"":""LHC8 [ggH,vbfH,HW,HZ]>[WW]"",""reference"":""1312.1129""},{""cite_key"":""CMS:2013uhr"",""expRatio"":1.9617734089797845,""limit_id"":13001,""obsRatio"":0.7394491456167505,""particles"":[""H1""],""process"":""LHC8 [vbfH,HW,Htt,H,HZ]>[gamgam]"",""reference"":""CMS-PAS-HIG-13-001""}]"	157.12925562803417	4.5803872736923665	"[{""chisq"":10.06766652667634,""cite_key"":""CMS:2022kdi"",""collider"":""LHC13"",""experiment"":""CMS"",""luminosity"":138.0,""measurement_id"":220412957,""process"":""LHC13 [H>tautau]"",""reference"":""2204.12957"",""submeasurement"":""ggH 0 JetpTH [0,10]""},{""chisq"":8.25101566804947,""cite_key"":""CMS:2022kdi"",""collider"":""LHC13"",""experiment"":""CMS"",""luminosity"":138.0,""measurement_id"":220412957,""process"":""LHC13 [H>tautau]"",""reference"":""2204.12957"",""submeasurement"":""ggH 0 JetpTH [10,200]""},{""chisq"":6.125170508005432,""cite_key"":""CMS:2022kdi"",""collider"":""LHC13"",""experiment"":""CMS"",""luminosity"":138.0,""measurement_id"":220412957,""process"":""LHC13 [vbfH>tautau]"",""reference"":""2204.12957"",""submeasurement"":""qqH \\geq 2Jet mjj [350,\\infty]pTH [200,\\infty]""},{""chisq"":5.519269936269294,""cite_key"":""ATLAS:2016neq"",""collider"":""LHC8"",""experiment"":""LHCComb"",""luminosity"":25.0,""measurement_id"":160602266,""process"":""LHC8 [Htt,tchanHt,schanHt,HtW]>[WW]"",""reference"":""1606.02266"",""submeasurement"":""Htt_WW""},{""chisq"":5.024628943053254,""cite_key"":""ATLAS:2016neq"",""collider"":""LHC8"",""experiment"":""LHCComb"",""luminosity"":25.0,""measurement_id"":160602266,""process"":""LHC8 [HZ>WW]"",""reference"":""1606.02266"",""submeasurement"":""HZ_WW""}]"	False	0.956540088986386	-0.29160085418584886	0.0			00d952fec4a52864010f5bdc9dd43a5062365a4a77c222c18b7981718bdbb719	exclusions_and_general	output/trsm_points_13.6-20260715-777-False_vxzero.dat	5208		True	0.00373307328269938	39.4741142553054	0.0	True
222.6	757.0	92.75	0	0.3429	0.3162	-0.007953623296550963	-0.05916577192907436	23.36039216389365	0.051937408192362755	-0.10756317214833686	0.0	95.40165877144966	0.0	-159.6417421984342	0.0	0.0011810000000000986	-2.9130000000000003	0	0	False	3.747e-13	1.9562152224191985e-12	False	False	0	0	False	nan	nan	nan	0.0	lz2025-source	2.2795565814967517e-11	757.0	1.41	True	0.121	True	True	True	nan	nan	nan	nan	nan	nan	False	"{""H1"":{""cite_key"":""CMS:2012qwq"",""expRatio"":3.6197422631613407,""limit_id"":12045,""obsRatio"":0.7063485766786181,""particles"":[""H1""],""process"":""LHC8 [vbfH,HW,Htt,H,HZ]>[bb,tautau,WW,ZZ,gamgam]"",""reference"":""CMS-PAS-HIG-12-045""},""H2"":{""cite_key"":""ATLAS:2020tlo"",""expRatio"":4.062235204804964,""limit_id"":2009147912,""obsRatio"":3.893516170739583,""particles"":[""H2""],""process"":""LHC13 [ggH>ZZ]"",""reference"":""2009.14791""}}"	"[{""cite_key"":""ATLAS:2020tlo"",""expRatio"":4.062235204804964,""limit_id"":2009147912,""obsRatio"":3.893516170739583,""particles"":[""H2""],""process"":""LHC13 [ggH>ZZ]"",""reference"":""2009.14791""},{""cite_key"":""CMS:2018amk"",""expRatio"":1.983623927889214,""limit_id"":1804019391,""obsRatio"":3.4773267041096667,""particles"":[""H2""],""process"":""LHC13 [vbfH,H]>[ZZ]"",""reference"":""1804.01939""},{""cite_key"":""ATLAS:2020tlo"",""expRatio"":1.3577366490004752,""limit_id"":2009147913,""obsRatio"":1.7228299811831085,""particles"":[""H2""],""process"":""LHC13 [vbfH>ZZ]"",""reference"":""2009.14791""},{""cite_key"":""CMS:2015hra"",""expRatio"":0.9242840008197997,""limit_id"":150400936,""obsRatio"":1.0399325851308485,""particles"":[""H2""],""process"":""LHC8 [vbfH,HW,Htt,H,HZ]>[WW,ZZ]"",""reference"":""1504.00936""},{""cite_key"":""CMS:2013fjq"",""expRatio"":0.9500823276908088,""limit_id"":13125353,""obsRatio"":0.9793713222056969,""particles"":[""H2""],""process"":""LHC8 [vbfH,HW,Htt,H,HZ]>[ZZ]"",""reference"":""1312.5353""}]"	161.52411861309824	8.975250258756432	"[{""chisq"":9.847139328389172,""cite_key"":""CMS:2022kdi"",""collider"":""LHC13"",""experiment"":""CMS"",""luminosity"":138.0,""measurement_id"":220412957,""process"":""LHC13 [H>tautau]"",""reference"":""2204.12957"",""submeasurement"":""ggH 0 JetpTH [0,10]""},{""chisq"":7.9094976023580115,""cite_key"":""CMS:2022kdi"",""collider"":""LHC13"",""experiment"":""CMS"",""luminosity"":138.0,""measurement_id"":220412957,""process"":""LHC13 [H>tautau]"",""reference"":""2204.12957"",""submeasurement"":""ggH 0 JetpTH [10,200]""},{""chisq"":5.6802829089674285,""cite_key"":""CMS:2022kdi"",""collider"":""LHC13"",""experiment"":""CMS"",""luminosity"":138.0,""measurement_id"":220412957,""process"":""LHC13 [vbfH>tautau]"",""reference"":""2204.12957"",""submeasurement"":""qqH \\geq 2Jet mjj [350,\\infty]pTH [200,\\infty]""},{""chisq"":5.595424702264332,""cite_key"":""ATLAS:2016neq"",""collider"":""LHC8"",""experiment"":""LHCComb"",""luminosity"":25.0,""measurement_id"":160602266,""process"":""LHC8 [Htt,tchanHt,schanHt,HtW]>[WW]"",""reference"":""1606.02266"",""submeasurement"":""Htt_WW""},{""chisq"":5.183527812740008,""cite_key"":""CMS:2022kdi"",""collider"":""LHC13"",""experiment"":""CMS"",""luminosity"":138.0,""measurement_id"":220412957,""process"":""LHC13 [H>tautau]"",""reference"":""2204.12957"",""submeasurement"":""ggH 1 JetpTH [60,120]""}]"	False	0.9417835900361166	0.33621967452646795	0.0			00df37129bf172083166fcb04192a8e828eb054881960dceb9086432cb0c36f4	exclusions_and_general	output/trsm_points_13.6-20260715-777-False_vxzero.dat	208		True	0.0036187818282821696	0.265335182141353	0.0	False
430.3	925.5	264.0	0	-0.4418	0.4784	2.8258832036846955	4.471918922154621	25.810710876253722	0.03589152836436333	-0.16723550335067397	0.0	-85.96936963478296	0.0	385.0536275521962	0.0	566.6	385.0	0	0	False	6.944e-07	1.0111825845187731e-08	True	False	0	0	False	nan	nan	nan	0.0	lz2025-source	2.774484446778782e-11	925.5	0.000332	False	0.121	True	True	True	nan	nan	nan	nan	nan	nan	False	"{""H1"":{""cite_key"":""CMS:2012qwq"",""expRatio"":3.3350045021728927,""limit_id"":12045,""obsRatio"":0.6507854736787948,""particles"":[""H1""],""process"":""LHC8 [vbfH,HW,Htt,H,HZ]>[bb,tautau,WW,ZZ,gamgam]"",""reference"":""CMS-PAS-HIG-12-045""},""H2"":{""cite_key"":""ATLAS:2020tlo"",""expRatio"":7.4040069111944,""limit_id"":2009147911,""obsRatio"":7.110964095261445,""particles"":[""H2""],""process"":""LHC13 [ggH>ZZ]"",""reference"":""2009.14791""}}"	"[{""cite_key"":""ATLAS:2020tlo"",""expRatio"":7.4040069111944,""limit_id"":2009147911,""obsRatio"":7.110964095261445,""particles"":[""H2""],""process"":""LHC13 [ggH>ZZ]"",""reference"":""2009.14791""},{""cite_key"":""ATLAS:2020fry"",""expRatio"":2.8469350086801404,""limit_id"":2004146361,""obsRatio"":4.770323244214477,""particles"":[""H2""],""process"":""LHC13 [H]>[WW,ZZ]"",""reference"":""2004.14636""},{""cite_key"":""ATLAS:2018sbw"",""expRatio"":4.403122760916508,""limit_id"":1808023801,""obsRatio"":4.017134109830633,""particles"":[""H2""],""process"":""LHC13 [H]>[WW,ZZ]"",""reference"":""1808.02380""},{""cite_key"":""CMS:2018amk"",""expRatio"":4.3407191288836,""limit_id"":1804019391,""obsRatio"":3.5368002513223864,""particles"":[""H2""],""process"":""LHC13 [vbfH,H]>[ZZ]"",""reference"":""1804.01939""},{""cite_key"":""CMS:2024phk"",""expRatio"":1.3570627925939653,""limit_id"":240316926,""obsRatio"":2.2095294830615813,""particles"":[""H2"","">"",""H1"",""+"",""H1""],""process"":""LHC13 [H]->X1->(X2->[bb])(X3->[bb, tautau, gamgam, WW])"",""reference"":""2403.16926""}]"	179.03461532146292	26.485746967121116	"[{""chisq"":9.308494889259494,""cite_key"":""CMS:2022kdi"",""collider"":""LHC13"",""experiment"":""CMS"",""luminosity"":138.0,""measurement_id"":220412957,""process"":""LHC13 [H>tautau]"",""reference"":""2204.12957"",""submeasurement"":""ggH 0 JetpTH [0,10]""},{""chisq"":7.090266350033979,""cite_key"":""CMS:2022kdi"",""collider"":""LHC13"",""experiment"":""CMS"",""luminosity"":138.0,""measurement_id"":220412957,""process"":""LHC13 [H>tautau]"",""reference"":""2204.12957"",""submeasurement"":""ggH 0 JetpTH [10,200]""},{""chisq"":7.051205309372608,""cite_key"":""CMS:2021kom"",""collider"":""LHC13"",""experiment"":""CMS"",""luminosity"":137.0,""measurement_id"":210306956,""process"":""LHC13 [H>gamgam]"",""reference"":""2103.06956"",""submeasurement"":""ggH_0J_high_pTH""},{""chisq"":5.811411894621393,""cite_key"":""CMS:2022kdi"",""collider"":""LHC13"",""experiment"":""CMS"",""luminosity"":138.0,""measurement_id"":220412957,""process"":""LHC13 [H>tautau]"",""reference"":""2204.12957"",""submeasurement"":""ggH 1 JetpTH [60,120]""},{""chisq"":5.7872753933368495,""cite_key"":""ATLAS:2016neq"",""collider"":""LHC8"",""experiment"":""LHCComb"",""luminosity"":25.0,""measurement_id"":160602266,""process"":""LHC8 [Htt,tchanHt,schanHt,HtW]>[WW]"",""reference"":""1606.02266"",""submeasurement"":""Htt_WW""}]"	False	0.903983506899559	-0.42756732715863	0.0			00e7ebc804319dc40527e70a8c8ad88c2ad1117485685b564442369cb49d60a9	exclusions_and_general	output/trsm_points_13.6-20260715-777-False_vxzero.dat	6241		True	0.003334119617445414	7.466454076413214	0.0	True
679.4	881.9	312.3	0	0.1123	0.1767	0.0011242465528231447	0.007704654189466171	31.17139933652684	0.04488932959322748	-0.019051128131837312	0.0	120.70208125917443	0.0	-142.51217475236825	0.0	0.00258899999999998	1.211	0	0	False	9.848e-17	4.772610056553242e-14	False	False	0	0	False	nan	nan	nan	0.0	lz2025-source	2.6466292131795248e-11	881.9	67.1	True	0.121	True	True	True	nan	nan	nan	nan	nan	nan	True	"{""H1"":{""cite_key"":""CMS:2012qwq"",""expRatio"":4.029831118857765,""limit_id"":12045,""obsRatio"":0.7863724177351773,""particles"":[""H1""],""process"":""LHC8 [vbfH,HW,Htt,H,HZ]>[bb,tautau,WW,ZZ,gamgam]"",""reference"":""CMS-PAS-HIG-12-045""},""H2"":{""cite_key"":""ATLAS:2022xzm"",""expRatio"":0.189420835737993,""limit_id"":220910910,""obsRatio"":0.15606555235592107,""particles"":[""H2"","">"",""H1"",""+"",""H1""],""process"":""LHC13 [H]->X1->(X2->[tautau])(X3->[bb])"",""reference"":""2209.10910""}}"	"[{""cite_key"":""CMS:2013yea"",""expRatio"":0.8693408175328331,""limit_id"":13022,""obsRatio"":1.0740240420289073,""particles"":[""H1""],""process"":""LHC8 [vbfH>WW]"",""reference"":""CMS-PAS-HIG-13-022""},{""cite_key"":""CMS:2013cul"",""expRatio"":2.3905081317227497,""limit_id"":13003,""obsRatio"":0.8434796624155353,""particles"":[""H1""],""process"":""LHC8 [H>WW]"",""reference"":""CMS-PAS-HIG-13-003""},{""cite_key"":""ATLAS:2014vuz"",""expRatio"":1.3168796381522452,""limit_id"":14096212,""obsRatio"":0.8222651923480527,""particles"":[""H1""],""process"":""LHC8 [HW,HZ]>[bb]"",""reference"":""1409.6212""},{""cite_key"":""CMS:2013zmy"",""expRatio"":2.408088781875404,""limit_id"":13121129,""obsRatio"":0.8039071164991712,""particles"":[""H1""],""process"":""LHC8 [ggH,vbfH,HW,HZ]>[WW]"",""reference"":""1312.1129""},{""cite_key"":""CMS:2013uhr"",""expRatio"":2.117161201305673,""limit_id"":13001,""obsRatio"":0.7980192994116301,""particles"":[""H1""],""process"":""LHC8 [vbfH,HW,Htt,H,HZ]>[gamgam]"",""reference"":""CMS-PAS-HIG-13-001""}]"	152.53780878094267	-0.011059573399137435	"[{""chisq"":10.64953426102886,""cite_key"":""CMS:2022kdi"",""collider"":""LHC13"",""experiment"":""CMS"",""luminosity"":138.0,""measurement_id"":220412957,""process"":""LHC13 [H>tautau]"",""reference"":""2204.12957"",""submeasurement"":""ggH 0 JetpTH [0,10]""},{""chisq"":9.168065997926332,""cite_key"":""CMS:2022kdi"",""collider"":""LHC13"",""experiment"":""CMS"",""luminosity"":138.0,""measurement_id"":220412957,""process"":""LHC13 [H>tautau]"",""reference"":""2204.12957"",""submeasurement"":""ggH 0 JetpTH [10,200]""},{""chisq"":7.353969240134518,""cite_key"":""CMS:2022kdi"",""collider"":""LHC13"",""experiment"":""CMS"",""luminosity"":138.0,""measurement_id"":220412957,""process"":""LHC13 [vbfH>tautau]"",""reference"":""2204.12957"",""submeasurement"":""qqH \\geq 2Jet mjj [350,\\infty]pTH [200,\\infty]""},{""chisq"":5.324578678728917,""cite_key"":""ATLAS:2016neq"",""collider"":""LHC8"",""experiment"":""LHCComb"",""luminosity"":25.0,""measurement_id"":160602266,""process"":""LHC8 [Htt,tchanHt,schanHt,HtW]>[WW]"",""reference"":""1606.02266"",""submeasurement"":""Htt_WW""},{""chisq"":4.883987136059597,""cite_key"":""ATLAS:2016neq"",""collider"":""LHC8"",""experiment"":""LHCComb"",""luminosity"":25.0,""measurement_id"":160602266,""process"":""LHC8 [HZ>WW]"",""reference"":""1606.02266"",""submeasurement"":""HZ_WW""}]"	True	0.9937009790746633	0.11206410748342072	0.0			00ebe78c6e93f0f52f8f7b2fdeda7ff34e1b690b0ce9562c7f75ce92a2d01c61	exclusions_and_general	output/trsm_points_13.6-20260715-777-False_vxzero.dat	10001		True	0.004028761874120893	2.853212831304114	0.0	True
423.8	651.1	385.2	0	-0.2417	0.374	0.0008761891931092321	2.3023530703108385e-05	29.388847537525116	0.041008049234330574	-0.07906058102156256	0.0	-81.4959696502714	0.0	152.173331603656	0.0	0.1057	-0.021490000000000002	0	0	False	5.942e-14	2.680623329601759e-15	True	False	0	0	False	nan	nan	nan	0.0	lz2025-source	1.9672673691622826e-11	651.1	888.0	True	0.121	True	True	True	nan	nan	nan	nan	nan	nan	False	"{""H1"":{""cite_key"":""CMS:2012qwq"",""expRatio"":3.847277096795868,""limit_id"":12045,""obsRatio"":0.7507492257298544,""particles"":[""H1""],""process"":""LHC8 [vbfH,HW,Htt,H,HZ]>[bb,tautau,WW,ZZ,gamgam]"",""reference"":""CMS-PAS-HIG-12-045""},""H2"":{""cite_key"":""ATLAS:2020tlo"",""expRatio"":2.3850857557990004,""limit_id"":2009147911,""obsRatio"":2.566804008287045,""particles"":[""H2""],""process"":""LHC13 [ggH>ZZ]"",""reference"":""2009.14791""}}"	"[{""cite_key"":""ATLAS:2020tlo"",""expRatio"":2.3850857557990004,""limit_id"":2009147911,""obsRatio"":2.566804008287045,""particles"":[""H2""],""process"":""LHC13 [ggH>ZZ]"",""reference"":""2009.14791""},{""cite_key"":""CMS:2024phk"",""expRatio"":1.1168593379761835,""limit_id"":240316926,""obsRatio"":1.781027107402065,""particles"":[""H2"","">"",""H1"",""+"",""H1""],""process"":""LHC13 [H]->X1->(X2->[bb])(X3->[bb, tautau, gamgam, WW])"",""reference"":""2403.16926""},{""cite_key"":""ATLAS:2022xzm"",""expRatio"":0.8647553646188595,""limit_id"":220910910,""obsRatio"":1.4387534229913839,""particles"":[""H2"","">"",""H1"",""+"",""H1""],""process"":""LHC13 [H]->X1->(X2->[tautau])(X3->[bb])"",""reference"":""2209.10910""},{""cite_key"":""ATLAS:2020fry"",""expRatio"":0.7889026177543896,""limit_id"":2004146361,""obsRatio"":1.4171360990875332,""particles"":[""H2""],""process"":""LHC13 [H]>[WW,ZZ]"",""reference"":""2004.14636""},{""cite_key"":""CMS:2018amk"",""expRatio"":1.335091031674444,""limit_id"":1804019391,""obsRatio"":1.333896972029679,""particles"":[""H2""],""process"":""LHC13 [vbfH,H]>[ZZ]"",""reference"":""1804.01939""}]"	154.2128115194727	1.6639431651308882	"[{""chisq"":10.288461631297848,""cite_key"":""CMS:2022kdi"",""collider"":""LHC13"",""experiment"":""CMS"",""luminosity"":138.0,""measurement_id"":220412957,""process"":""LHC13 [H>tautau]"",""reference"":""2204.12957"",""submeasurement"":""ggH 0 JetpTH [0,10]""},{""chisq"":8.596334941977887,""cite_key"":""CMS:2022kdi"",""collider"":""LHC13"",""experiment"":""CMS"",""luminosity"":138.0,""measurement_id"":220412957,""process"":""LHC13 [H>tautau]"",""reference"":""2204.12957"",""submeasurement"":""ggH 0 JetpTH [10,200]""},{""chisq"":6.582268981396264,""cite_key"":""CMS:2022kdi"",""collider"":""LHC13"",""experiment"":""CMS"",""luminosity"":138.0,""measurement_id"":220412957,""process"":""LHC13 [vbfH>tautau]"",""reference"":""2204.12957"",""submeasurement"":""qqH \\geq 2Jet mjj [350,\\infty]pTH [200,\\infty]""},{""chisq"":5.4443484526689785,""cite_key"":""ATLAS:2016neq"",""collider"":""LHC8"",""experiment"":""LHCComb"",""luminosity"":25.0,""measurement_id"":160602266,""process"":""LHC8 [Htt,tchanHt,schanHt,HtW]>[WW]"",""reference"":""1606.02266"",""submeasurement"":""Htt_WW""},{""chisq"":4.970560871567208,""cite_key"":""ATLAS:2016neq"",""collider"":""LHC8"",""experiment"":""LHCComb"",""luminosity"":25.0,""measurement_id"":160602266,""process"":""LHC8 [HZ>WW]"",""reference"":""1606.02266"",""submeasurement"":""HZ_WW""}]"	True	0.9709324769987067	-0.2393535567088068	0.0			00f0bb3da33390b771d005036f914db4ecf61ab28388c2ac2e7bd0684377c6a6	exclusions_and_general	output/trsm_points_13.6-20260715-777-False_vxzero.dat	263		True	0.003846256289554644	2.54543706446643	0.0	True
