	m1	m2	m3	vs	a12	lx	lphix	lsx	dmphiSq	dlphi	dmsSq	dls	dmxSq	dlx	dlphis	dlphix	dlsx	dT1	dT2	dT3	dT4	dT5	dT6	status_nlo_stability	status_ewsr	status_tracing	Temp_0	w1(Temp_0)	wx(Temp_0)	ws(Temp_0)	Veff(Temp_0)	Temp_1	w1(Temp_1)	wx(Temp_1)	ws(Temp_1)	Veff(Temp_1)	Temp_2	w1(Temp_2)	wx(Temp_2)	ws(Temp_2)	Veff(Temp_2)	Temp_3	w1(Temp_3)	wx(Temp_3)	ws(Temp_3)	Veff(Temp_3)	runtime
223615	125.09	11.84	23.51	352.8	0.04816	0.6578	0.0026685381489905667	0.04643818911212724	-1048.056352582376	-0.01059640467576745	-1.689182342358123	1.635581538183036e-05	48.72893768852161	0	-2.648356181379056e-05	0	0	-0	-0	-0	-2.586510975262214e-11	-0	0	success	ew_sym_res	success	153.9432973861694	-6.971598039182784e-07	-3.687367151674964e-09	4.209476314323697e-06	-6063121279.365377	130.1976374075675	157.2905798700266	-1.460235977511734e-06	3.269307647898212e-09	-3121497622.561904	0	237.6067436657042	61.88896803011736	-3.343129679639053e-08	-112426804.0113926	0	246.2196508531271	-7.195493606219824e-12	352.8000002493918	-112499328.3860916	7.372
223615	125.09	11.84	23.51	352.8	0.04816	0.6578	0.0026685381489905667	0.04643818911212724	-1048.056352582376	-0.01059640467576745	-1.689182342358123	1.635581538183036e-05	48.72893768852161	0	-2.648356181379056e-05	0	0	-0	-0	-0	-2.586510975262214e-11	-0	0	success	ew_sym_res	success	153.9624584980293	-6.971598039182784e-07	-3.687367151674964e-09	4.209476314323697e-06	-6066135391.632557	130.262201067857	157.1334543165924	-1.32458829726127e-06	3.481019693941492e-09	-3127582557.049174	0.8990660179691758	237.606644375667	61.8889699407585	4.510197301000663e-08	-112426815.1452085	1	246.2195607879855	-3.441944874143664e-10	352.8005114968921	-112499344.5181078	7.372
223615	125.09	11.84	23.51	352.8	0.04816	0.6578	0.0026685381489905667	0.04643818911212724	-1048.056352582376	-0.01059640467576745	-1.689182342358123	1.635581538183036e-05	48.72893768852161	0	-2.648356181379056e-05	0	0	-0	-0	-0	-2.586510975262214e-11	-0	0	success	ew_sym_res	success	153.9816196098892	8.560335660106874e-10	-2.7058837483679e-09	3.75340766141174e-05	-6069150628.998317	130.3267647281464	156.9760003081108	-8.932792412384385e-07	-4.873735758409808e-09	-3133676723.556835	1.899066017969176	237.6060656764815	61.88897274248744	1.861778568354774e-08	-112426964.9087096	2	246.2186419692485	-6.802929969003026e-10	352.7994281194928	-112499522.4121522	7.372
223615	125.09	11.84	23.51	352.8	0.04816	0.6578	0.0026685381489905667	0.04643818911212724	-1048.056352582376	-0.01059640467576745	-1.689182342358123	1.635581538183036e-05	48.72893768852161	0	-2.648356181379056e-05	0	0	-0	-0	-0	-2.586510975262214e-11	-0	0	success	ew_sym_res	success	154	8.560335660106874e-10	-2.7058837483679e-09	3.75340766141174e-05	-6072044067.69241	130.3913283884359	156.8182157099019	-2.269188081312987e-08	2.902502391666028e-08	-3139780131.449586	2.899066017969176	237.6052226678872	61.88896688791945	3.448730893932161e-08	-112427585.3489635	3	246.2173232881912	1.655309780970703e-10	352.7984578633422	-112500212.3436049	7.372
223615	125.09	11.84	23.51	352.8	0.04816	0.6578	0.0026685381489905667	0.04643818911212724	-1048.056352582376	-0.01059640467576745	-1.689182342358123	1.635581538183036e-05	48.72893768852161	0	-2.648356181379056e-05	0	0	-0	-0	-0	-2.586510975262214e-11	-0	0	success	ew_sym_res	success	154.0007807217491	8.560335660106874e-10	-2.7058837483679e-09	3.75340766141174e-05	-6072166991.742283	130.4403289241626	156.6982462212407	-2.673239143262438e-07	-1.269039803106751e-08	-3144418481.900011	3.899066017969176	237.6040342215785	61.88895876291734	-4.154162947888463e-08	-112429213.5797009	4	246.2161979479909	-3.843625598582806e-10	352.7997323665051	-112501969.9321035	7.372
223615	125.09	11.84	23.51	352.8	0.04816	0.6578	0.0026685381489905667	0.04643818911212724	-1048.056352582376	-0.01059640467576745	-1.689182342358123	1.635581538183036e-05	48.72893768852161	0	-2.648356181379056e-05	0	0	-0	-0	-0	-2.586510975262214e-11	-0	0	success	ew_sym_res	success	154.0199418336089	8.560335660106874e-10	-2.7058837483679e-09	3.75340766141174e-05	-6075184480.14411	130.4558920487253	156.6601025186416	-1.210010513315131e-07	-2.874793946916766e-08	-3145892790.097075	4.899066017969176	237.6023026784185	61.88896117405109	-4.072052684737525e-08	-112432587.7721798	5	246.2147657681228	-1.671041232878638e-10	352.8005147269535	-112505554.8660614	7.372
223615	125.09	11.84	23.51	352.8	0.04816	0.6578	0.0026685381489905667	0.04643818911212724	-1048.056352582376	-0.01059640467576745	-1.689182342358123	1.635581538183036e-05	48.72893768852161	0	-2.648356181379056e-05	0	0	-0	-0	-0	-2.586510975262214e-11	-0	0	success	ew_sym_res	success	154.0391029454688	8.560335660106874e-10	-2.7058837483679e-09	3.75340766141174e-05	-6078203094.483504	130.5204557090147	156.50165531989	8.895334186313198e-08	7.685978888036083e-09	-3152014708.873916	5.899066017969176	237.6001955604378	61.88898502369142	2.085441400569523e-08	-112438646.4581149	6	246.2125112923714	7.148710540455914e-10	352.7978219637824	-112511931.1378914	7.372
223615	125.09	11.84	23.51	352.8	0.04816	0.6578	0.0026685381489905667	0.04643818911212724	-1048.056352582376	-0.01059640467576745	-1.689182342358123	1.635581538183036e-05	48.72893768852161	0	-2.648356181379056e-05	0	0	-0	-0	-0	-2.586510975262214e-11	-0	0	success	ew_sym_res	success	154.0582640573287	8.560335660106874e-10	-2.7058837483679e-09	3.75340766141174e-05	-6081222835.0402	130.5850193693042	156.3428752435416	3.924003880798464e-07	-2.150765595915625e-08	-3158145897.159685	6.703518584008359	237.5982880844979	61.88902567950434	-4.011644190388003e-08	-112446235.0630862	6.703518584008359	246.2106766196897	1.261540061339822e-09	352.7943824572181	-112518712.4256625	7.372
223615	125.09	11.84	23.51	352.8	0.04816	0.6578	0.0026685381489905667	0.04643818911212724	-1048.056352582376	-0.01059640467576745	-1.689182342358123	1.635581538183036e-05	48.72893768852161	0	-2.648356181379056e-05	0	0	-0	-0	-0	-2.586510975262214e-11	-0	0	success	ew_sym_res	success	154.0774251691886	8.560335660106874e-10	-2.7058837483679e-09	3.75340766141174e-05	-6084243702.093948	130.6495830295936	156.1837605594749	5.100958581746661e-08	-9.003268163968288e-09	-3164286364.338918	6.899066017969176	237.5977945797414	61.88903867226024	-6.872694584459099e-10	-112448528.8841643	7	246.209839448476	4.522734490392264e-10	352.7924672860979	-112522267.2810509	7.372
223615	125.09	11.84	23.51	352.8	0.04816	0.6578	0.0026685381489905667	0.04643818911212724	-1048.056352582376	-0.01059640467576745	-1.689182342358123	1.635581538183036e-05	48.72893768852161	0	-2.648356181379056e-05	0	0	-0	-0	-0	-2.586510975262214e-11	-0	0	success	ew_sym_res	success	154.0965862810484	8.560335660106874e-10	-2.7058837483679e-09	3.75340766141174e-05	-6087265695.924569	130.7141466898831	156.0243100191786	1.636184341100701e-07	2.32782415239936e-08	-3170436119.801126	7.899066017969176	237.5950910699432	61.88912079991877	1.36931558014311e-08	-112463576.4787036	8	246.2066990894742	-1.892561490999342e-10	352.7833573666326	-112537937.2331884	7.373
223615	125.09	11.84	23.51	352.8	0.04816	0.6578	0.0026685381489905667	0.04643818911212724	-1048.056352582376	-0.01059640467576745	-1.689182342358123	1.635581538183036e-05	48.72893768852161	0	-2.648356181379056e-05	0	0	-0	-0	-0	-2.586510975262214e-11	-0	0	success	ew_sym_res	success	154.1157473929083	8.560335660106874e-10	-2.7058837483679e-09	3.75340766141174e-05	-6090288816.811891	130.7787103501725	155.864522354535	3.371779161834357e-08	3.232000737679055e-08	-3176595172.940774	8.899066017969176	237.592089115703	61.88921101795123	-3.861359589428166e-08	-112485335.8626615	9	246.2030361268356	-3.94543804181474e-11	352.76945565685	-112560522.9524699	7.373
223615	125.09	11.84	23.51	352.8	0.04816	0.6578	0.0026685381489905667	0.04643818911212724	-1048.056352582376	-0.01059640467576745	-1.689182342358123	1.635581538183036e-05	48.72893768852161	0	-2.648356181379056e-05	0	0	-0	-0	-0	-2.586510975262214e-11	-0	0	success	ew_sym_res	success	154.1349085047682	8.560335660106874e-10	-2.7058837483679e-09	3.75340766141174e-05	-6093313065.035802	130.8432740104619	155.7043962974315	-3.195277318279461e-07	-1.653571913136335e-08	-3182763533.157309	9.899066017969176	237.5887835369369	61.88926350482886	-3.857924358801439e-08	-112515563.4502962	10	246.198830391171	-4.417970441450484e-11	352.7504263583903	-112591817.0959789	7.373
223615	125.09	11.84	23.51	352.8	0.04816	0.6578	0.0026685381489905667	0.04643818911212724	-1048.056352582376	-0.01059640467576745	-1.689182342358123	1.635581538183036e-05	48.72893768852161	0	-2.648356181379056e-05	0	0	-0	-0	-0	-2.586510975262214e-11	-0	0	success	ew_sym_res	success	154.154069616628	8.560335660106874e-10	-2.7058837483679e-09	3.75340766141174e-05	-6096338440.876184	130.9078376707513	155.5439305695679	-1.647998414503853e-09	-4.858974177251976e-09	-3188941209.85513	10.89906601796918	237.5851553283836	61.88920458955263	-3.869685701294572e-08	-112556231.0965413	11	246.1940366863588	-5.837691567948902e-10	352.7256404716219	-112633827.6886249	7.373
223615	125.09	11.84	23.51	352.8	0.04816	0.6578	0.0026685381489905667	0.04643818911212724	-1048.056352582376	-0.01059640467576745	-1.689182342358123	1.635581538183036e-05	48.72893768852161	0	-2.648356181379056e-05	0	0	-0	-0	-0	-2.586510975262214e-11	-0	0	success	ew_sym_res	success	155	8.560335660106874e-10	-2.7058837483679e-09	3.75340766141174e-05	-6231031711.832431	131.0349139127444	155.2270998656095	3.665787111761473e-07	4.162710150827611e-09	-3201127559.466052	11.89906601796918	237.5811694229324	61.88893436350142	4.61500267608666e-08	-112609532.079103	12	246.1885987241456	-6.815001201576097e-10	352.6945288909821	-112688783.296579	7.373
223615	125.09	11.84	23.51	352.8	0.04816	0.6578	0.0026685381489905667	0.04643818911212724	-1048.056352582376	-0.01059640467576745	-1.689182342358123	1.635581538183036e-05	48.72893768852161	0	-2.648356181379056e-05	0	0	-0	-0	-0	-2.586510975262214e-11	-0	0	success	ew_sym_res	success	156	8.560335660106874e-10	-2.7058837483679e-09	3.75340766141174e-05	-6393125182.806129	131.6181043704023	153.7558456239353	-2.233378861347283e-07	4.323752521939988e-09	-3257519703.757362	12.89906601796918	237.5767737433128	61.8883310792908	-1.105782354599501e-08	-112677886.8693651	13	246.1824457624033	-1.915003134217705e-10	352.6565382647794	-112759138.1061932	7.373
223615	125.09	11.84	23.51	352.8	0.04816	0.6578	0.0026685381489905667	0.04643818911212724	-1048.056352582376	-0.01059640467576745	-1.689182342358123	1.635581538183036e-05	48.72893768852161	0	-2.648356181379056e-05	0	0	-0	-0	-0	-2.586510975262214e-11	-0	0	success	ew_sym_res	success	157	8.560335660106874e-10	-2.7058837483679e-09	3.75340766141174e-05	-6558364629.164742	132.1901556053084	152.2844963569991	-4.311821870917898e-08	-1.68846241293529e-08	-3313582172.169363	13.40703716801672	237.5743623971563	61.88785339633836	-3.021689759949703e-08	-112719214.9322612	13.40703716801672	246.1797171522298	8.020093060320115e-10	352.638976161888	-112792793.6788921	7.373
223615	125.09	11.84	23.51	352.8	0.04816	0.6578	0.0026685381489905667	0.04643818911212724	-1048.056352582376	-0.01059640467576745	-1.689182342358123	1.635581538183036e-05	48.72893768852161	0	-2.648356181379056e-05	0	0	-0	-0	-0	-2.586510975262214e-11	-0	0	success	ew_sym_res	success	158	8.560335660106874e-10	-2.7058837483679e-09	3.75340766141174e-05	-6726790461.048223	132.7513118587561	150.813064553675	-3.213382923103759e-08	5.464542009721826e-09	-3369302539.835571	13.89906601796918	237.5718989395744	61.88725688598694	-2.270538190757946e-08	-112763948.4201147	14	246.1754909661229	8.788803506317036e-14	352.611105298483	-112847576.753514	7.373
223615	125.09	11.84	23.51	352.8	0.04816	0.6578	0.0026685381489905667	0.04643818911212724	-1048.056352582376	-0.01059640467576745	-1.689182342358123	1.635581538183036e-05	48.72893768852161	0	-2.648356181379056e-05	0	0	-0	-0	-0	-2.586510975262214e-11	-0	0	success	ew_sym_res	success	159	8.560335660106874e-10	-2.7058837483679e-09	3.75340766141174e-05	-6898443349.786688	133.3018069514459	149.3415623936951	7.411938771106121e-08	3.287574795024536e-08	-3424668691.057534	14.89906601796918	237.5664583432145	61.88556374983482	1.170117562396293e-08	-112870606.9213919	15	246.1676305229619	-1.779354932942664e-10	352.5576399915912	-112957018.7942465	7.373
223615	125.09	11.84	23.51	352.8	0.04816	0.6578	0.0026685381489905667	0.04643818911212724	-1048.056352582376	-0.01059640467576745	-1.689182342358123	1.635581538183036e-05	48.72893768852161	0	-2.648356181379056e-05	0	0	-0	-0	-0	-2.586510975262214e-11	-0	0	success	ew_sym_res	success	160	8.560335660106874e-10	-2.7058837483679e-09	3.75340766141174e-05	-7073364227.565166	133.8418648929537	147.8700017512494	2.449031779312405e-08	-1.05858131095788e-08	-3479668812.304045	15.89906601796918	237.5603478667312	61.88309873025972	-1.550722376085559e-10	-113000994.0976378	16	246.1587429792597	-4.307874402420204e-10	352.4955131355727	-113090622.8310771	7.373
223615	125.09	11.84	23.51	352.8	0.04816	0.6578	0.0026685381489905667	0.04643818911212724	-1048.056352582376	-0.01059640467576745	-1.689182342358123	1.635581538183036e-05	48.72893768852161	0	-2.648356181379056e-05	0	0	-0	-0	-0	-2.586510975262214e-11	-0	0	success	ew_sym_res	success	161	8.560335660106874e-10	-2.7058837483679e-09	3.75340766141174e-05	-7251594287.13962	134.3717004363807	146.398394254984	4.397000914176216e-08	2.75723174540742e-08	-3534291384.537223	16.89906601796918	237.5534457687618	61.87970831265442	-1.394349679411824e-08	-113158487.1594191	17	246.1486886243866	-2.014053424819003e-10	352.4240464202909	-113251790.3666414	7.373
223615	125.09	11.84	23.51	352.8	0.04816	0.6578	0.0026685381489905667	0.04643818911212724	-1048.056352582376	-0.01059640467576745	-1.689182342358123	1.635581538183036e-05	48.72893768852161	0	-2.648356181379056e-05	0	0	-0	-0	-0	-2.586510975262214e-11	-0	0	success	ew_sym_res	success	162	8.560335660106874e-10	-2.7058837483679e-09	3.75340766141174e-05	-7433174981.594825	134.8915195973632	144.9267513062486	5.436152505733227e-09	-1.038608531091819e-08	-3588525176.350636	17.89906601796918	237.5456123320324	61.87524337610619	-1.932235338776176e-08	-113346712.4832791	18	246.1373087735485	-1.048613751803243e-09	352.3425034935079	-113444169.4511461	7.373
223615	125.09	11.84	23.51	352.8	0.04816	0.6578	0.0026685381489905667	0.04643818911212724	-1048.056352582376	-0.01059640467576745	-1.689182342358123	1.635581538183036e-05	48.72893768852161	0	-2.648356181379056e-05	0	0	-0	-0	-0	-2.586510975262214e-11	-0	0	success	ew_sym_res	success	163	8.560335660106874e-10	-2.7058837483679e-09	3.75340766141174e-05	-7618148024.136561	135.4015201396096	143.4550840981303	3.114516308711522e-08	-6.388404934710453e-09	-3642359237.795861	18.89906601796918	237.5366895784736	61.86956009385593	-1.312914437595139e-08	-113569549.09522	19	246.1244251386661	-3.630569701498025e-10	352.2500824412042	-113671658.1701236	7.373
223615	125.09	11.84	23.51	352.8	0.04816	0.6578	0.0026685381489905667	0.04643818911212724	-1048.056352582376	-0.01059640467576745	-1.689182342358123	1.635581538183036e-05	48.72893768852161	0	-2.648356181379056e-05	0	0	-0	-0	-0	-2.586510975262214e-11	-0	0	success	ew_sym_res	success	164	8.560335660106874e-10	-2.7058837483679e-09	3.75340766141174e-05	-7806555387.912394	135.9018920288581	141.9834036356609	9.472016634648482e-09	-4.202398845544739e-08	-3695782894.76984	19.89906601796918	237.5265011220955	61.86252257803709	2.771954420894766e-10	-113831131.9719511	20	246.1098393188156	1.953513530397876e-10	352.1459096295168	-113938407.9890276	7.373
223615	125.09	11.84	23.51	352.8	0.04816	0.6578	0.0026685381489905667	0.04643818911212724	-1048.056352582376	-0.01059640467576745	-1.689182342358123	1.635581538183036e-05	48.72893768852161	0	-2.648356181379056e-05	0	0	-0	-0	-0	-2.586510975262214e-11	-0	0	success	ew_sym_res	success	165	8.560335660106874e-10	-2.7058837483679e-09	3.75340766141174e-05	-7998439305.856215	136.3928166663138	140.5117243267182	3.521956824748331e-08	-4.264550562877719e-09	-3748785614.579626	20.11055575202508	237.5241661794011	61.86084857744338	-1.597720237938743e-08	-113891827.9051595	20.11055575202508	246.1081130361281	3.990535252074946e-11	352.1336311737903	-113970496.8157892	7.373
223615	125.09	11.84	23.51	352.8	0.04816	0.6578	0.0026685381489905667	0.04643818911212724	-1048.056352582376	-0.01059640467576745	-1.689182342358123	1.635581538183036e-05	48.72893768852161	0	-2.648356181379056e-05	0	0	-0	-0	-0	-2.586510975262214e-11	-0	0	success	ew_sym_res	success	166	8.560335660106874e-10	-2.7058837483679e-09	3.75340766141174e-05	-8193842270.552763	136.874589990836	139.0396857862843	1.612736563214307e-08	1.419983040387217e-08	-3801370459.55657	20.89906601796918	237.5148522669051	61.85400409866307	-1.592719909024969e-08	-114135855.1484677	21	246.0933325248498	-4.263377889703388e-11	352.0290350236061	-114248826.9477567	7.373
223615	125.09	11.84	23.51	352.8	0.04816	0.6578	0.0026685381489905667	0.04643818911212724	-1048.056352582376	-0.01059640467576745	-1.689182342358123	1.635581538183036e-05	48.72893768852161	0	-2.648356181379056e-05	0	0	-0	-0	-0	-2.586510975262214e-11	-0	0	success	ew_sym_res	success	167	8.560335660106874e-10	-2.7058837483679e-09	3.75340766141174e-05	-8392807034.119037	137.3348402634691	137.606697752681	-8.770332702618841e-09	-2.454897613539533e-08	-3852137388.469311	21.89906601796918	237.5015303371014	61.8438878493	7.658004712282378e-09	-114488374.6134849	22	246.0746658875556	7.886711740781288e-10	351.8984303770395	-114607582.6835139	7.373
223615	125.09	11.84	23.51	352.8	0.04816	0.6578	0.0026685381489905667	0.04643818911212724	-1048.056352582376	-0.01059640467576745	-1.689182342358123	1.635581538183036e-05	48.72893768852161	0	-2.648356181379056e-05	0	0	-0	-0	-0	-2.586510975262214e-11	-0	0	success	ew_sym_res	success	168	8.560335660106874e-10	-2.7058837483679e-09	3.75340766141174e-05	-8595376608.100084	137.7883369484554	136.1287083457707	-2.514154772354253e-08	-1.767661307966788e-08	-3902670788.875714	22.89906601796918	237.4863053777532	61.83206735501841	2.210108557838254e-08	-114893610.9669619	23	246.0535940678132	6.019713492558578e-10	351.7530433289021	-115019605.2544987	7.373
223615	125.09	11.84	23.51	352.8	0.04816	0.6578	0.0026685381489905667	0.04643818911212724	-1048.056352582376	-0.01059640467576745	-1.689182342358123	1.635581538183036e-05	48.72893768852161	0	-2.648356181379056e-05	0	0	-0	-0	-0	-2.586510975262214e-11	-0	0	success	ew_sym_res	success	169	8.560335660106874e-10	-2.7058837483679e-09	3.75340766141174e-05	-8801594263.376955	138.235792471383	134.6486902847525	1.327706243218254e-08	2.796351603356797e-09	-3953032058.373919	23.89906601796918	237.4689318607302	61.81798965725	-1.647031750051001e-08	-115356752.710081	24	246.0298473752946	-3.818147407365973e-10	351.5917205634674	-115490089.7378465	7.373
223615	125.09	11.84	23.51	352.8	0.04816	0.6578	0.0026685381489905667	0.04643818911212724	-1048.056352582376	-0.01059640467576745	-1.689182342358123	1.635581538183036e-05	48.72893768852161	0	-2.648356181379056e-05	0	0	-0	-0	-0	-2.586510975262214e-11	-0	0	success	ew_sym_res	success	170	8.560335660106874e-10	-2.7058837483679e-09	3.75340766141174e-05	-9011503530.085306	138.6762189237386	133.1722537571376	3.357942313940034e-08	5.575355425092232e-09	-4003091398.415726	24.89906601796918	237.4491557246298	61.80144243157882	2.420451147983123e-08	-115883263.2155885	25	246.0031344642699	4.222419372734663e-10	351.4132166942384	-116024498.5804087	7.373
223615	125.09	11.84	23.51	352.8	0.04816	0.6578	0.0026685381489905667	0.04643818911212724	-1048.056352582376	-0.01059640467576745	-1.689182342358123	1.635581538183036e-05	48.72893768852161	0	-2.648356181379056e-05	0	0	-0	-0	-0	-2.586510975262214e-11	-0	0	success	ew_sym_res	success	171	8.560335660106874e-10	-2.7058837483679e-09	3.75340766141174e-05	-9225148197.542934	139.1092686567525	131.6973773139844	-4.151916896836264e-09	7.567508454467068e-09	-4052788558.316739	25.89906601796918	237.4264300960221	61.78280643496614	1.410610624464446e-08	-116478887.15253	26	245.9731490720981	-4.719917106671179e-10	351.2162203571762	-116628563.6884894	7.373
223615	125.09	11.84	23.51	352.8	0.04816	0.6578	0.0026685381489905667	0.04643818911212724	-1048.056352582376	-0.01059640467576745	-1.689182342358123	1.635581538183036e-05	48.72893768852161	0	-2.648356181379056e-05	0	0	-0	-0	-0	-2.586510975262214e-11	-0	0	success	ew_sym_res	success	172	8.560335660106874e-10	-2.7058837483679e-09	3.75340766141174e-05	-9442572314.185232	139.5348029492274	130.2234093374428	1.280339792709416e-08	-9.603559334955479e-09	-4102086195.919953	26.81407433603344	237.4029379208	61.76381882685079	3.812351283821573e-09	-117089583.3832159	26.81407433603344	245.9457200543518	-1.146714759865607e-10	351.0396457564648	-117175916.5164777	7.373
223615	125.09	11.84	23.51	352.8	0.04816	0.6578	0.0026685381489905667	0.04643818911212724	-1048.056352582376	-0.01059640467576745	-1.689182342358123	1.635581538183036e-05	48.72893768852161	0	-2.648356181379056e-05	0	0	-0	-0	-0	-2.586510975262214e-11	-0	0	success	ew_sym_res	success	173	8.560335660106874e-10	-2.7058837483679e-09	3.75340766141174e-05	-9663820187.507448	139.9527773961001	128.750057644298	-3.915167389073926e-09	1.842972944076153e-08	-4150957579.207973	26.89906601796918	237.4006215510493	61.76195798982483	-2.64112114262609e-08	-117149671.2511259	27	245.9390887485229	-2.637042916337394e-10	350.997331861966	-117308313.5055916	7.373
223615	125.09	11.84	23.51	352.8	0.04816	0.6578	0.0026685381489905667	0.04643818911212724	-1048.056352582376	-0.01059640467576745	-1.689182342358123	1.635581538183036e-05	48.72893768852161	0	-2.648356181379056e-05	0	0	-0	-0	-0	-2.586510975262214e-11	-0	0	success	ew_sym_res	success	174	8.560335660106874e-10	-2.7058837483679e-09	3.75340766141174e-05	-9888936384.012918	140.3631974139665	127.2771684966343	-5.504139860345492e-09	-3.123380211526747e-08	-4199381837.839522	27.89906601796918	237.3715402431986	61.73878485504643	1.300665498963789e-08	-117901904.8004232	28	245.9010078509524	9.435305551562937e-10	350.7567350412975	-118070065.7965924	7.373
223615	125.09	11.84	23.51	352.8	0.04816	0.6578	0.0026685381489905667	0.04643818911212724	-1048.056352582376	-0.01059640467576745	-1.689182342358123	1.635581538183036e-05	48.72893768852161	0	-2.648356181379056e-05	0	0	-0	-0	-0	-2.586510975262214e-11	-0	0	success	ew_sym_res	success	175	8.560335660106874e-10	-2.7058837483679e-09	3.75340766141174e-05	-10117965729.16645	140.7660972275967	125.8046532826176	-9.075571664226449e-09	-1.286871626066687e-08	-4247341726.940735	28.89906601796918	237.3387662686799	61.71318562196086	-1.497772380786766e-08	-118742155.1269505	29	245.8585822777624	6.178409461319164e-10	350.4930209994424	-118920382.2652553	7.373
223615	125.09	11.84	23.51	352.8	0.04816	0.6578	0.0026685381489905667	0.04643818911212724	-1048.056352582376	-0.01059640467576745	-1.689182342358123	1.635581538183036e-05	48.72893768852161	0	-2.648356181379056e-05	0	0	-0	-0	-0	-2.586510975262214e-11	-0	0	success	ew_sym_res	success	176	8.560335660106874e-10	-2.7058837483679e-09	3.75340766141174e-05	-10350953307.35233	141.1615286515117	124.3324581715594	-2.027809139547225e-08	-1.834156673885171e-08	-4294822432.843925	29.89906601796918	237.3018586062022	61.68506648232823	1.227265166202616e-08	-119677293.9929949	30	245.8112762438786	4.113951627017474e-11	350.2038783976333	-119866105.9464378	7.373
223615	125.09	11.84	23.51	352.8	0.04816	0.6578	0.0026685381489905667	0.04643818911212724	-1048.056352582376	-0.01059640467576745	-1.689182342358123	1.635581538183036e-05	48.72893768852161	0	-2.648356181379056e-05	0	0	-0	-0	-0	-2.586510975262214e-11	-0	0	success	ew_sym_res	success	177	8.560335660106874e-10	-2.7058837483679e-09	3.75340766141174e-05	-10587944461.8364	141.5495545586133	122.860549705384	2.486360220612183e-08	5.932124475974928e-09	-4341810874.604577	30.89906601796918	237.2606789469982	61.65433737028099	1.978388412516704e-08	-120714458.1253363	31	245.7586240908482	1.110217553757234e-09	349.8872755179012	-120914386.0513694	7.373
223615	125.09	11.84	23.51	352.8	0.04816	0.6578	0.0026685381489905667	0.04643818911212724	-1048.056352582376	-0.01059640467576745	-1.689182342358123	1.635581538183036e-05	48.72893768852161	0	-2.648356181379056e-05	0	0	-0	-0	-0	-2.586510975262214e-11	-0	0	success	ew_sym_res	success	178	8.560335660106874e-10	-2.7058837483679e-09	3.75340766141174e-05	-10828984794.7316	141.9302448539567	121.3889071357409	-8.810611295537106e-09	-3.452544809157187e-08	-4388295269.595502	31.89906601796918	237.2148863971666	61.62091521301358	-1.11962818846918e-08	-121861058.005558	32	245.7004435448322	-1.558674797188543e-11	349.5423635364875	-122072632.7373119	7.373
223615	125.09	11.84	23.51	352.8	0.04816	0.6578	0.0026685381489905667	0.04643818911212724	-1048.056352582376	-0.01059640467576745	-1.689182342358123	1.635581538183036e-05	48.72893768852161	0	-2.648356181379056e-05	0	0	-0	-0	-0	-2.586510975262214e-11	-0	0	success	ew_sym_res	success	179	8.560335660106874e-10	-2.7058837483679e-09	3.75340766141174e-05	-11074120166.9668	142.303673863626	119.9175181317247	1.113876315574216e-08	2.673514320119597e-09	-4434264847.539474	32.89906601796918	237.1641384746401	61.58472151598573	4.987722235527608e-09	-123124785.8143843	33	245.6363261702643	3.471542516834446e-10	349.1673253590006	-123348531.346285	7.373
223615	125.09	11.84	23.51	352.8	0.04816	0.6578	0.0026685381489905667	0.04643818911212724	-1048.056352582376	-0.01059640467576745	-1.689182342358123	1.635581538183036e-05	48.72893768852161	0	-2.648356181379056e-05	0	0	-0	-0	-0	-2.586510975262214e-11	-0	0	success	ew_sym_res	success	180	8.560335660106874e-10	-2.7058837483679e-09	3.75340766141174e-05	-11323396698.25831	142.6699185744881	118.4463762223702	1.258627606960897e-08	2.268522826199739e-08	-4479709653.454464	33.5175929200418	237.1301191668245	61.56091471700868	-5.896732305263172e-08	-123968536.0872447	33.5175929200418	245.600672310861	-1.356406000547871e-09	348.9607684009139	-124057749.7011907	7.373
223615	125.09	11.84	23.51	352.8	0.04816	0.6578	0.0026685381489905667	0.04643818911212724	-1048.056352582376	-0.01059640467576745	-1.689182342358123	1.635581538183036e-05	48.72893768852161	0	-2.648356181379056e-05	0	0	-0	-0	-0	-2.586510975262214e-11	-0	0	success	ew_sym_res	success	181	8.560335660106874e-10	-2.7058837483679e-09	3.75340766141174e-05	-11576860767.084	143.02905743833	116.9754790877886	3.273533503651951e-08	1.108033594585278e-08	-4524620410.002501	33.89906601796918	237.1080919930899	61.54568173016002	2.378405514147992e-08	-124513615.5093625	34	245.5658606737205	-3.223931356231304e-10	348.7603143992587	-124750049.1662056	7.373
223615	125.09	11.84	23.51	352.8	0.04816	0.6578	0.0026685381489905667	0.04643818911212724	-1048.056352582376	-0.01059640467576745	-1.689182342358123	1.635581538183036e-05	48.72893768852161	0	-2.648356181379056e-05	0	0	-0	-0	-0	-2.586510975262214e-11	-0	0	success	ew_sym_res	success	181.8181818181818	8.560335660106874e-10	-2.7058837483679e-09	3.75340766141174e-05	-11787387735.36641	143.3811695141179	115.5048275742434	5.306987469301059e-08	1.453519939309788e-08	-4568988414.871387	34.89906601796918	237.0464038726462	61.50372471201891	-3.320220049581786e-08	-126035802.8158984	35	245.4886336717721	5.840082579333019e-11	348.3194561707004	-126285435.6097262	7.373
223615	125.09	11.84	23.51	352.8	0.04816	0.6578	0.0026685381489905667	0.04643818911212724	-1048.056352582376	-0.01059640467576745	-1.689182342358123	1.635581538183036e-05	48.72893768852161	0	-2.648356181379056e-05	0	0	-0	-0	-0	-2.586510975262214e-11	-0	0	success	ew_sym_res	success	182	8.560335660106874e-10	-2.7058837483679e-09	3.75340766141174e-05	-11834559010.65969	143.7263338698482	114.0344249121456	-1.514468273481865e-08	-2.332127165419801e-08	-4612805465.743434	35.89906601796918	236.9787318945779	61.45878225990655	1.973774395960842e-08	-127699885.1373795	36	245.4042304620625	-2.625032891177655e-11	347.8428498726151	-127963222.3112943	7.373
223615	125.09	11.84	23.51	352.8	0.04816	0.6578	0.0026685381489905667	0.04643818911212724	-1048.056352582376	-0.01059640467576745	-1.689182342358123	1.635581538183036e-05	48.72893768852161	0	-2.648356181379056e-05	0	0	-0	-0	-0	-2.586510975262214e-11	-0	0	success	ew_sym_res	success	183	8.560335660106874e-10	-2.7058837483679e-09	3.75340766141174e-05	-12096538324.91734	144.0646291384559	112.564276287332	-1.637890417729393e-08	4.578338104667436e-09	-4656063801.237212	36.89906601796918	236.9047353891472	61.41078870581916	1.406764090217468e-08	-129514681.3929667	37	245.3122357534097	-4.846599226949379e-10	347.3285696640391	-129792223.1478398	7.373
223615	125.09	11.84	23.51	352.8	0.04816	0.6578	0.0026685381489905667	0.04643818911212724	-1048.056352582376	-0.01059640467576745	-1.689182342358123	1.635581538183036e-05	48.72893768852161	0	-2.648356181379056e-05	0	0	-0	-0	-0	-2.586510975262214e-11	-0	0	success	ew_sym_res	success	184	8.560335660106874e-10	-2.7058837483679e-09	3.75340766141174e-05	-12362845864.48533	144.3961332122243	111.094388420738	4.027063611459938e-09	1.301075109977325e-09	-4698756056.974114	37.89906601796918	236.824075847084	61.35968055619128	-1.745157976363814e-08	-131489291.7928393	38	245.2122343380044	8.43477703702554e-10	346.7746656632467	-131781534.1909381	7.373
223615	125.09	11.84	23.51	352.8	0.04816	0.6578	0.0026685381489905667	0.04643818911212724	-1048.056352582376	-0.01059640467576745	-1.689182342358123	1.635581538183036e-05	48.72893768852161	0	-2.648356181379056e-05	0	0	-0	-0	-0	-2.586510975262214e-11	-0	0	success	ew_sym_res	success	185	8.560335660106874e-10	-2.7058837483679e-09	3.75340766141174e-05	-12633529042.67014	144.7209229971744	109.6247694447568	-2.380019949891765e-08	1.10517972301831e-08	-4740875227.55906	38.89906601796918	236.7364174511024	61.30539616990122	1.236051934108039e-08	-133633097.5608789	39	245.103811683408	4.071554541185855e-11	346.1791644409707	-133940533.5993684	7.373
223615	125.09	11.84	23.51	352.8	0.04816	0.6578	0.0026685381489905667	0.04643818911212724	-1048.056352582376	-0.01059640467576745	-1.689182342358123	1.635581538183036e-05	48.72893768852161	0	-2.648356181379056e-05	0	0	-0	-0	-0	-2.586510975262214e-11	-0	0	success	ew_sym_res	success	186	8.560335660106874e-10	-2.7058837483679e-09	3.75340766141174e-05	-12908635531.43958	145.0390742773103	108.1554285285167	1.712216846974567e-09	2.708064876610885e-08	-4782414641.480767	39.89906601796918	236.6410535339472	61.24787750125621	-8.49286870692399e-10	-135955770.8022764	40	244.9865544425009	4.180116005801997e-11	345.5400690684119	-136278881.4611769	7.373
223615	125.09	11.84	23.51	352.8	0.04816	0.6578	0.0026685381489905667	0.04643818911212724	-1048.056352582376	-0.01059640467576745	-1.689182342358123	1.635581538183036e-05	48.72893768852161	0	-2.648356181379056e-05	0	0	-0	-0	-0	-2.586510975262214e-11	-0	0	success	ew_sym_res	success	187	8.560335660106874e-10	-2.7058837483679e-09	3.75340766141174e-05	-13188213261.40735	145.3506615571294	106.6863760716829	8.735529787911441e-09	9.507587832982317e-09	-4823367932.328456	40.22111150405016	236.6087142014299	61.22865526086203	4.767087247749804e-08	-136743487.8339708	40.22111150405016	244.9593935983178	3.487093413162229e-10	345.3926698574703	-136821117.4877309	7.373
223615	125.09	11.84	23.51	352.8	0.04816	0.6578	0.0026685381489905667	0.04643818911212724	-1048.056352582376	-0.01059640467576745	-1.689182342358123	1.635581538183036e-05	48.72893768852161	0	-2.648356181379056e-05	0	0	-0	-0	-0	-2.586510975262214e-11	-0	0	success	ew_sym_res	success	188	8.560335660106874e-10	-2.7058837483679e-09	3.75340766141174e-05	-13472310421.81878	145.6557580245398	105.2176232349771	-1.013967582471534e-08	1.258657735120711e-08	-4863729025.114105	40.89906601796918	236.5379813290745	61.18706401083232	3.518941888268411e-09	-138467268.524946	41	244.8597457783704	1.00129030044855e-10	344.8543870799347	-138806524.7631959	7.373
223615	125.09	11.84	23.51	352.8	0.04816	0.6578	0.0026685381489905667	0.04643818911212724	-1048.056352582376	-0.01059640467576745	-1.689182342358123	1.635581538183036e-05	48.72893768852161	0	-2.648356181379056e-05	0	0	-0	-0	-0	-2.586510975262214e-11	-0	0	success	ew_sym_res	success	189	8.560335660106874e-10	-2.7058837483679e-09	3.75340766141174e-05	-13760975460.5376	145.9544354678543	103.749182224256	-1.503750223618013e-08	4.656782650968257e-08	-4903492116.249656	41.89906601796918	236.4268940729974	61.12289788053061	3.376860476448748e-08	-141177815.6701855	42	244.7230908211627	-2.664045527754052e-10	344.1204309676607	-141533706.3880896	7.373
223615	125.09	11.84	23.51	352.8	0.04816	0.6578	0.0026685381489905667	0.04643818911212724	-1048.056352582376	-0.01059640467576745	-1.689182342358123	1.635581538183036e-05	48.72893768852161	0	-2.648356181379056e-05	0	0	-0	-0	-0	-2.586510975262214e-11	-0	0	success	ew_sym_res	success	190	8.560335660106874e-10	-2.7058837483679e-09	3.75340766141174e-05	-14054257084.03387	146.2467642494318	102.2810660936892	1.603935843692617e-09	-3.430774010198534e-08	-4942651660.722001	42.89906601796918	236.3074612040838	61.05532228106842	-3.874580940837305e-10	-144097917.2733398	43	244.5763415635203	-6.83608481485686e-11	343.3366334643379	-144470935.122454	7.373
223615	125.09	11.84	23.51	352.8	0.04816	0.6578	0.0026685381489905667	0.04643818911212724	-1048.056352582376	-0.01059640467576745	-1.689182342358123	1.635581538183036e-05	48.72893768852161	0	-2.648356181379056e-05	0	0	-0	-0	-0	-2.586510975262214e-11	-0	0	success	ew_sym_res	success	191	8.560335660106874e-10	-2.7058837483679e-09	3.75340766141174e-05	-14352204257.37251	146.5328132947789	100.8132887311418	5.601470225873094e-09	7.25634024638019e-09	-4981202361.254283	43.89906601796918	236.1793565102851	60.98428101734644	-2.400521028925957e-08	-147238358.0968525	44	244.4190821097137	-9.65622014618033e-10	342.5008574058339	-147628999.7091227	7.373
223615	125.09	11.84	23.51	352.8	0.04816	0.6578	0.0026685381489905667	0.04643818911212724	-1048.056352582376	-0.01059640467576745	-1.689182342358123	1.635581538183036e-05	48.72893768852161	0	-2.648356181379056e-05	0	0	-0	-0	-0	-2.586510975262214e-11	-0	0	success	ew_sym_res	success	192	8.560335660106874e-10	-2.7058837483679e-09	3.75340766141174e-05	-14654866204.20295	146.8126500847543	99.34586490368696	1.648023356833775e-08	5.686669190619746e-09	-5019139157.879201	44.89906601796918	236.042258098333	60.90971833802846	2.7314872189878e-08	-150610202.2061356	45	244.2508992164217	-1.236284446696672e-09	341.6109342710158	-151018970.1616406	7.373
223615	125.09	11.84	23.51	352.8	0.04816	0.6578	0.0026685381489905667	0.04643818911212724	-1048.056352582376	-0.01059640467576745	-1.689182342358123	1.635581538183036e-05	48.72893768852161	0	-2.648356181379056e-05	0	0	-0	-0	-0	-2.586510975262214e-11	-0	0	success	ew_sym_res	success	193	8.560335660106874e-10	-2.7058837483679e-09	3.75340766141174e-05	-14962292406.74938	147.0863406678132	97.87881021575784	1.580657395435618e-08	2.400724878319711e-09	-5056457220.271265	45.89906601796918	235.8958483411507	60.83157875766457	5.664451090642242e-09	-154224792.5484489	46	244.071382166235	1.407619909004016e-11	340.6646603509762	-154652197.4584121	7.373
223615	125.09	11.84	23.51	352.8	0.04816	0.6578	0.0026685381489905667	0.04643818911212724	-1048.056352582376	-0.01059640467576745	-1.689182342358123	1.635581538183036e-05	48.72893768852161	0	-2.648356181379056e-05	0	0	-0	-0	-0	-2.586510975262214e-11	-0	0	success	ew_sym_res	success	194	8.560335660106874e-10	-2.7058837483679e-09	3.75340766141174e-05	-15274532605.80165	147.3539496584955	96.41214124404122	1.047206144181352e-08	-7.268922676605675e-10	-5093151938.311215	46.89906601796918	235.7398138045504	60.7498068900019	1.913829613559201e-08	-158093750.5367446	46.92463008805852	243.8949557773774	-6.671600386398762e-11	339.7376153411167	-158238120.195512	7.373
223615	125.09	11.84	23.51	352.8	0.04816	0.6578	0.0026685381489905667	0.04643818911212724	-1048.056352582376	-0.01059640467576745	-1.689182342358123	1.635581538183036e-05	48.72893768852161	0	-2.648356181379056e-05	0	0	-0	-0	-0	-2.586510975262214e-11	-0	0	success	ew_sym_res	success	195	8.560335660106874e-10	-2.7058837483679e-09	3.75340766141174e-05	-15591636800.70689	147.6155402727645	94.94587540445619	-4.745690358215926e-09	1.663819649694601e-08	-5129218917.813634	46.92463008805852	235.7356959896078	60.74766828312813	6.847058278757193e-09	-158196096.0255097	47	243.880122326435	3.58656740783073e-10	339.6597864216769	-158540313.2392409	7.373
223615	125.09	11.84	23.51	352.8	0.04816	0.6578	0.0026685381489905667	0.04643818911212724	-1048.056352582376	-0.01059640467576745	-1.689182342358123	1.635581538183036e-05	48.72893768852161	0	-2.648356181379056e-05	0	0	-0	-0	-0	-2.586510975262214e-11	-0	0	success	ew_sym_res	success	196	8.560335660106874e-10	-2.7058837483679e-09	3.75340766141174e-05	-15913655249.36164	147.8711743405255	93.48003113969463	-1.542918378207463e-08	4.362275295915977e-08	-5164653973.323979	47.89906601796918	235.5738451543579	60.66434728905583	-1.013842263525548e-08	-162228975.6400783	48	243.6767140505011	-3.517831483516481e-10	338.5940358705125	-162695229.5060922	7.373
223615	125.09	11.84	23.51	352.8	0.04816	0.6578	0.0026685381489905667	0.04643818911212724	-1048.056352582376	-0.01059640467576745	-1.689182342358123	1.635581538183036e-05	48.72893768852161	0	-2.648356181379056e-05	0	0	-0	-0	-0	-2.586510975262214e-11	-0	0	success	ew_sym_res	success	197	8.560335660106874e-10	-2.7058837483679e-09	3.75340766141174e-05	-16240638468.20453	148.1209123398523	92.01462786903073	-1.733045036348133e-08	9.727086829095095e-09	-5199453124.089399	48.89906601796918	235.3976370466906	60.57514429831684	-1.127646223927892e-08	-166642644.9818372	49	243.4607529181992	8.187922480478066e-10	337.4650667308298	-167129138.3296141	7.373
223615	125.09	11.84	23.51	352.8	0.04816	0.6578	0.0026685381489905667	0.04643818911212724	-1048.056352582376	-0.01059640467576745	-1.689182342358123	1.635581538183036e-05	48.72893768852161	0	-2.648356181379056e-05	0	0	-0	-0	-0	-2.586510975262214e-11	-0	0	success	ew_sym_res	success	198	8.560335660106874e-10	-2.7058837483679e-09	3.75340766141174e-05	-16572637232.20945	148.3648134199954	90.54968612527931	-7.513682337144621e-09	3.382003553215124e-08	-5233612588.692837	49.89906601796918	235.2108880051405	60.48214190533224	5.019658091276163e-09	-171347212.9466825	50	243.2318364747269	1.962801183448213e-10	336.2704864161946	-171854511.5626577	7.373
223615	125.09	11.84	23.51	352.8	0.04816	0.6578	0.0026685381489905667	0.04643818911212724	-1048.056352582376	-0.01059640467576745	-1.689182342358123	1.635581538183036e-05	48.72893768852161	0	-2.648356181379056e-05	0	0	-0	-0	-0	-2.586510975262214e-11	-0	0	success	ew_sym_res	success	199	8.560335660106874e-10	-2.7058837483679e-09	3.75340766141174e-05	-16909702574.87911	148.6029354371232	89.08522756084	3.31800805663135e-09	9.445327453726338e-09	-5267128781.673389	50.89906601796918	235.0133002443896	60.38528346596823	-1.857581731674287e-08	-176355410.796782	51	242.9895637315443	2.457013824450126e-10	335.0078402376333	-176884100.5617164	7.373
223615	125.09	11.84	23.51	352.8	0.04816	0.6578	0.0026685381489905667	0.04643818911212724	-1048.056352582376	-0.01059640467576745	-1.689182342358123	1.635581538183036e-05	48.72893768852161	0	-2.648356181379056e-05	0	0	-0	-0	-0	-2.586510975262214e-11	-0	0	success	ew_sym_res	success	200	8.560335660106874e-10	-2.7058837483679e-09	3.75340766141174e-05	-17251885788.2391	148.8353349814074	87.62127508541911	1.632246688670915e-08	-2.84024606079702e-08	-5299998309.162431	51.89906601796918	234.8045796913657	60.28451209294003	1.078417332255227e-08	-181680246.2976026	52	242.7335348722581	-1.952496737194155e-10	333.6746040292226	-182230935.9169162	7.373
223615	125.09	11.84	23.51	352.8	0.04816	0.6578	0.0026685381489905667	0.04643818911212724	-1048.056352582376	-0.01059640467576745	-1.689182342358123	1.635581538183036e-05	48.72893768852161	0	-2.648356181379056e-05	0	0	-0	-0	-0	-2.586510975262214e-11	-0	0	success	ew_sym_res	success	201	8.560335660106874e-10	-2.7058837483679e-09	3.75340766141174e-05	-17599238422.8323	149.062067421483	86.15785285212368	9.416455392335251e-09	-2.447754516088549e-09	-5332217967.199447	52.89906601796918	234.5844356074942	60.17976976139831	2.131868387628581e-10	-187335003.3532659	53	242.4633509433041	8.439525266531826e-10	332.268176135672	-187908327.1909118	7.373
223615	125.09	11.84	23.51	352.8	0.04816	0.6578	0.0026685381489905667	0.04643818911212724	-1048.056352582376	-0.01059640467576745	-1.689182342358123	1.635581538183036e-05	48.72893768852161	0	-2.648356181379056e-05	0	0	-0	-0	-0	-2.586510975262214e-11	-0	0	success	ew_sym_res	success	202	8.560335660106874e-10	-2.7058837483679e-09	3.75340766141174e-05	-17951812287.71355	149.2831869285261	84.69498648657741	5.406095470511368e-09	2.028193050603696e-08	-5363784737.403596	53.62814867206687	234.4165669534777	60.10086728584641	3.077662174150672e-08	-191673509.9074992	53.62814867206687	242.2862180759378	7.665742863902102e-11	331.3460949747343	-191649681.5911625	7.373
223615	125.09	11.84	23.51	352.8	0.04816	0.6578	0.0026685381489905667	0.04643818911212724	-1048.056352582376	-0.01059640467576745	-1.689182342358123	1.635581538183036e-05	48.72893768852161	0	-2.648356181379056e-05	0	0	-0	-0	-0	-2.586510975262214e-11	-0	0	success	ew_sym_res	success	203	8.560335660106874e-10	-2.7058837483679e-09	3.75340766141174e-05	-18309659450.44478	149.4987465216604	83.2327030633501	-6.832323153715958e-09	-1.423115659940294e-08	-5394695785.898218	53.89906601796918	234.3525805920577	60.07099767041707	-2.592584835030705e-08	-193333241.6512254	54	242.1786135195142	1.032101486158874e-09	330.7858684067413	-193929862.6667807	7.373
223615	125.09	11.84	23.51	352.8	0.04816	0.6578	0.0026685381489905667	0.04643818911212724	-1048.056352582376	-0.01059640467576745	-1.689182342358123	1.635581538183036e-05	48.72893768852161	0	-2.648356181379056e-05	0	0	-0	-0	-0	-2.586510975262214e-11	-0	0	success	ew_sym_res	success	204	8.560335660106874e-10	-2.7058837483679e-09	3.75340766141174e-05	-18672832237.09036	149.7087980865627	81.77103140785975	-1.750072190619989e-08	-3.483239785098245e-08	-5424948458.633772	54.89906601796918	234.108730403496	59.95813599319841	-4.288551371392859e-09	-199688796.3158104	54.99376729054096	241.8808393539864	-2.541586520623971e-10	329.2348748833275	-200268509.5409046	7.373
223615	125.09	11.84	23.51	352.8	0.04816	0.6578	0.0026685381489905667	0.04643818911212724	-1048.056352582376	-0.01059640467576745	-1.689182342358123	1.635581538183036e-05	48.72893768852161	0	-2.648356181379056e-05	0	0	-0	-0	-0	-2.586510975262214e-11	-0	0	success	ew_sym_res	success	205	8.560335660106874e-10	-2.7058837483679e-09	3.75340766141174e-05	-19041383232.21278	149.9133924289868	80.31000199930011	1.384972766009352e-08	1.269175673147938e-08	-5454540281.933504	55.89906601796918	233.8526038221558	59.84112374929536	-3.261032405594754e-09	-206415777.569987	55.93762371229015	241.5839924086863	-6.331650532917597e-10	327.6872637669147	-206628811.4990864	7.373
223615	125.09	11.84	23.51	352.8	0.04816	0.6578	0.0026685381489905667	0.04643818911212724	-1048.056352582376	-0.01059640467576745	-1.689182342358123	1.635581538183036e-05	48.72893768852161	0	-2.648356181379056e-05	0	0	-0	-0	-0	-2.586510975262214e-11	-0	0	success	ew_sym_res	success	206	8.560335660106874e-10	-2.7058837483679e-09	3.75340766141174e-05	-19415365278.86844	150.1125793012692	78.84964730481782	1.021723876223207e-08	-1.122957433835429e-08	-5483468959.393126	56.89906601796918	233.5839225211357	59.71989867402018	-1.82618430753701e-08	-213528570.4045223	56.83606509185954	241.2884203230499	1.381408386153459e-09	326.1443281802063	-213002073.8922098	7.373
223615	125.09	11.84	23.51	352.8	0.04816	0.6578	0.0026685381489905667	0.04643818911212724	-1048.056352582376	-0.01059640467576745	-1.689182342358123	1.635581538183036e-05	48.72893768852161	0	-2.648356181379056e-05	0	0	-0	-0	-0	-2.586510975262214e-11	-0	0	success	ew_sym_res	success	207	8.560335660106874e-10	-2.7058837483679e-09	3.75340766141174e-05	-19794831478.60399	150.3064074354013	77.39000190817734	9.914281643535802e-09	1.182473265172975e-08	-5511732369.922079	57.89906601796918	233.3024109503082	59.594397088853	6.134352540487341e-09	-221041834.2535771	57.69390703426394	240.9940930487477	3.494552310997766e-10	324.6054712267892	-219387638.7714969	7.373
223615	125.09	11.84	23.51	352.8	0.04816	0.6578	0.0026685381489905667	0.04643818911212724	-1048.056352582376	-0.01059640467576745	-1.689182342358123	1.635581538183036e-05	48.72893768852161	0	-2.648356181379056e-05	0	0	-0	-0	-0	-2.586510975262214e-11	-0	0	success	ew_sym_res	success	208	8.560335660106874e-10	-2.7058837483679e-09	3.75340766141174e-05	-20179835191.45247	150.4949245888856	75.931102602911	3.879952612099038e-09	-1.142965794835817e-08	-5539328567.861437	58.89906601796918	233.0077962333392	59.46455376928554	9.42216989148287e-09	-228970502.6756247	58.51520075855193	240.7009816488131	-8.414105034670441e-10	323.0701618593727	-225784858.308903	7.373
223615	125.09	11.84	23.51	352.8	0.04816	0.6578	0.0026685381489905667	0.04643818911212724	-1048.056352582376	-0.01059640467576745	-1.689182342358123	1.635581538183036e-05	48.72893768852161	0	-2.648356181379056e-05	0	0	-0	-0	-0	-2.586510975262214e-11	-0	0	success	ew_sym_res	success	209	8.560335660106874e-10	-2.7058837483679e-09	3.75340766141174e-05	-20570430035.93014	150.6781775594473	74.47298884104896	1.67992230442708e-09	6.399767860648197e-09	-5566255778.755894	59.89906601796918	232.699808084309	59.33030181031383	-2.045335200666992e-08	-237329783.0384566	59.30337113207682	240.409065452623	-2.272080800908209e-10	321.5379600698819	-232192943.1230414	7.373
223615	125.09	11.84	23.51	352.8	0.04816	0.6578	0.0026685381489905667	0.04643818911212724	-1048.056352582376	-0.01059640467576745	-1.689182342358123	1.635581538183036e-05	48.72893768852161	0	-2.648356181379056e-05	0	0	-0	-0	-0	-2.586510975262214e-11	-0	0	success	ew_sym_res	success	210	8.560335660106874e-10	-2.7058837483679e-09	3.75340766141174e-05	-20966669889.03295	150.8562122490269	73.0157025905132	2.057785539347396e-08	7.303802895567899e-09	-5592512402.537368	60.33166725607524	232.562360645593	59.27084107464207	2.76077830338762e-08	-241083332.9525633	60.06134291646786	240.1183301417614	2.341863985936779e-09	320.0084977501588	-238611003.3280328	7.373
223615	125.09	11.84	23.51	352.8	0.04816	0.6578	0.0026685381489905667	0.04643818911212724	-1048.056352582376	-0.01059640467576745	-1.689182342358123	1.635581538183036e-05	48.72893768852161	0	-2.648356181379056e-05	0	0	-0	-0	-0	-2.586510975262214e-11	-0	0	success	ew_sym_res	success	211	8.560335660106874e-10	-2.7058837483679e-09	3.75340766141174e-05	-21368608886.23381	151.029073672691	71.5592890336471	-5.404480079241753e-09	-7.013725940048131e-09	-5618097008.826027	60.89906601796918	232.3781787447173	59.19157248740022	2.983813220438337e-08	-246135156.2069266	60.33166725607524	240.0122347816154	1.14242462289237e-10	319.4494438884025	-240961862.2307429	7.373
223615	125.09	11.84	23.51	352.8	0.04816	0.6578	0.0026685381489905667	0.04643818911212724	-1048.056352582376	-0.01059640467576745	-1.689182342358123	1.635581538183036e-05	48.72893768852161	0	-2.648356181379056e-05	0	0	-0	-0	-0	-2.586510975262214e-11	-0	0	success	ew_sym_res	success	212	8.560335660106874e-10	-2.7058837483679e-09	3.75340766141174e-05	-21776301421.47945	151.1968060011479	70.10379660883507	-4.76475505014684e-09	1.891338389872657e-08	-5643008337.333564	61.89906601796918	232.0426429450796	59.04829511683877	1.071646500544447e-08	-255402376.2319635	60.79163655839308	239.8287662261912	7.197568313134477e-10	318.4814637649246	-245038080.8408434	7.373
223615	125.09	11.84	23.51	352.8	0.04816	0.6578	0.0026685381489905667	0.04643818911212724	-1048.056352582376	-0.01059640467576745	-1.689182342358123	1.635581538183036e-05	48.72893768852161	0	-2.648356181379056e-05	0	0	-0	-0	-0	-2.586510975262214e-11	-0	0	success	ew_sym_res	success	213	8.560335660106874e-10	-2.7058837483679e-09	3.75340766141174e-05	-22189802147.1878	151.3594526064395	68.64927731501777	5.994867927587407e-09	2.507247069031064e-08	-5667245298.943892	62.89906601796918	231.6929378943268	58.90039690611692	-6.894749722571365e-09	-265147470.039281	61.49644171363785	239.5394988513007	-3.88140657144358e-10	316.9375942916878	-251473173.4143872	7.373
223615	125.09	11.84	23.51	352.8	0.04816	0.6578	0.0026685381489905667	0.04643818911212724	-1048.056352582376	-0.01059640467576745	-1.689182342358123	1.635581538183036e-05	48.72893768852161	0	-2.648356181379056e-05	0	0	-0	-0	-0	-2.586510975262214e-11	-0	0	success	ew_sym_res	success	214	8.560335660106874e-10	-2.7058837483679e-09	3.75340766141174e-05	-22609165974.24546	151.5170560852782	67.19578729083783	7.277708184604693e-09	2.169843023812055e-08	-5690806973.650199	63.89906601796918	231.3288033011428	58.74780280363036	-2.328688782977014e-09	-275386737.1160976	62.16950732064755	239.2544040174519	-1.615740451899752e-09	315.4035064592661	-257836707.5448947	7.373
223615	125.09	11.84	23.51	352.8	0.04816	0.6578	0.0026685381489905667	0.04643818911212724	-1048.056352582376	-0.01059640467576745	-1.689182342358123	1.635581538183036e-05	48.72893768852161	0	-2.648356181379056e-05	0	0	-0	-0	-0	-2.586510975262214e-11	-0	0	success	ew_sym_res	success	215	8.560335660106874e-10	-2.7058837483679e-09	3.75340766141174e-05	-23034448072.00515	151.6696582886457	65.74338721224959	1.406663022515802e-09	8.32771654771339e-10	-5713692609.56478	64.89906601796918	230.9499814309493	58.59043533964026	-1.733070563208563e-08	-286136749.1940691	62.81653897094534	238.9728344313237	-2.430523949496706e-10	313.8893919845979	-264159760.3361119	7.373
223615	125.09	11.84	23.51	352.8	0.04816	0.6578	0.0026685381489905667	0.04643818911212724	-1048.056352582376	-0.01059640467576745	-1.689182342358123	1.635581538183036e-05	48.72893768852161	0	-2.648356181379056e-05	0	0	-0	-0	-0	-2.586510975262214e-11	-0	0	success	ew_sym_res	success	216	8.560335660106874e-10	-2.7058837483679e-09	3.75340766141174e-05	-23465703868.28355	151.8173003727414	64.29214259548372	1.818523143173398e-08	7.148438174938473e-09	-5735901625.290977	65.89906601796918	230.5562172025981	58.42821445839419	1.131932307510687e-08	-297414349.9265225	63.4467348338769	238.6912767290443	-3.042237759908953e-09	312.3734786778439	-270516368.4173404	7.373
223615	125.09	11.84	23.51	352.8	0.04816	0.6578	0.0026685381489905667	0.04643818911212724	-1048.056352582376	-0.01059640467576745	-1.689182342358123	1.635581538183036e-05	48.72893768852161	0	-2.648356181379056e-05	0	0	-0	-0	-0	-2.586510975262214e-11	-0	0	success	ew_sym_res	success	217	8.560335660106874e-10	-2.7058837483679e-09	3.75340766141174e-05	-23902989049.35889	151.9600228222	62.84212463143816	7.325270427851352e-09	-2.586240691762359e-08	-5757433608.30168	66.89906601796918	230.1472583296262	58.2610573451735	8.644035707014049e-09	-309236654.5579579	64.05982979163986	238.4102871096848	1.035338712022243e-09	310.8576243124265	-276892041.2367939	7.373
223615	125.09	11.84	23.51	352.8	0.04816	0.6578	0.0026685381489905667	0.04643818911212724	-1048.056352582376	-0.01059640467576745	-1.689182342358123	1.635581538183036e-05	48.72893768852161	0	-2.648356181379056e-05	0	0	-0	-0	-0	-2.586510975262214e-11	-0	0	success	ew_sym_res	success	218	8.560335660106874e-10	-2.7058837483679e-09	3.75340766141174e-05	-24346359559.9691	152.0978654694011	61.39341091060498	-1.03437541231201e-08	-2.211161414406371e-08	-5778288312.840623	67.0351858400836	230.0904022573634	58.23791762527072	3.040517315994802e-08	-310888977.4038576	64.656350409922	238.1300840784793	-5.658550140052557e-10	309.3423434898994	-283280381.3880622	7.373
223615	125.09	11.84	23.51	352.8	0.04816	0.6578	0.0026685381489905667	0.04643818911212724	-1048.056352582376	-0.01059640467576745	-1.689182342358123	1.635581538183036e-05	48.72893768852161	0	-2.648356181379056e-05	0	0	-0	-0	-0	-2.586510975262214e-11	-0	0	success	ew_sym_res	success	219	8.560335660106874e-10	-2.7058837483679e-09	3.75340766141174e-05	-24795871603.30967	152.2308688960178	59.94607117957154	1.995446162143514e-09	-5.016569194048071e-09	-5798465867.901788	67.89906601796918	229.7228555121342	58.08887824227811	1.151913666724345e-08	-321621049.5836531	65.23701110233706	237.8507809670824	1.163333201575879e-09	307.8277913599235	-289677591.6558517	7.373
223615	125.09	11.84	23.51	352.8	0.04816	0.6578	0.0026685381489905667	0.04643818911212724	-1048.056352582376	-0.01059640467576745	-1.689182342358123	1.635581538183036e-05	48.72893768852161	0	-2.648356181379056e-05	0	0	-0	-0	-0	-2.586510975262214e-11	-0	0	success	ew_sym_res	success	220	8.560335660106874e-10	-2.7058837483679e-09	3.75340766141174e-05	-25251581641.03191	152.359069845435	58.50023306082822	8.316103600282219e-09	9.459914748799258e-09	-5817966076.401885	68.89906601796918	229.2827626831395	57.91158825311429	1.555008308658111e-08	-334585192.3970692	65.80255650747739	237.5724483747603	-1.374756069568132e-09	306.3140033525939	-296080969.5638416	7.373
223615	125.09	11.84	23.51	352.8	0.04816	0.6578	0.0026685381489905667	0.04643818911212724	-1048.056352582376	-0.01059640467576745	-1.689182342358123	1.635581538183036e-05	48.72893768852161	0	-2.648356181379056e-05	0	0	-0	-0	-0	-2.586510975262214e-11	-0	0	success	ew_sym_res	success	221	8.560335660106874e-10	-2.7058837483679e-09	3.75340766141174e-05	-25713546393.24102	152.4825073445188	57.05596724636004	1.715540950539392e-08	-5.54201832265226e-09	-5836789338.814928	69.89906601796918	228.8267373176897	57.72909513760825	1.716907160954895e-08	-348147010.9226036	66.35371192900315	237.2951355710691	1.667067337024626e-09	304.8009667054928	-302488379.2242	7.373
223615	125.09	11.84	23.51	352.8	0.04816	0.6578	0.0026685381489905667	0.04643818911212724	-1048.056352582376	-0.01059640467576745	-1.689182342358123	1.635581538183036e-05	48.72893768852161	0	-2.648356181379056e-05	0	0	-0	-0	-0	-2.586510975262214e-11	-0	0	success	ew_sym_res	success	222	8.560335660106874e-10	-2.7058837483679e-09	3.75340766141174e-05	-26181822838.49459	152.601219135257	55.61339357604881	5.047236097560407e-09	9.767191953552072e-09	-5854936107.890578	70.89906601796918	228.3545408098277	57.54130309214569	-5.09762920880455e-09	-362324703.2310723	66.89116585961018	237.0188797819607	2.901546327788288e-09	303.2886475152211	-308898017.6944458	7.373
223615	125.09	11.84	23.51	352.8	0.04816	0.6578	0.0026685381489905667	0.04643818911212724	-1048.056352582376	-0.01059640467576745	-1.689182342358123	1.635581538183036e-05	48.72893768852161	0	-2.648356181379056e-05	0	0	-0	-0	-0	-2.586510975262214e-11	-0	0	success	ew_sym_res	success	223	8.560335660106874e-10	-2.7058837483679e-09	3.75340766141174e-05	-26656468213.80085	152.7152425614086	54.1726340848154	-1.048920435053367e-08	3.713676815173435e-08	-5872407018.69684	71.89906601796918	227.8659389268518	57.34811251717923	-4.142128583337283e-08	-377136737.1351269	67.0351858400836	236.94386370972	2.812936112407955e-09	302.8770742245093	-310643036.1362776	7.373
223615	125.09	11.84	23.51	352.8	0.04816	0.6578	0.0026685381489905667	0.04643818911212724	-1048.056352582376	-0.01059640467576745	-1.689182342358123	1.635581538183036e-05	48.72893768852161	0	-2.648356181379056e-05	0	0	-0	-0	-0	-2.586510975262214e-11	-0	0	success	ew_sym_res	success	224	8.560335660106874e-10	-2.7058837483679e-09	3.75340766141174e-05	-27137540014.61712	152.8246145977142	52.73382400871517	-3.86726999808326e-10	-2.276918565344907e-08	-5889202888.835593	72.89906601796918	227.3607023485863	57.14941976681966	7.579861198582439e-10	-392601849.7616163	67.41556436281377	236.7437108722723	-2.487172618671959e-09	301.7770026524785	-315308295.1519609	7.373
223615	125.09	11.84	23.51	352.8	0.04816	0.6578	0.0026685381489905667	0.04643818911212724	-1048.056352582376	-0.01059640467576745	-1.689182342358123	1.635581538183036e-05	48.72893768852161	0	-2.648356181379056e-05	0	0	-0	-0	-0	-2.586510975262214e-11	-0	0	success	ew_sym_res	success	225	8.560335660106874e-10	-2.7058837483679e-09	3.75340766141174e-05	-27625095994.8485	152.9293718872221	51.29711367973431	1.105196066087604e-08	-1.950857303744958e-08	-5905324719.9808	73.73870442409195	226.9234753185048	56.97826146621376	-5.962565896126463e-09	-406105221.2384751	67.92751041337394	236.4696539446449	-2.239945732056078e-10	300.2659853841422	-321717767.1411898	7.373
223615	125.09	11.84	23.51	352.8	0.04816	0.6578	0.0026685381489905667	0.04643818911212724	-1048.056352582376	-0.01059640467576745	-1.689182342358123	1.635581538183036e-05	48.72893768852161	0	-2.648356181379056e-05	0	0	-0	-0	-0	-2.586510975262214e-11	-0	0	success	ew_sym_res	success	226	8.560335660106874e-10	-2.7058837483679e-09	3.75340766141174e-05	-28119194166.84643	153.0295508281276	49.8626701955243	1.028037891002629e-08	1.155221990728575e-08	-5920773707.141961	73.89906601796918	226.8386072998385	56.94511688228989	-2.617801508928103e-10	-408739047.0976901	68.42756537024836	236.1967309142731	-2.685791049399491e-09	298.7555483944321	-328125092.959268	7.373
223615	125.09	11.84	23.51	352.8	0.04816	0.6578	0.0026685381489905667	0.04643818911212724	-1048.056352582376	-0.01059640467576745	-1.689182342358123	1.635581538183036e-05	48.72893768852161	0	-2.648356181379056e-05	0	0	-0	-0	-0	-2.586510975262214e-11	-0	0	success	ew_sym_res	success	227	8.560335660106874e-10	-2.7058837483679e-09	3.75340766141174e-05	-28619892801.40722	153.1251876146406	48.43068081259672	1.847406680700308e-08	2.075090250994707e-08	-5935551240.97953	74.89906601796918	226.2994362905685	56.73509130610766	9.206122393322024e-10	-425567603.5072135	68.9162514130216	235.924961473251	5.190209947787248e-11	297.2456450121668	-334529009.2742512	7.373
223615	125.09	11.84	23.51	352.8	0.04816	0.6578	0.0026685381489905667	0.04643818911212724	-1048.056352582376	-0.01059640467576745	-1.689182342358123	1.635581538183036e-05	48.72893768852161	0	-2.648356181379056e-05	0	0	-0	-0	-0	-2.586510975262214e-11	-0	0	success	ew_sym_res	success	228	8.560335660106874e-10	-2.7058837483679e-09	3.75340766141174e-05	-29127250427.77097	153.2163183015361	47.00135601690532	1.298158192255424e-09	1.483449512501324e-08	-5949658913.851872	75.89906601796918	225.7429789697775	56.5192255732302	8.747959570656604e-09	-443107061.2138137	69.39405422234698	235.6543637763288	1.040283616349075e-10	295.7362301674225	-340928311.2915227	7.373
223615	125.09	11.84	23.51	352.8	0.04816	0.6578	0.0026685381489905667	0.04643818911212724	-1048.056352582376	-0.01059640467576745	-1.689182342358123	1.635581538183036e-05	48.72893768852161	0	-2.648356181379056e-05	0	0	-0	-0	-0	-2.586510975262214e-11	-0	0	success	ew_sym_res	success	229	8.560335660106874e-10	-2.7058837483679e-09	3.75340766141174e-05	-29641325833.62038	153.3029809785204	45.57489891551705	6.291616426955448e-09	-1.961231256402669e-09	-5963098853.435672	76.89906601796918	225.1690331111255	56.29739697821509	4.359224356473527e-09	-461377229.7466007	69.86142576845597	235.3849548764106	-9.371156821242984e-10	294.2272605563211	-347321840.1170157	7.373
223615	125.09	11.84	23.51	352.8	0.04816	0.6578	0.0026685381489905667	0.04643818911212724	-1048.056352582376	-0.01059640467576745	-1.689182342358123	1.635581538183036e-05	48.72893768852161	0	-2.648356181379056e-05	0	0	-0	-0	-0	-2.586510975262214e-11	-0	0	success	ew_sym_res	success	230	8.560335660106874e-10	-2.7058837483679e-09	3.75340766141174e-05	-30162178065.07945	153.3852085065457	44.15166464293373	2.691900438613636e-09	2.845235992687732e-09	-5975872592.290311	77.89906601796918	224.5774057421985	56.06947721909624	-2.596477647488367e-08	-480398185.344331	70.3187869410899	235.116751067024	1.917107307802993e-09	292.7186948779972	-353708472.7762822	7.373
223615	125.09	11.84	23.51	352.8	0.04816	0.6578	0.0026685381489905667	0.04643818911212724	-1048.056352582376	-0.01059640467576745	-1.689182342358123	1.635581538183036e-05	48.72893768852161	0	-2.648356181379056e-05	0	0	-0	-0	-0	-2.586510975262214e-11	-0	0	success	ew_sym_res	success	231	8.560335660106874e-10	-2.7058837483679e-09	3.75340766141174e-05	-30689866426.71251	153.4630386812084	42.73188145356033	2.983333771459524e-09	1.654243738026121e-09	-5987982640.080362	78.89906601796918	223.9679144313785	55.83533200651829	8.108939139823997e-09	-500190270.3134467	70.76653005008788	234.8497681121808	-1.22766160471257e-09	291.210493686134	-360087114.9809707	7.374
223615	125.09	11.84	23.51	352.8	0.04816	0.6578	0.0026685381489905667	0.04643818911212724	-1048.056352582376	-0.01059640467576745	-1.689182342358123	1.635581538183036e-05	48.72893768852161	0	-2.648356181379056e-05	0	0	-0	-0	-0	-2.586510975262214e-11	-0	0	success	ew_sym_res	success	232	8.560335660106874e-10	-2.7058837483679e-09	3.75340766141174e-05	-31224450481.52311	153.5365081496736	41.31592416995647	-6.028535864378066e-09	-3.364326886101717e-08	-5999431537.210666	79.89906601796918	223.3403887537999	55.5948206460185	-1.44408824550412e-09	-520774092.3351195	71.20502109248812	234.5840214489324	-2.593939541580888e-10	289.702619444937	-366456694.8384291	7.374
223615	125.09	11.84	23.51	352.8	0.04816	0.6578	0.0026685381489905667	0.04643818911212724	-1048.056352582376	-0.01059640467576745	-1.689182342358123	1.635581538183036e-05	48.72893768852161	0	-2.648356181379056e-05	0	0	-0	-0	-0	-2.586510975262214e-11	-0	0	success	ew_sym_res	success	233	8.560335660106874e-10	-2.7058837483679e-09	3.75340766141174e-05	-31765990050.95313	153.6056541042278	39.90419581533467	8.867589427936335e-09	2.006113659126678e-08	-6010222113.963732	80.89906601796918	222.6946719514274	55.34779557861145	-1.018873043912143e-08	-542170523.7160523	71.6346018642741	234.3195255682236	-1.366490951212494e-09	288.1950188303693	-372816158.1890247	7.374
223615	125.09	11.84	23.51	352.8	0.04816	0.6578	0.0026685381489905667	0.04643818911212724	-1048.056352582376	-0.01059640467576745	-1.689182342358123	1.635581538183036e-05	48.72893768852161	0	-2.648356181379056e-05	0	0	-0	-0	-0	-2.586510975262214e-11	-0	0	success	ew_sym_res	success	234	8.560335660106874e-10	-2.7058837483679e-09	3.75340766141174e-05	-32314545214.88163	153.6705142667293	38.49716854411626	8.358347193370865e-09	-1.708502435395345e-09	-6020357484.645988	81.89906601796918	222.0306228079968	55.09410188410074	2.950404523371746e-08	-564400700.5774436	72.05558708174867	234.0563000895349	3.518670414758109e-09	286.6877079604435	-379164391.667972	7.374
223615	125.09	11.84	23.51	352.8	0.04816	0.6578	0.0026685381489905667	0.04643818911212724	-1048.056352582376	-0.01059640467576745	-1.689182342358123	1.635581538183036e-05	48.72893768852161	0	-2.648356181379056e-05	0	0	-0	-0	-0	-2.586510975262214e-11	-0	0	success	ew_sym_res	success	235	8.560335660106874e-10	-2.7058837483679e-09	3.75340766141174e-05	-32870176311.62415	153.7311295604776	37.09533825082411	-3.380749180430047e-09	1.836317481840856e-08	-6029841462.309102	82.89906601796918	221.3481177629734	54.83357673983828	-1.579738616884748e-08	-587486021.9761246	72.46828474602579	233.7943538462014	-2.535402746835322e-09	285.1806053355879	-385500501.2643156	7.374
223615	125.09	11.84	23.51	352.8	0.04816	0.6578	0.0026685381489905667	0.04643818911212724	-1048.056352582376	-0.01059640467576745	-1.689182342358123	1.635581538183036e-05	48.72893768852161	0	-2.648356181379056e-05	0	0	-0	-0	-0	-2.586510975262214e-11	-0	0	success	ew_sym_res	success	236	8.560335660106874e-10	-2.7058837483679e-09	3.75340766141174e-05	-33432943937.93173	153.7875367107397	35.69947393736128	1.12108600269862e-08	-2.15245159368309e-08	-6038677397.655538	83.89906601796918	220.6470532864477	54.56604882598613	-2.20939205721083e-09	-611448148.9515011	72.87297033526761	233.5337048928371	-3.183713218673887e-10	283.6736946494009	-391823396.5705164	7.374
223615	125.09	11.84	23.51	352.8	0.04816	0.6578	0.0026685381489905667	0.04643818911212724	-1048.056352582376	-0.01059640467576745	-1.689182342358123	1.635581538183036e-05	48.72893768852161	0	-2.648356181379056e-05	0	0	-0	-0	-0	-2.586510975262214e-11	-0	0	success	ew_sym_res	success	237	8.560335660106874e-10	-2.7058837483679e-09	3.75340766141174e-05	-34002908948.99007	153.839781405321	34.31016351292832	5.318157919119594e-09	-7.492168160912797e-09	-6046870235.843781	84.89906601796918	219.9273485391726	54.29133767825769	-1.433178541520747e-08	-636309003.4915361	73.26990597797327	233.2743688278395	-2.435544991088301e-09	282.1669453262288	-398132054.1862866	7.374
223615	125.09	11.84	23.51	352.8	0.04816	0.6578	0.0026685381489905667	0.04643818911212724	-1048.056352582376	-0.01059640467576745	-1.689182342358123	1.635581538183036e-05	48.72893768852161	0	-2.648356181379056e-05	0	0	-0	-0	-0	-2.586510975262214e-11	-0	0	success	ew_sym_res	success	238	8.560335660106874e-10	-2.7058837483679e-09	3.75340766141174e-05	-34580132458.41878	153.8878405039602	32.93033636422575	5.95467023868537e-09	2.975192217884921e-09	-6054414302.116824	85.89906601796918	219.1889483476798	54.00925297481704	-2.185193408767333e-08	-662090767.4106224	73.65933742789888	233.016361529549	-3.698326972754412e-09	280.6603275572919	-404425450.6218171	7.374
223615	125.09	11.84	23.51	352.8	0.04816	0.6578	0.0026685381489905667	0.04643818911212724	-1048.056352582376	-0.01059640467576745	-1.689182342358123	1.635581538183036e-05	48.72893768852161	0	-2.648356181379056e-05	0	0	-0	-0	-0	-2.586510975262214e-11	-0	0	success	ew_sym_res	success	239	8.560335660106874e-10	-2.7058837483679e-09	3.75340766141174e-05	-35164675838.2706	153.9332973861694	31.51155562874451	1.191294446315113e-08	1.000726601426252e-08	-6061556599.530819	86.89906601796918	218.4318265169439	53.71959375396862	-2.210131642761852e-08	-688815881.131843	73.73870442409195	232.9633419577067	-1.419502488722803e-09	280.3497663234799	-405720799.2952376	7.374
223615	125.09	11.84	23.51	352.8	0.04816	0.6578	0.0026685381489905667	0.04643818911212724	-1048.056352582376	-0.01059640467576745	-1.689182342358123	1.635581538183036e-05	48.72893768852161	0	-2.648356181379056e-05	0	0	-0	-0	-0	-2.586510975262214e-11	-0	0	success	ew_sym_res	success	240	8.560335660106874e-10	-2.7058837483679e-09	3.75340766141174e-05	-35756600719.03059	153.9432973861694	31.18157259271918	5.209057097543606e-07	2.163812251461928e-06	-6063128701.293826	87.89906601796918	217.6559895130485	53.42214755157617	1.251441397721996e-08	-716507042.3657774	74.04149516186015	232.7596992490794	-1.149228027819625e-09	279.1538121646113	-410702558.6981614	7.374
223615	125.09	11.84	23.51	352.8	0.04816	0.6578	0.0026685381489905667	0.04643818911212724	-1048.056352582376	-0.01059640467576745	-1.689182342358123	1.635581538183036e-05	48.72893768852161	0	-2.648356181379056e-05	0	0	-0	-0	-0	-2.586510975262214e-11	-0	0	success	ew_sym_res	success	241	8.560335660106874e-10	-2.7058837483679e-09	3.75340766141174e-05	-36355968989.61557	153.9532973861694	30.84419193422854	-5.017335045477214e-09	-7.944436262593725e-09	-6064701119.703493	88.89906601796918	216.8614805427184	53.11668944824643	-1.367520750545447e-08	-745187204.6777431	74.41659537346904	232.5043986970558	-4.172408237879397e-10	277.6473704589835	-416962344.0742806	7.374
223615	125.09	11.84	23.51	352.8	0.04816	0.6578	0.0026685381489905667	0.04643818911212724	-1048.056352582376	-0.01059640467576745	-1.689182342358123	1.635581538183036e-05	48.72893768852161	0	-2.648356181379056e-05	0	0	-0	-0	-0	-2.586510975262214e-11	-0	0	success	ew_sym_res	success	242	8.560335660106874e-10	-2.7058837483679e-09	3.75340766141174e-05	-36962842797.37334	153.9624584980293	30.52820708684237	9.486585002919942e-09	-2.608633486075444e-08	-6066141907.852732	89.89906601796918	216.0483840544962	52.80298101799694	1.637799815499644e-08	-774879575.9351727	74.78484087042213	232.2504771275943	-6.410237981152082e-09	276.14097408483	-423203761.8241324	7.374
223615	125.09	11.84	23.51	352.8	0.04816	0.6578	0.0026685381489905667	0.04643818911212724	-1048.056352582376	-0.01059640467576745	-1.689182342358123	1.635581538183036e-05	48.72893768852161	0	-2.648356181379056e-05	0	0	-0	-0	-0	-2.586510975262214e-11	-0	0	success	ew_sym_res	success	243	8.560335660106874e-10	-2.7058837483679e-09	3.75340766141174e-05	-37577284548.08211	153.9816196098892	29.84383989329401	1.59683524824927e-08	-2.821809922758896e-08	-6069156278.155859	90.89906601796918	215.2168306905346	52.48076915848558	-2.709428780742649e-08	-805607616.6267413	75.14642188074522	231.9979524157674	1.07227148428353e-09	274.6345946957542	-429425752.9675633	7.374
223615	125.09	11.84	23.51	352.8	0.04816	0.6578	0.0026685381489905667	0.04643818911212724	-1048.056352582376	-0.01059640467576745	-1.689182342358123	1.635581538183036e-05	48.72893768852161	0	-2.648356181379056e-05	0	0	-0	-0	-0	-2.586510975262214e-11	-0	0	success	ew_sym_res	success	244	8.560335660106874e-10	-2.7058837483679e-09	3.75340766141174e-05	-38199356905.94975	153.9977575519263	29.24027967346893	-9.114289591457535e-09	-2.801842387475331e-08	-6071695955.954573	90.90909090909091	215.2084015914461	52.47749507544168	8.77106085122189e-09	-805920985.387543	75.5015167370471	231.7468431665094	-3.038815780954398e-09	273.1282038464082	-435627240.2332987	7.374
223615	125.09	11.84	23.51	352.8	0.04816	0.6578	0.0026685381489905667	0.04643818911212724	-1048.056352582376	-0.01059640467576745	-1.689182342358123	1.635581538183036e-05	48.72893768852161	0	-2.648356181379056e-05	0	0	-0	-0	-0	-2.586510975262214e-11	-0	0	success	ew_sym_res	success	245	8.560335660106874e-10	-2.7058837483679e-09	3.75340766141174e-05	-38829122793.61337	154.0007807217491	29.12403250589859	1.988025212398892e-09	8.535782747831247e-09	-6072171813.506994	91.89906601796918	214.3670027080083	52.14978479188457	-1.267176286746404e-08	-837395038.0449263	75.85029250020422	231.4971688125024	-5.05260748376305e-09	271.6217727453803	-441807123.9209509	7.374
223615	125.09	11.84	23.51	352.8	0.04816	0.6578	0.0026685381489905667	0.04643818911212724	-1048.056352582376	-0.01059640467576745	-1.689182342358123	1.635581538183036e-05	48.72893768852161	0	-2.648356181379056e-05	0	0	-0	-0	-0	-2.586510975262214e-11	-0	0	success	ew_sym_res	success	246	8.560335660106874e-10	-2.7058837483679e-09	3.75340766141174e-05	-39466645392.13869	154.0199418336089	28.36239919970297	1.192229969391314e-09	-1.896894684525409e-08	-6075188515.372989	92.89906601796918	213.4991398895455	51.80974142149252	2.468817093589429e-09	-870265800.3239434	76.19290549658176	231.2489497214291	7.557810848277146e-09	270.1152718663863	-447964277.2774178	7.374
223615	125.09	11.84	23.51	352.8	0.04816	0.6578	0.0026685381489905667	0.04643818911212724	-1048.056352582376	-0.01059640467576745	-1.689182342358123	1.635581538183036e-05	48.72893768852161	0	-2.648356181379056e-05	0	0	-0	-0	-0	-2.586510975262214e-11	-0	0	success	ew_sym_res	success	247	8.560335660106874e-10	-2.7058837483679e-09	3.75340766141174e-05	-40111988141.01933	154.0391029454688	27.55072410421598	8.292852075957899e-09	-1.253298896450839e-09	-6078206385.43351	93.89906601796918	212.6135459474713	51.46033351348491	1.167148673081483e-08	-904244110.3255073	76.52950174641207	231.0022073454918	6.319628113673931e-09	268.6086708618344	-454097540.817684	7.374
223615	125.09	11.84	23.51	352.8	0.04816	0.6578	0.0026685381489905667	0.04643818911212724	-1048.056352582376	-0.01059640467576745	-1.689182342358123	1.635581538183036e-05	48.72893768852161	0	-2.648356181379056e-05	0	0	-0	-0	-0	-2.586510975262214e-11	-0	0	success	ew_sym_res	success	248	8.560335660106874e-10	-2.7058837483679e-09	3.75340766141174e-05	-40765214738.17661	154.0393372880921	27.54057576611283	1.10921800135409e-08	-1.023310728166205e-08	-6078243301.573577	94.89906601796918	211.7105954239888	51.10123468601731	-2.222894105531978e-09	-939354419.3656914	76.86021736008853	230.7569643444539	5.080496361773884e-09	267.1019380021417	-460205716.8226287	7.374
223615	125.09	11.84	23.51	352.8	0.04816	0.6578	0.0026685381489905667	0.04643818911212724	-1048.056352582376	-0.01059640467576745	-1.689182342358123	1.635581538183036e-05	48.72893768852161	0	-2.648356181379056e-05	0	0	-0	-0	-0	-2.586510975262214e-11	-0	0	success	ew_sym_res	success	249	8.560335660106874e-10	-2.7058837483679e-09	3.75340766141174e-05	-41426389139.95866	154.0582640573287	26.67815468673571	8.913201002867059e-09	1.04452835939604e-08	-6081225425.65507	95.89906601796918	210.7907410721467	50.73209568153466	-8.636139350862884e-09	-975621420.7773492	77.18517880483783	230.5132447693675	-6.47453150801002e-09	265.5950398729988	-466287562.1185859	7.374
223615	125.09	11.84	23.51	352.8	0.04816	0.6578	0.0026685381489905667	0.04643818911212724	-1048.056352582376	-0.01059640467576745	-1.689182342358123	1.635581538183036e-05	48.72893768852161	0	-2.648356181379056e-05	0	0	-0	-0	-0	-2.586510975262214e-11	-0	0	success	ew_sym_res	success	250	8.560335660106874e-10	-2.7058837483679e-09	3.75340766141174e-05	-42095575561.14031	154.0760316817324	25.8007641859142	-5.247274960387203e-09	-4.712355790690508e-09	-6084025954.533872	96.89906601796918	209.8545216793141	50.35254207489363	-6.823724751518074e-09	-1013070047.304227	77.50450311030995	230.2710742590899	9.37975094745591e-09	264.0879409405827	-472341780.2236257	7.374
223615	125.09	11.84	23.51	352.8	0.04816	0.6578	0.0026685381489905667	0.04643818911212724	-1048.056352582376	-0.01059640467576745	-1.689182342358123	1.635581538183036e-05	48.72893768852161	0	-2.648356181379056e-05	0	0	-0	-0	-0	-2.586510975262214e-11	-0	0	success	ew_sym_res	success	251	8.560335660106874e-10	-2.7058837483679e-09	3.75340766141174e-05	-42772838474.92241	154.0774251691886	25.72864721597701	2.567613566176204e-08	9.025509656307854e-09	-6084245638.407327	97.89906601796918	208.9025703054502	49.96217168523263	-1.729356925521267e-08	-1051725468.325116	77.8182979933916	230.0304802604591	-1.076815450498974e-08	262.5806029577894	-478367012.3795584	7.374
223615	125.09	11.84	23.51	352.8	0.04816	0.6578	0.0026685381489905667	0.04643818911212724	-1048.056352582376	-0.01059640467576745	-1.689182342358123	1.635581538183036e-05	48.72893768852161	0	-2.648356181379056e-05	0	0	-0	-0	-0	-2.586510975262214e-11	-0	0	success	ew_sym_res	success	252	8.560335660106874e-10	-2.7058837483679e-09	3.75340766141174e-05	-43458242612.93134	154.0965862810484	24.67717352338257	2.026860454525732e-08	8.517731607788754e-09	-6087267026.658964	98.89906601796918	207.8844233975711	49.56110649875916	-1.076120967687227e-08	-1091613645.541384	78.12666188039506	229.7914922882507	7.776403951013449e-10	261.0729841827886	-484361826.911983	7.374
223615	125.09	11.84	23.51	352.8	0.04816	0.6578	0.0026685381489905667	0.04643818911212724	-1048.056352582376	-0.01059640467576745	-1.689182342358123	1.635581538183036e-05	48.72893768852161	0	-2.648356181379056e-05	0	0	-0	-0	-0	-2.586510975262214e-11	-0	0	success	ew_sym_res	success	253	8.560335660106874e-10	-2.7058837483679e-09	3.75340766141174e-05	-44151852965.21874	154.1076682055302	24.00784371284284	2.851176829407505e-09	-1.298152511291234e-08	-6089014999.614646	99.89906601796918	206.8208312356923	49.14867627019319	2.10083121558815e-08	-1132761955.128053	78.42968380299689	229.5541422553939	-4.92953116926847e-09	259.5650386787131	-490324706.288758	7.374
223615	125.09	11.84	23.51	352.8	0.04816	0.6578	0.0026685381489905667	0.04643818911212724	-1048.056352582376	-0.01059640467576745	-1.689182342358123	1.635581538183036e-05	48.72893768852161	0	-2.648356181379056e-05	0	0	-0	-0	-0	-2.586510975262214e-11	-0	0	success	ew_sym_res	success	254	8.560335660106874e-10	-2.7058837483679e-09	3.75340766141174e-05	-44853734780.26091	154.1157473929083	23.48296808966299	2.975834398599686e-09	1.495862863845075e-08	-6090289594.341235	100.8990660179692	205.7300317808088	48.72419582860643	-2.834575975550125e-09	-1175196777.18471	78.72744320088755	229.318464835119	-3.472753531738837e-09	258.0567151675774	-496254032.3427294	7.374
223615	125.09	11.84	23.51	352.8	0.04816	0.6578	0.0026685381489905667	0.04643818911212724	-1048.056352582376	-0.01059640467576745	-1.689182342358123	1.635581538183036e-05	48.72893768852161	0	-2.648356181379056e-05	0	0	-0	-0	-0	-2.586510975262214e-11	-0	0	success	ew_sym_res	success	255	8.560335660106874e-10	-2.7058837483679e-09	3.75340766141174e-05	-45563953564.95867	154.1341360753601	22.12802721572305	6.708774690033725e-09	-2.70896949546632e-08	-6093191429.530734	101.8990660179692	204.6113900924153	48.28714336237065	-1.101371462435043e-08	-1218944679.897098	79.0200095605832	229.0844979139999	5.85429017477189e-09	256.547955726516	-502148068.09651	7.374
223615	125.09	11.84	23.51	352.8	0.04816	0.6578	0.0026685381489905667	0.04643818911212724	-1048.056352582376	-0.01059640467576745	-1.689182342358123	1.635581538183036e-05	48.72893768852161	0	-2.648356181379056e-05	0	0	-0	-0	-0	-2.586510975262214e-11	-0	0	success	ew_sym_res	success	256	8.560335660106874e-10	-2.7058837483679e-09	3.75340766141174e-05	-46282575084.63672	154.1349085047682	22.06464814566822	-1.046476887909175e-08	-1.15095517222377e-08	-6093313347.129375	102.8990660179692	203.4642441273489	47.83695320469525	1.425189559601532e-08	-1264032504.01545	79.30744188527737	228.8522831320875	3.145961143137807e-08	255.0386939920818	-508004935.8450133	7.374
223615	125.09	11.84	23.51	352.8	0.04816	0.6578	0.0026685381489905667	0.04643818911212724	-1048.056352582376	-0.01059640467576745	-1.689182342358123	1.635581538183036e-05	48.72893768852161	0	-2.648356181379056e-05	0	0	-0	-0	-0	-2.586510975262214e-11	-0	0	success	ew_sym_res	success	257	8.560335660106874e-10	-2.7058837483679e-09	3.75340766141174e-05	-47009665363.04331	154.154069616628	20.21347980277321	1.013032392001529e-08	-1.512905941821954e-09	-6096338294.610403	103.8990660179692	202.2879026537691	47.37301047532831	2.516722264511913e-08	-1310487362.987348	79.58978793252751	228.6218665600699	6.472439657038431e-09	253.5288530718231	-513822589.9507449	7.374
223615	125.09	11.84	23.51	352.8	0.04816	0.6578	0.0026685381489905667	0.04643818911212724	-1048.056352582376	-0.01059640467576745	-1.689182342358123	1.635581538183036e-05	48.72893768852161	0	-2.648356181379056e-05	0	0	-0	-0	-0	-2.586510975262214e-11	-0	0	success	ew_sym_res	success	258	8.560335660106874e-10	-2.7058837483679e-09	3.75340766141174e-05	-47745290682.35007	154.1552561180907	20.07359163127106	-7.056481347294545e-09	-1.326837580134308e-09	-6096525646.179521	104.8990660179692	201.0816430073158	46.89464488144463	-1.406996773543263e-08	-1358336643.10479	79.86708320482255	228.3932995062095	1.653484680097934e-08	252.0183424502892	-519598783.7172409	7.374
223615	125.09	11.84	23.51	352.8	0.04816	0.6578	0.0026685381489905667	0.04643818911212724	-1048.056352582376	-0.01059640467576745	-1.689182342358123	1.635581538183036e-05	48.72893768852161	0	-2.648356181379056e-05	0	0	-0	-0	-0	-2.586510975262214e-11	-0	0	success	ew_sym_res	success	259	8.560335660106874e-10	-2.7058837483679e-09	3.75340766141174e-05	-48489517583.15149	154.1706764429408	17.3746985238738	1.201479803168845e-08	-3.509194804571409e-08	-6098960983.68928	105.8990660179692	199.8447086687692	46.40112343995919	2.343670934668252e-09	-1407608003.665792	80.13934955900891	228.1666395479391	-1.284806513881699e-08	250.5070540425601	-525331027.1786231	7.374
223615	125.09	11.84	23.51	352.8	0.04816	0.6578	0.0026685381489905667	0.04643818911212724	-1048.056352582376	-0.01059640467576745	-1.689182342358123	1.635581538183036e-05	48.72893768852161	0	-2.648356181379056e-05	0	0	-0	-0	-0	-2.586510975262214e-11	-0	0	success	ew_sym_res	success	260	8.560335660106874e-10	-2.7058837483679e-09	3.75340766141174e-05	-49242412864.46465	154.1715334790054	17.07315447384255	-4.495479506621236e-09	-1.254356946356638e-08	-6099096359.779493	106.8990660179692	198.5763066354492	45.89164194701461	1.852544595902478e-08	-1458329377.151025	80.40659335340276	227.9419518245346	7.284290858493009e-08	248.9948567170565	-531016533.5605205	7.374
223615	125.09	11.84	23.51	352.8	0.04816	0.6578	0.0026685381489905667	0.04643818911212724	-1048.056352582376	-0.01059640467576745	-1.689182342358123	1.635581538183036e-05	48.72893768852161	0	-2.648356181379056e-05	0	0	-0	-0	-0	-2.586510975262214e-11	-0	0	success	ew_sym_res	success	261	8.560335660106874e-10	-2.7058837483679e-09	3.75340766141174e-05	-50004043583.72887	154.17195980282	16.89436996326565	-5.119614108910007e-09	2.495092670948685e-08	-6099163702.246654	107.8990660179692	197.2756045770848	45.36531488133922	-2.312436556413092e-09	-1510528969.416202	80.4328143139299	227.919786095467	-1.575093486132998e-07	248.8448774456602	-531577538.7707585	7.374
223615	125.09	11.84	23.51	352.8	0.04816	0.6578	0.0026685381489905667	0.04643818911212724	-1048.056352582376	-0.01059640467576745	-1.689182342358123	1.635581538183036e-05	48.72893768852161	0	-2.648356181379056e-05	0	0	-0	-0	-0	-2.586510975262214e-11	-0	0	success	ew_sym_res	success	262	8.560335660106874e-10	-2.7058837483679e-09	3.75340766141174e-05	-50774477056.80534	154.1723174880132	16.71950121989821	-1.056773013711813e-08	7.591821654804594e-09	-6099220203.036811	108.8990660179692	195.9417277139389	44.82116336925033	1.830615528923063e-08	-1564235259.901191	80.44222300810031	227.9118265891539	-5.509436640693961e-07	248.7909733082524	-531778978.7928967	7.374
223615	125.09	11.84	23.51	352.8	0.04816	0.6578	0.0026685381489905667	0.04643818911212724	-1048.056352582376	-0.01059640467576745	-1.689182342358123	1.635581538183036e-05	48.72893768852161	0	-2.648356181379056e-05	0	0	-0	-0	-0	-2.586510975262214e-11	-0	0	success	ew_sym_res	success	263	8.560335660106874e-10	-2.7058837483679e-09	3.75340766141174e-05	-51553780857.97707	154.1726243054463	16.53977975328608	-4.207247599087046e-09	2.967315419794089e-09	-6099268669.040129	109.88709943381	194.5903306932361	44.26495515200948	-2.652077419045474e-09	-1618806756.341797	nan	nan	nan	nan	nan	7.374
223615	125.09	11.84	23.51	352.8	0.04816	0.6578	0.0026685381489905667	0.04643818911212724	-1048.056352582376	-0.01059640467576745	-1.689182342358123	1.635581538183036e-05	48.72893768852161	0	-2.648356181379056e-05	0	0	-0	-0	-0	-2.586510975262214e-11	-0	0	success	ew_sym_res	success	264	8.560335660106874e-10	-2.7058837483679e-09	3.75340766141174e-05	-52342022819.94825	154.1728803828968	16.35100859353284	2.720245675973715e-08	1.327337285147902e-08	-6099309120.26917	110.8501033362599	193.240245725243	43.70395823778246	8.707629705423212e-09	-1673464969.857294	nan	nan	nan	nan	nan	7.374
223615	125.09	11.84	23.51	352.8	0.04816	0.6578	0.0026685381489905667	0.04643818911212724	-1048.056352582376	-0.01059640467576745	-1.689182342358123	1.635581538183036e-05	48.72893768852161	0	-2.648356181379056e-05	0	0	-0	-0	-0	-2.586510975262214e-11	-0	0	success	ew_sym_res	success	265	8.560335660106874e-10	-2.7058837483679e-09	3.75340766141174e-05	-53139271033.84438	154.1730838653441	16.14317995594992	7.899478942434632e-09	2.335640861088029e-08	-6099341263.546666	111.7890687641871	191.8916895953996	43.13785800412952	2.733202881394357e-08	-1728180460.433511	nan	nan	nan	nan	nan	7.374
223615	125.09	11.84	23.51	352.8	0.04816	0.6578	0.0026685381489905667	0.04643818911212724	-1048.056352582376	-0.01059640467576745	-1.689182342358123	1.635581538183036e-05	48.72893768852161	0	-2.648356181379056e-05	0	0	-0	-0	-0	-2.586510975262214e-11	-0	0	success	ew_sym_res	success	266	8.560335660106874e-10	-2.7058837483679e-09	3.75340766141174e-05	-53945593849.21158	154.1732307284879	15.87231427753071	1.10369840003766e-10	-9.410349651930698e-09	-6099364463.041977	112.704906651709	190.5448894561284	42.5663201874743	-2.142284394161207e-08	-1782924086.18114	nan	nan	nan	nan	nan	7.374
223615	125.09	11.84	23.51	352.8	0.04816	0.6578	0.0026685381489905667	0.04643818911212724	-1048.056352582376	-0.01059640467576745	-1.689182342358123	1.635581538183036e-05	48.72893768852161	0	-2.648356181379056e-05	0	0	-0	-0	-0	-2.586510975262214e-11	-0	0	success	ew_sym_res	success	267	8.560335660106874e-10	-2.7058837483679e-09	3.75340766141174e-05	-54761059874.01665	nan	nan	nan	nan	nan	113.598454498751	189.2000853094408	41.98898860500496	-3.212329523235934e-09	-1837666883.780922	nan	nan	nan	nan	nan	7.374
223615	125.09	11.84	23.51	352.8	0.04816	0.6578	0.0026685381489905667	0.04643818911212724	-1048.056352582376	-0.01059640467576745	-1.689182342358123	1.635581538183036e-05	48.72893768852161	0	-2.648356181379056e-05	0	0	-0	-0	-0	-2.586510975262214e-11	-0	0	success	ew_sym_res	success	268	8.560335660106874e-10	-2.7058837483679e-09	3.75340766141174e-05	-55585737974.64673	nan	nan	nan	nan	nan	114.4704820497551	187.8575327631511	41.40548255746239	1.195698362205528e-08	-1892379942.106471	nan	nan	nan	nan	nan	7.374
223615	125.09	11.84	23.51	352.8	0.04816	0.6578	0.0026685381489905667	0.04643818911212724	-1048.056352582376	-0.01059640467576745	-1.689182342358123	1.635581538183036e-05	48.72893768852161	0	-2.648356181379056e-05	0	0	-0	-0	-0	-2.586510975262214e-11	-0	0	success	ew_sym_res	success	269	8.560335660106874e-10	-2.7058837483679e-09	3.75340766141174e-05	-56419697275.90887	nan	nan	nan	nan	nan	115.3216960907679	186.5175060996997	40.81539396746432	-7.486494176434197e-09	-1947034266.536256	nan	nan	nan	nan	nan	7.374
223615	125.09	11.84	23.51	352.8	0.04816	0.6578	0.0026685381489905667	0.04643818911212724	-1048.056352582376	-0.01059640467576745	-1.689182342358123	1.635581538183036e-05	48.72893768852161	0	-2.648356181379056e-05	0	0	-0	-0	-0	-2.586510975262214e-11	-0	0	success	ew_sym_res	success	270	8.560335660106874e-10	-2.7058837483679e-09	3.75340766141174e-05	-57263007161.0301	nan	nan	nan	nan	nan	116.1527444157091	185.1803018168691	40.21828418565686	-1.446597099231633e-08	-2001600628.841448	nan	nan	nan	nan	nan	7.374
223615	125.09	11.84	23.51	352.8	0.04816	0.6578	0.0026685381489905667	0.04643818911212724	-1048.056352582376	-0.01059640467576745	-1.689182342358123	1.635581538183036e-05	48.72893768852161	0	-2.648356181379056e-05	0	0	-0	-0	-0	-2.586510975262214e-11	-0	0	success	ew_sym_res	success	271	8.560335660106874e-10	-2.7058837483679e-09	3.75340766141174e-05	-58115737271.65717	nan	nan	nan	nan	nan	116.9642190459406	183.8462426630238	39.61368036813062	7.26178548565893e-09	-2056049400.44301	nan	nan	nan	nan	nan	7.374
223615	125.09	11.84	23.51	352.8	0.04816	0.6578	0.0026685381489905667	0.04643818911212724	-1048.056352582376	-0.01059640467576745	-1.689182342358123	1.635581538183036e-05	48.72893768852161	0	-2.648356181379056e-05	0	0	-0	-0	-0	-2.586510975262214e-11	-0	0	success	ew_sym_res	success	272	8.560335660106874e-10	-2.7058837483679e-09	3.75340766141174e-05	-58977957507.856	nan	nan	nan	nan	nan	117.7566587215603	182.5156823532606	39.00107141474345	1.02610315362106e-08	-2110350363.336076	nan	nan	nan	nan	nan	7.374
223615	125.09	11.84	23.51	352.8	0.04816	0.6578	0.0026685381489905667	0.04643818911212724	-1048.056352582376	-0.01059640467576745	-1.689182342358123	1.635581538183036e-05	48.72893768852161	0	-2.648356181379056e-05	0	0	-0	-0	-0	-2.586510975262214e-11	-0	0	success	ew_sym_res	success	272.7272727272727	8.560335660106874e-10	-2.7058837483679e-09	3.75340766141174e-05	-59611027560.95627	nan	nan	nan	nan	nan	118.5305506697767	181.1890111083189	38.37990340924089	-3.271325079078706e-08	-2164472492.376161	nan	nan	nan	nan	nan	7.374
223615	125.09	11.84	23.51	352.8	0.04816	0.6578	0.0026685381489905667	0.04643818911212724	-1048.056352582376	-0.01059640467576745	-1.689182342358123	1.635581538183036e-05	48.72893768852161	0	-2.648356181379056e-05	0	0	-0	-0	-0	-2.586510975262214e-11	-0	0	success	ew_sym_res	success	273	8.560335660106874e-10	-2.7058837483679e-09	3.75340766141174e-05	-59849738028.1118	nan	nan	nan	nan	nan	119.2863316552593	179.86666219414	37.74957443169347	-3.082614714228202e-08	-2218383702.797142	nan	nan	nan	nan	nan	7.374
223615	125.09	11.84	23.51	352.8	0.04816	0.6578	0.0026685381489905667	0.04643818911212724	-1048.056352582376	-0.01059640467576745	-1.689182342358123	1.635581538183036e-05	48.72893768852161	0	-2.648356181379056e-05	0	0	-0	-0	-0	-2.586510975262214e-11	-0	0	success	ew_sym_res	success	274	8.560335660106874e-10	-2.7058837483679e-09	3.75340766141174e-05	-60731149249.32894	nan	nan	nan	nan	nan	120.0243882995414	178.549119672327	37.10942869967339	1.376383502109512e-08	-2272050555.765612	nan	nan	nan	nan	nan	7.374
223615	125.09	11.84	23.51	352.8	0.04816	0.6578	0.0026685381489905667	0.04643818911212724	-1048.056352582376	-0.01059640467576745	-1.689182342358123	1.635581538183036e-05	48.72893768852161	0	-2.648356181379056e-05	0	0	-0	-0	-0	-2.586510975262214e-11	-0	0	success	ew_sym_res	success	275	8.560335660106874e-10	-2.7058837483679e-09	3.75340766141174e-05	-61622261846.83028	nan	nan	nan	nan	nan	120.7450527600573	177.2369347032777	36.4587534554415	2.932618000852382e-08	-2325437623.559815	nan	nan	nan	nan	nan	7.374
223615	125.09	11.84	23.51	352.8	0.04816	0.6578	0.0026685381489905667	0.04643818911212724	-1048.056352582376	-0.01059640467576745	-1.689182342358123	1.635581538183036e-05	48.72893768852161	0	-2.648356181379056e-05	0	0	-0	-0	-0	-2.586510975262214e-11	-0	0	success	ew_sym_res	success	276	8.560335660106874e-10	-2.7058837483679e-09	3.75340766141174e-05	-62523146754.35755	nan	nan	nan	nan	nan	121.4489043767956	175.9301693293219	35.79648048950619	-2.063275609576096e-08	-2378530110.280089	nan	nan	nan	nan	nan	7.374
223615	125.09	11.84	23.51	352.8	0.04816	0.6578	0.0026685381489905667	0.04643818911212724	-1048.056352582376	-0.01059640467576745	-1.689182342358123	1.635581538183036e-05	48.72893768852161	0	-2.648356181379056e-05	0	0	-0	-0	-0	-2.586510975262214e-11	-0	0	success	ew_sym_res	success	277	8.560335660106874e-10	-2.7058837483679e-09	3.75340766141174e-05	-63433875164.07082	nan	nan	nan	nan	nan	122.1118323570001	174.6759815078758	35.14611272085875	-2.31962599144612e-08	-2429405171.049541	nan	nan	nan	nan	nan	7.374
223615	125.09	11.84	23.51	352.8	0.04816	0.6578	0.0026685381489905667	0.04643818911212724	-1048.056352582376	-0.01059640467576745	-1.689182342358123	1.635581538183036e-05	48.72893768852161	0	-2.648356181379056e-05	0	0	-0	-0	-0	-2.586510975262214e-11	-0	0	success	ew_sym_res	success	278	8.560335660106874e-10	-2.7058837483679e-09	3.75340766141174e-05	-64354518526.54829	nan	nan	nan	nan	nan	122.7413111058045	173.4636667021312	34.39847282299904	1.478607280054511e-08	-2478502733.281076	nan	nan	nan	nan	nan	7.374
223615	125.09	11.84	23.51	352.8	0.04816	0.6578	0.0026685381489905667	0.04643818911212724	-1048.056352582376	-0.01059640467576745	-1.689182342358123	1.635581538183036e-05	48.72893768852161	0	-2.648356181379056e-05	0	0	-0	-0	-0	-2.586510975262214e-11	-0	0	success	ew_sym_res	success	279	8.560335660106874e-10	-2.7058837483679e-09	3.75340766141174e-05	-65285148550.78642	nan	nan	nan	nan	nan	123.3649905481041	172.2413532127889	33.55308368920335	7.099443933379317e-09	-2527914661.461745	nan	nan	nan	nan	nan	7.374
223615	125.09	11.84	23.51	352.8	0.04816	0.6578	0.0026685381489905667	0.04643818911212724	-1048.056352582376	-0.01059640467576745	-1.689182342358123	1.635581538183036e-05	48.72893768852161	0	-2.648356181379056e-05	0	0	-0	-0	-0	-2.586510975262214e-11	-0	0	success	ew_sym_res	success	280	8.560335660106874e-10	-2.7058837483679e-09	3.75340766141174e-05	-66225837204.19947	nan	nan	nan	nan	nan	123.9762518966571	171.0221986036933	32.73152756850246	2.685982996216325e-08	-2577090936.260659	nan	nan	nan	nan	nan	7.374
223615	125.09	11.84	23.51	352.8	0.04816	0.6578	0.0026685381489905667	0.04643818911212724	-1048.056352582376	-0.01059640467576745	-1.689182342358123	1.635581538183036e-05	48.72893768852161	0	-2.648356181379056e-05	0	0	-0	-0	-0	-2.586510975262214e-11	-0	0	success	ew_sym_res	success	281	8.560335660106874e-10	-2.7058837483679e-09	3.75340766141174e-05	-67176656712.61952	nan	nan	nan	nan	nan	124.5729423213311	169.8113864255623	31.90815416489117	-9.138929721821934e-09	-2625816610.814267	nan	nan	nan	nan	nan	7.374
223615	125.09	11.84	23.51	352.8	0.04816	0.6578	0.0026685381489905667	0.04643818911212724	-1048.056352582376	-0.01059640467576745	-1.689182342358123	1.635581538183036e-05	48.72893768852161	0	-2.648356181379056e-05	0	0	-0	-0	-0	-2.586510975262214e-11	-0	0	success	ew_sym_res	success	282	8.560335660106874e-10	-2.7058837483679e-09	3.75340766141174e-05	-68137679560.29612	nan	nan	nan	nan	nan	125.1537987352542	168.6125318470708	31.07453654105492	-5.176937947679223e-08	-2673940844.46545	nan	nan	nan	nan	nan	7.374
223615	125.09	11.84	23.51	352.8	0.04816	0.6578	0.0026685381489905667	0.04643818911212724	-1048.056352582376	-0.01059640467576745	-1.689182342358123	1.635581538183036e-05	48.72893768852161	0	-2.648356181379056e-05	0	0	-0	-0	-0	-2.586510975262214e-11	-0	0	success	ew_sym_res	success	283	8.560335660106874e-10	-2.7058837483679e-09	3.75340766141174e-05	-69108978489.89644	nan	nan	nan	nan	nan	125.7177987030856	167.428925933717	30.22578336389744	3.470534511430773e-09	-2721327609.40016	nan	nan	nan	nan	nan	7.374
223615	125.09	11.84	23.51	352.8	0.04816	0.6578	0.0026685381489905667	0.04643818911212724	-1048.056352582376	-0.01059640467576745	-1.689182342358123	1.635581538183036e-05	48.72893768852161	0	-2.648356181379056e-05	0	0	-0	-0	-0	-2.586510975262214e-11	-0	0	success	ew_sym_res	success	284	8.560335660106874e-10	-2.7058837483679e-09	3.75340766141174e-05	-70090626502.50479	nan	nan	nan	nan	nan	126.2639270929985	166.2639985829834	29.35825177435853	2.533821124891212e-08	-2767837394.44468	nan	nan	nan	nan	nan	7.374
223615	125.09	11.84	23.51	352.8	0.04816	0.6578	0.0026685381489905667	0.04643818911212724	-1048.056352582376	-0.01059640467576745	-1.689182342358123	1.635581538183036e-05	48.72893768852161	0	-2.648356181379056e-05	0	0	-0	-0	-0	-2.586510975262214e-11	-0	0	success	ew_sym_res	success	285	8.560335660106874e-10	-2.7058837483679e-09	3.75340766141174e-05	-71082696857.62276	nan	nan	nan	nan	nan	126.791051269448	165.1215883213489	28.46885196511495	2.453523102327425e-08	-2813316739.754709	nan	nan	nan	nan	nan	7.374
223615	125.09	11.84	23.51	352.8	0.04816	0.6578	0.0026685381489905667	0.04643818911212724	-1048.056352582376	-0.01059640467576745	-1.689182342358123	1.635581538183036e-05	48.72893768852161	0	-2.648356181379056e-05	0	0	-0	-0	-0	-2.586510975262214e-11	-0	0	success	ew_sym_res	success	286	8.560335660106874e-10	-2.7058837483679e-09	3.75340766141174e-05	-72085263073.16881	nan	nan	nan	nan	nan	127.2978301218479	164.0061596568881	27.55480327716887	1.102562753583776e-08	-2857589982.135132	nan	nan	nan	nan	nan	7.374
223615	125.09	11.84	23.51	352.8	0.04816	0.6578	0.0026685381489905667	0.04643818911212724	-1048.056352582376	-0.01059640467576745	-1.689182342358123	1.635581538183036e-05	48.72893768852161	0	-2.648356181379056e-05	0	0	-0	-0	-0	-2.586510975262214e-11	-0	0	success	ew_sym_res	success	287	8.560335660106874e-10	-2.7058837483679e-09	3.75340766141174e-05	-73098398925.47841	nan	nan	nan	nan	nan	127.7826330270487	162.9230126841265	26.61358825891666	3.625721209667276e-08	-2900451425.635626	nan	nan	nan	nan	nan	7.374
223615	125.09	11.84	23.51	352.8	0.04816	0.6578	0.0026685381489905667	0.04643818911212724	-1048.056352582376	-0.01059640467576745	-1.689182342358123	1.635581538183036e-05	48.72893768852161	0	-2.648356181379056e-05	0	0	-0	-0	-0	-2.586510975262214e-11	-0	0	success	ew_sym_res	success	288	8.560335660106874e-10	-2.7058837483679e-09	3.75340766141174e-05	-74122178449.30377	nan	nan	nan	nan	nan	128.2434621067461	161.8784955754685	25.64304299943527	-7.354836033587182e-09	-2941657505.597929	nan	nan	nan	nan	nan	7.374
223615	125.09	11.84	23.51	352.8	0.04816	0.6578	0.0026685381489905667	0.04643818911212724	-1048.056352582376	-0.01059640467576745	-1.689182342358123	1.635581538183036e-05	48.72893768852161	0	-2.648356181379056e-05	0	0	-0	-0	-0	-2.586510975262214e-11	-0	0	success	ew_sym_res	success	289	8.560335660106874e-10	-2.7058837483679e-09	3.75340766141174e-05	-75156675937.81372	nan	nan	nan	nan	nan	128.6778824897278	160.8802047848255	24.64158230108973	-2.611816403620482e-08	-2980919511.10815	nan	nan	nan	nan	nan	7.374
223615	125.09	11.84	23.51	352.8	0.04816	0.6578	0.0026685381489905667	0.04643818911212724	-1048.056352582376	-0.01059640467576745	-1.689182342358123	1.635581538183036e-05	48.72893768852161	0	-2.648356181379056e-05	0	0	-0	-0	-0	-2.586510975262214e-11	-0	0	success	ew_sym_res	success	290	8.560335660106874e-10	-2.7058837483679e-09	3.75340766141174e-05	-76201965942.59354	nan	nan	nan	nan	nan	129.0829753630801	159.9371316167182	23.60858925542547	-1.527458504200856e-08	-3017898416.944841	nan	nan	nan	nan	nan	7.374
223615	125.09	11.84	23.51	352.8	0.04816	0.6578	0.0026685381489905667	0.04643818911212724	-1048.056352582376	-0.01059640467576745	-1.689182342358123	1.635581538183036e-05	48.72893768852161	0	-2.648356181379056e-05	0	0	-0	-0	-0	-2.586510975262214e-11	-0	0	success	ew_sym_res	success	291	8.560335660106874e-10	-2.7058837483679e-09	3.75340766141174e-05	-77258123273.64493	nan	nan	nan	nan	nan	129.4553948684153	159.0595519242974	22.54485197698731	-2.214623526940346e-08	-3052209632.286195	nan	nan	nan	nan	nan	7.374
223615	125.09	11.84	23.51	352.8	0.04816	0.6578	0.0026685381489905667	0.04643818911212724	-1048.056352582376	-0.01059640467576745	-1.689182342358123	1.635581538183036e-05	48.72893768852161	0	-2.648356181379056e-05	0	0	-0	-0	-0	-2.586510975262214e-11	-0	0	success	ew_sym_res	success	292	8.560335660106874e-10	-2.7058837483679e-09	3.75340766141174e-05	-78325222999.38603	nan	nan	nan	nan	nan	129.7906265655855	158.2607936588688	21.45624090309992	4.680135171029451e-09	-3083354231.7387	nan	nan	nan	nan	nan	7.374
223615	125.09	11.84	23.51	352.8	0.04816	0.6578	0.0026685381489905667	0.04643818911212724	-1048.056352582376	-0.01059640467576745	-1.689182342358123	1.635581538183036e-05	48.72893768852161	0	-2.648356181379056e-05	0	0	-0	-0	-0	-2.586510975262214e-11	-0	0	success	ew_sym_res	success	293	8.560335660106874e-10	-2.7058837483679e-09	3.75340766141174e-05	-79403340446.65092	nan	nan	nan	nan	nan	130.0976374075675	157.5218565652297	20.29818513371	-1.871767798870213e-08	-3112093852.536235	nan	nan	nan	nan	nan	7.374
223615	125.09	11.84	23.51	352.8	0.04816	0.6578	0.0026685381489905667	0.04643818911212724	-1048.056352582376	-0.01059640467576745	-1.689182342358123	1.635581538183036e-05	48.72893768852161	0	-2.648356181379056e-05	0	0	-0	-0	-0	-2.586510975262214e-11	-0	0	success	ew_sym_res	success	294	8.560335660106874e-10	-2.7058837483679e-09	3.75340766141174e-05	-80492551200.68982	nan	nan	nan	nan	nan	130.1976374075675	157.2796260797883	19.87387763406068	7.880650165849197e-06	-3121499906.429307	nan	nan	nan	nan	nan	7.374
223615	125.09	11.84	23.51	352.8	0.04816	0.6578	0.0026685381489905667	0.04643818911212724	-1048.056352582376	-0.01059640467576745	-1.689182342358123	1.635581538183036e-05	48.72893768852161	0	-2.648356181379056e-05	0	0	-0	-0	-0	-2.586510975262214e-11	-0	0	success	ew_sym_res	success	295	8.560335660106874e-10	-2.7058837483679e-09	3.75340766141174e-05	-81592931105.16896	nan	nan	nan	nan	nan	130.262201067857	157.1228296489238	19.58384226534944	-1.334791483782461e-08	-3127584561.363124	nan	nan	nan	nan	nan	7.374
223615	125.09	11.84	23.51	352.8	0.04816	0.6578	0.0026685381489905667	0.04643818911212724	-1048.056352582376	-0.01059640467576745	-1.689182342358123	1.635581538183036e-05	48.72893768852161	0	-2.648356181379056e-05	0	0	-0	-0	-0	-2.586510975262214e-11	-0	0	success	ew_sym_res	success	296	8.560335660106874e-10	-2.7058837483679e-09	3.75340766141174e-05	-82704556262.17044	nan	nan	nan	nan	nan	130.2976374075675	157.0366359245165	19.41858484992408	-7.25148708053708e-09	-3130928105.60881	nan	nan	nan	nan	nan	7.374
223615	125.09	11.84	23.51	352.8	0.04816	0.6578	0.0026685381489905667	0.04643818911212724	-1048.056352582376	-0.01059640467576745	-1.689182342358123	1.635581538183036e-05	48.72893768852161	0	-2.648356181379056e-05	0	0	-0	-0	-0	-2.586510975262214e-11	-0	0	success	ew_sym_res	success	297	8.560335660106874e-10	-2.7058837483679e-09	3.75340766141174e-05	-83827503032.19197	nan	nan	nan	nan	nan	130.3267647281464	156.9657167102854	19.27911345173176	-2.921532064049762e-08	-3133678457.123291	nan	nan	nan	nan	nan	7.374
223615	125.09	11.84	23.51	352.8	0.04816	0.6578	0.0026685381489905667	0.04643818911212724	-1048.056352582376	-0.01059640467576745	-1.689182342358123	1.635581538183036e-05	48.72893768852161	0	-2.648356181379056e-05	0	0	-0	-0	-0	-2.586510975262214e-11	-0	0	success	ew_sym_res	success	298	8.560335660106874e-10	-2.7058837483679e-09	3.75340766141174e-05	-84961848034.14713	nan	nan	nan	nan	nan	130.3913283884359	156.8082878128953	18.95734728106754	2.231517967069457e-08	-3139781603.397403	nan	nan	nan	nan	nan	7.374
223615	125.09	11.84	23.51	352.8	0.04816	0.6578	0.0026685381489905667	0.04643818911212724	-1048.056352582376	-0.01059640467576745	-1.689182342358123	1.635581538183036e-05	48.72893768852161	0	-2.648356181379056e-05	0	0	-0	-0	-0	-2.586510975262214e-11	-0	0	success	ew_sym_res	success	299	8.560335660106874e-10	-2.7058837483679e-09	3.75340766141174e-05	-86107668145.36482	nan	nan	nan	nan	nan	130.4558920487253	156.6505440029541	18.61553155037414	1.293843490401568e-08	-3145894009.928639	nan	nan	nan	nan	nan	7.374
223615	125.09	11.84	23.51	352.8	0.04816	0.6578	0.0026685381489905667	0.04643818911212724	-1048.056352582376	-0.01059640467576745	-1.689182342358123	1.635581538183036e-05	48.72893768852161	0	-2.648356181379056e-05	0	0	-0	-0	-0	-2.586510975262214e-11	-0	0	success	ew_sym_res	success	300	8.560335660106874e-10	-2.7058837483679e-09	3.75340766141174e-05	-87265040501.58971	nan	nan	nan	nan	nan	130.5204557090147	156.4924870795312	18.2496339676687	4.256616939521068e-09	-3152015686.531188	nan	nan	nan	nan	nan	7.374
223615	125.09	11.84	23.51	352.8	0.04816	0.6578	0.0026685381489905667	0.04643818911212724	-1048.056352582376	-0.01059640467576745	-1.689182342358123	1.635581538183036e-05	48.72893768852161	0	-2.648356181379056e-05	0	0	-0	-0	-0	-2.586510975262214e-11	-0	0	success	ew_sym_res	success	301	8.560335660106874e-10	-2.7058837483679e-09	3.75340766141174e-05	-88434042496.98158	nan	nan	nan	nan	nan	130.5850193693042	156.3341197999744	17.854234728369	9.797602165789425e-09	-3158146643.113177	nan	nan	nan	nan	nan	7.374
223615	125.09	11.84	23.51	352.8	0.04816	0.6578	0.0026685381489905667	0.04643818911212724	-1048.056352582376	-0.01059640467576745	-1.689182342358123	1.635581538183036e-05	48.72893768852161	0	-2.648356181379056e-05	0	0	-0	-0	-0	-2.586510975262214e-11	-0	0	success	ew_sym_res	success	302	8.560335660106874e-10	-2.7058837483679e-09	3.75340766141174e-05	-89614751784.11578	nan	nan	nan	nan	nan	130.5882915645674	156.3260852007206	17.83336254580387	-3.485034315826802e-08	-3158457617.602498	nan	nan	nan	nan	nan	7.374
223615	125.09	11.84	23.51	352.8	0.04816	0.6578	0.0026685381489905667	0.04643818911212724	-1048.056352582376	-0.01059640467576745	-1.689182342358123	1.635581538183036e-05	48.72893768852161	0	-2.648356181379056e-05	0	0	-0	-0	-0	-2.586510975262214e-11	-0	0	success	ew_sym_res	success	303	8.560335660106874e-10	-2.7058837483679e-09	3.75340766141174e-05	-90807246273.98271	nan	nan	nan	nan	nan	130.6495830295936	156.175446592626	17.42159147688494	5.210404603513259e-09	-3164286889.712689	nan	nan	nan	nan	nan	7.374
223615	125.09	11.84	23.51	352.8	0.04816	0.6578	0.0026685381489905667	0.04643818911212724	-1048.056352582376	-0.01059640467576745	-1.689182342358123	1.635581538183036e-05	48.72893768852161	0	-2.648356181379056e-05	0	0	-0	-0	-0	-2.586510975262214e-11	-0	0	success	ew_sym_res	success	304	8.560335660106874e-10	-2.7058837483679e-09	3.75340766141174e-05	-92011604135.98805	nan	nan	nan	nan	nan	130.7141466898831	156.0164754382488	16.93926306777736	-2.349279155416115e-08	-3170436436.558428	nan	nan	nan	nan	nan	7.374
223615	125.09	11.84	23.51	352.8	0.04816	0.6578	0.0026685381489905667	0.04643818911212724	-1048.056352582376	-0.01059640467576745	-1.689182342358123	1.635581538183036e-05	48.72893768852161	0	-2.648356181379056e-05	0	0	-0	-0	-0	-2.586510975262214e-11	-0	0	success	ew_sym_res	success	305	8.560335660106874e-10	-2.7058837483679e-09	3.75340766141174e-05	-93227903797.95224	nan	nan	nan	nan	nan	130.7787103501725	155.8572200655329	16.38672648263043	-1.823942829278871e-08	-3176595294.182241	nan	nan	nan	nan	nan	7.374
223615	125.09	11.84	23.51	352.8	0.04816	0.6578	0.0026685381489905667	0.04643818911212724	-1048.056352582376	-0.01059640467576745	-1.689182342358123	1.635581538183036e-05	48.72893768852161	0	-2.648356181379056e-05	0	0	-0	-0	-0	-2.586510975262214e-11	-0	0	success	ew_sym_res	success	306	8.560335660106874e-10	-2.7058837483679e-09	3.75340766141174e-05	-94456223946.11122	nan	nan	nan	nan	nan	130.8392615012584	155.7076279508852	15.76989343096413	-1.158822814937155e-09	-3182379861.101935	nan	nan	nan	nan	nan	7.374
223615	125.09	11.84	23.51	352.8	0.04816	0.6578	0.0026685381489905667	0.04643818911212724	-1048.056352582376	-0.01059640467576745	-1.689182342358123	1.635581538183036e-05	48.72893768852161	0	-2.648356181379056e-05	0	0	-0	-0	-0	-2.586510975262214e-11	-0	0	success	ew_sym_res	success	307	8.560335660106874e-10	-2.7058837483679e-09	3.75340766141174e-05	-95696643525.1154	nan	nan	nan	nan	nan	130.8432740104619	155.697708053836	15.72416367714767	-1.097341401916701e-08	-3182763473.660975	nan	nan	nan	nan	nan	7.374
223615	125.09	11.84	23.51	352.8	0.04816	0.6578	0.0026685381489905667	0.04643818911212724	-1048.056352582376	-0.01059640467576745	-1.689182342358123	1.635581538183036e-05	48.72893768852161	0	-2.648356181379056e-05	0	0	-0	-0	-0	-2.586510975262214e-11	-0	0	success	ew_sym_res	success	308	8.560335660106874e-10	-2.7058837483679e-09	3.75340766141174e-05	-96949241738.03036	nan	nan	nan	nan	nan	130.8567372392362	155.6644183906979	15.5649047599158	1.990904129024047e-09	-3184050877.729599	nan	nan	nan	nan	nan	7.374
223615	125.09	11.84	23.51	352.8	0.04816	0.6578	0.0026685381489905667	0.04643818911212724	-1048.056352582376	-0.01059640467576745	-1.689182342358123	1.635581538183036e-05	48.72893768852161	0	-2.648356181379056e-05	0	0	-0	-0	-0	-2.586510975262214e-11	-0	0	success	ew_sym_res	success	309	8.560335660106874e-10	-2.7058837483679e-09	3.75340766141174e-05	-98214098046.33611	nan	nan	nan	nan	nan	130.8692501040182	155.633471989121	15.40785650432539	-3.395757801646701e-08	-3185247768.465858	nan	nan	nan	nan	nan	7.374
223615	125.09	11.84	23.51	352.8	0.04816	0.6578	0.0026685381489905667	0.04643818911212724	-1048.056352582376	-0.01059640467576745	-1.689182342358123	1.635581538183036e-05	48.72893768852161	0	-2.648356181379056e-05	0	0	-0	-0	-0	-2.586510975262214e-11	-0	0	success	ew_sym_res	success	310	8.560335660106874e-10	-2.7058837483679e-09	3.75340766141174e-05	-99491292169.92778	nan	nan	nan	nan	nan	130.8809759153187	155.6044673651347	15.25129409032191	-1.325117717573157e-08	-3186369693.714946	nan	nan	nan	nan	nan	7.374
223615	125.09	11.84	23.51	352.8	0.04816	0.6578	0.0026685381489905667	0.04643818911212724	-1048.056352582376	-0.01059640467576745	-1.689182342358123	1.635581538183036e-05	48.72893768852161	0	-2.648356181379056e-05	0	0	-0	-0	-0	-2.586510975262214e-11	-0	0	success	ew_sym_res	success	311	8.560335660106874e-10	-2.7058837483679e-09	3.75340766141174e-05	-100780904087.1147	nan	nan	nan	nan	nan	130.8920222701026	155.5771404352031	15.09381172550817	1.144342399183927e-09	-3187426890.465899	nan	nan	nan	nan	nan	7.374
223615	125.09	11.84	23.51	352.8	0.04816	0.6578	0.0026685381489905667	0.04643818911212724	-1048.056352582376	-0.01059640467576745	-1.689182342358123	1.635581538183036e-05	48.72893768852161	0	-2.648356181379056e-05	0	0	-0	-0	-0	-2.586510975262214e-11	-0	0	success	ew_sym_res	success	312	8.560335660106874e-10	-2.7058837483679e-09	3.75340766141174e-05	-102083014034.6212	nan	nan	nan	nan	nan	130.902388871836	155.5514938182387	14.9353153403338	-1.360163170952036e-08	-3188419279.939259	nan	nan	nan	nan	nan	7.374
223615	125.09	11.84	23.51	352.8	0.04816	0.6578	0.0026685381489905667	0.04643818911212724	-1048.056352582376	-0.01059640467576745	-1.689182342358123	1.635581538183036e-05	48.72893768852161	0	-2.648356181379056e-05	0	0	-0	-0	-0	-2.586510975262214e-11	-0	0	success	ew_sym_res	success	313	8.560335660106874e-10	-2.7058837483679e-09	3.75340766141174e-05	-103397702507.586	nan	nan	nan	nan	nan	130.9078376707513	155.5380140982001	14.84665156932535	-1.190551367164733e-08	-3188940987.28732	nan	nan	nan	nan	nan	7.374
223615	125.09	11.84	23.51	352.8	0.04816	0.6578	0.0026685381489905667	0.04643818911212724	-1048.056352582376	-0.01059640467576745	-1.689182342358123	1.635581538183036e-05	48.72893768852161	0	-2.648356181379056e-05	0	0	-0	-0	-0	-2.586510975262214e-11	-0	0	success	ew_sym_res	success	314	8.560335660106874e-10	-2.7058837483679e-09	3.75340766141174e-05	-104725050259.562	nan	nan	nan	nan	nan	130.9120737882625	155.527534239379	14.77553438002479	5.813477327542152e-09	-3189346629.77071	nan	nan	nan	nan	nan	7.374
223615	125.09	11.84	23.51	352.8	0.04816	0.6578	0.0026685381489905667	0.04643818911212724	-1048.056352582376	-0.01059640467576745	-1.689182342358123	1.635581538183036e-05	48.72893768852161	0	-2.648356181379056e-05	0	0	-0	-0	-0	-2.586510975262214e-11	-0	0	success	ew_sym_res	success	315	8.560335660106874e-10	-2.7058837483679e-09	3.75340766141174e-05	-106065138302.5169	nan	nan	nan	nan	nan	130.9210653155624	155.5052921050352	14.61482196589033	8.802329548564107e-09	-3190207774.577494	nan	nan	nan	nan	nan	7.374
223615	125.09	11.84	23.51	352.8	0.04816	0.6578	0.0026685381489905667	0.04643818911212724	-1048.056352582376	-0.01059640467576745	-1.689182342358123	1.635581538183036e-05	48.72893768852161	0	-2.648356181379056e-05	0	0	-0	-0	-0	-2.586510975262214e-11	-0	0	success	ew_sym_res	success	316	8.560335660106874e-10	-2.7058837483679e-09	3.75340766141174e-05	-107418047906.8324	nan	nan	nan	nan	nan	130.9293782708691	155.4847326489229	14.45241510283107	-3.455985237722303e-09	-3191004091.96246	nan	nan	nan	nan	nan	7.374
223615	125.09	11.84	23.51	352.8	0.04816	0.6578	0.0026685381489905667	0.04643818911212724	-1048.056352582376	-0.01059640467576745	-1.689182342358123	1.635581538183036e-05	48.72893768852161	0	-2.648356181379056e-05	0	0	-0	-0	-0	-2.586510975262214e-11	-0	0	success	ew_sym_res	success	317	8.560335660106874e-10	-2.7058837483679e-09	3.75340766141174e-05	-108783860601.3049	nan	nan	nan	nan	nan	130.9369953768802	155.4658999012778	14.28870680689493	-5.394580477671379e-10	-3191733888.510675	nan	nan	nan	nan	nan	7.374
223615	125.09	11.84	23.51	352.8	0.04816	0.6578	0.0026685381489905667	0.04643818911212724	-1048.056352582376	-0.01059640467576745	-1.689182342358123	1.635581538183036e-05	48.72893768852161	0	-2.648356181379056e-05	0	0	-0	-0	-0	-2.586510975262214e-11	-0	0	success	ew_sym_res	success	318	8.560335660106874e-10	-2.7058837483679e-09	3.75340766141174e-05	-110162658173.1447	nan	nan	nan	nan	nan	130.9439289280876	155.4487652858012	14.12272148629579	-2.540228697916339e-09	-3192398306.807205	nan	nan	nan	nan	nan	7.374
223615	125.09	11.84	23.51	352.8	0.04816	0.6578	0.0026685381489905667	0.04643818911212724	-1048.056352582376	-0.01059640467576745	-1.689182342358123	1.635581538183036e-05	48.72893768852161	0	-2.648356181379056e-05	0	0	-0	-0	-0	-2.586510975262214e-11	-0	0	success	ew_sym_res	success	319	8.560335660106874e-10	-2.7058837483679e-09	3.75340766141174e-05	-111554522667.9762	nan	nan	nan	nan	nan	130.9501616183602	155.4333729407619	13.95453487406933	-2.87952823907973e-08	-3192995656.200091	nan	nan	nan	nan	nan	7.374
223615	125.09	11.84	23.51	352.8	0.04816	0.6578	0.0026685381489905667	0.04643818911212724	-1048.056352582376	-0.01059640467576745	-1.689182342358123	1.635581538183036e-05	48.72893768852161	0	-2.648356181379056e-05	0	0	-0	-0	-0	-2.586510975262214e-11	-0	0	success	ew_sym_res	success	320	8.560335660106874e-10	-2.7058837483679e-09	3.75340766141174e-05	-112959536389.8383	nan	nan	nan	nan	nan	130.9556972116334	155.4197153112453	13.78309867436201	-3.242464578030715e-08	-3193526268.100271	nan	nan	nan	nan	nan	7.374
223615	125.09	11.84	23.51	352.8	0.04816	0.6578	0.0026685381489905667	0.04643818911212724	-1048.056352582376	-0.01059640467576745	-1.689182342358123	1.635581538183036e-05	48.72893768852161	0	-2.648356181379056e-05	0	0	-0	-0	-0	-2.586510975262214e-11	-0	0	success	ew_sym_res	success	321	8.560335660106874e-10	-2.7058837483679e-09	3.75340766141174e-05	-114377781901.1835	nan	nan	nan	nan	nan	130.9605253431886	155.4078195004849	13.60784982095183	7.732798236635253e-09	-3193989122.839927	nan	nan	nan	nan	nan	7.374
223615	125.09	11.84	23.51	352.8	0.04816	0.6578	0.0026685381489905667	0.04643818911212724	-1048.056352582376	-0.01059640467576745	-1.689182342358123	1.635581538183036e-05	48.72893768852161	0	-2.648356181379056e-05	0	0	-0	-0	-0	-2.586510975262214e-11	-0	0	success	ew_sym_res	success	322	8.560335660106874e-10	-2.7058837483679e-09	3.75340766141174e-05	-115809342022.879	nan	nan	nan	nan	nan	130.9646483773435	155.3976826076392	13.42579339360284	1.673154524181366e-08	-3194384424.099106	nan	nan	nan	nan	nan	7.374
223615	125.09	11.84	23.51	352.8	0.04816	0.6578	0.0026685381489905667	0.04643818911212724	-1048.056352582376	-0.01059640467576745	-1.689182342358123	1.635581538183036e-05	48.72893768852161	0	-2.648356181379056e-05	0	0	-0	-0	-0	-2.586510975262214e-11	-0	0	success	ew_sym_res	success	323	8.560335660106874e-10	-2.7058837483679e-09	3.75340766141174e-05	-117254299834.2053	nan	nan	nan	nan	nan	130.968040175539	155.3893728897618	13.23343784683875	-9.239205988418115e-10	-3194709645.889701	nan	nan	nan	nan	nan	7.374
223615	125.09	11.84	23.51	352.8	0.04816	0.6578	0.0026685381489905667	0.04643818911212724	-1048.056352582376	-0.01059640467576745	-1.689182342358123	1.635581538183036e-05	48.72893768852161	0	-2.648356181379056e-05	0	0	-0	-0	-0	-2.586510975262214e-11	-0	0	success	ew_sym_res	success	324	8.560335660106874e-10	-2.7058837483679e-09	3.75340766141174e-05	-118712738672.8571	nan	nan	nan	nan	nan	130.9706826553784	155.3829455597904	13.01732115306586	2.915397981043309e-09	-3194963037.474549	nan	nan	nan	nan	nan	7.374
223615	125.09	11.84	23.51	352.8	0.04816	0.6578	0.0026685381489905667	0.04643818911212724	-1048.056352582376	-0.01059640467576745	-1.689182342358123	1.635581538183036e-05	48.72893768852161	0	-2.648356181379056e-05	0	0	-0	-0	-0	-2.586510975262214e-11	-0	0	success	ew_sym_res	success	325	8.560335660106874e-10	-2.7058837483679e-09	3.75340766141174e-05	-120184742134.9433	nan	nan	nan	nan	nan	130.9724013310408	155.3789158611104	12.66488270909729	3.923367022209791e-08	-3195127852.525183	nan	nan	nan	nan	nan	7.374
223615	125.09	11.84	23.51	352.8	0.04816	0.6578	0.0026685381489905667	0.04643818911212724	-1048.056352582376	-0.01059640467576745	-1.689182342358123	1.635581538183036e-05	48.72893768852161	0	-2.648356181379056e-05	0	0	-0	-0	-0	-2.586510975262214e-11	-0	0	success	ew_sym_res	success	326	8.560335660106874e-10	-2.7058837483679e-09	3.75340766141174e-05	-121670394074.9859	nan	nan	nan	nan	nan	nan	nan	nan	nan	nan	nan	nan	nan	nan	nan	7.374
223615	125.09	11.84	23.51	352.8	0.04816	0.6578	0.0026685381489905667	0.04643818911212724	-1048.056352582376	-0.01059640467576745	-1.689182342358123	1.635581538183036e-05	48.72893768852161	0	-2.648356181379056e-05	0	0	-0	-0	-0	-2.586510975262214e-11	-0	0	success	ew_sym_res	success	327	8.560335660106874e-10	-2.7058837483679e-09	3.75340766141174e-05	-123169778605.9214	nan	nan	nan	nan	nan	nan	nan	nan	nan	nan	nan	nan	nan	nan	nan	7.374
223615	125.09	11.84	23.51	352.8	0.04816	0.6578	0.0026685381489905667	0.04643818911212724	-1048.056352582376	-0.01059640467576745	-1.689182342358123	1.635581538183036e-05	48.72893768852161	0	-2.648356181379056e-05	0	0	-0	-0	-0	-2.586510975262214e-11	-0	0	success	ew_sym_res	success	328	8.560335660106874e-10	-2.7058837483679e-09	3.75340766141174e-05	-124682980099.0997	nan	nan	nan	nan	nan	nan	nan	nan	nan	nan	nan	nan	nan	nan	nan	7.374
223615	125.09	11.84	23.51	352.8	0.04816	0.6578	0.0026685381489905667	0.04643818911212724	-1048.056352582376	-0.01059640467576745	-1.689182342358123	1.635581538183036e-05	48.72893768852161	0	-2.648356181379056e-05	0	0	-0	-0	-0	-2.586510975262214e-11	-0	0	success	ew_sym_res	success	329	8.560335660106874e-10	-2.7058837483679e-09	3.75340766141174e-05	-126210083184.2848	nan	nan	nan	nan	nan	nan	nan	nan	nan	nan	nan	nan	nan	nan	nan	7.374
223615	125.09	11.84	23.51	352.8	0.04816	0.6578	0.0026685381489905667	0.04643818911212724	-1048.056352582376	-0.01059640467576745	-1.689182342358123	1.635581538183036e-05	48.72893768852161	0	-2.648356181379056e-05	0	0	-0	-0	-0	-2.586510975262214e-11	-0	0	success	ew_sym_res	success	330	2.227270702481179e-07	2.428410459649532e-07	0.000125549278091651	-127751172749.6537	nan	nan	nan	nan	nan	nan	nan	nan	nan	nan	nan	nan	nan	nan	nan	7.374
223615	125.09	11.84	23.51	352.8	0.04816	0.6578	0.0026685381489905667	0.04643818911212724	-1048.056352582376	-0.01059640467576745	-1.689182342358123	1.635581538183036e-05	48.72893768852161	0	-2.648356181379056e-05	0	0	-0	-0	-0	-2.586510975262214e-11	-0	0	success	ew_sym_res	success	331	2.227270702481179e-07	2.428410459649532e-07	0.000125549278091651	-129306333941.7979	nan	nan	nan	nan	nan	nan	nan	nan	nan	nan	nan	nan	nan	nan	nan	7.375
223615	125.09	11.84	23.51	352.8	0.04816	0.6578	0.0026685381489905667	0.04643818911212724	-1048.056352582376	-0.01059640467576745	-1.689182342358123	1.635581538183036e-05	48.72893768852161	0	-2.648356181379056e-05	0	0	-0	-0	-0	-2.586510975262214e-11	-0	0	success	ew_sym_res	success	332	2.227270702481179e-07	2.428410459649532e-07	0.000125549278091651	-130875652165.7216	nan	nan	nan	nan	nan	nan	nan	nan	nan	nan	nan	nan	nan	nan	nan	7.375
223615	125.09	11.84	23.51	352.8	0.04816	0.6578	0.0026685381489905667	0.04643818911212724	-1048.056352582376	-0.01059640467576745	-1.689182342358123	1.635581538183036e-05	48.72893768852161	0	-2.648356181379056e-05	0	0	-0	-0	-0	-2.586510975262214e-11	-0	0	success	ew_sym_res	success	333	2.227270702481179e-07	2.428410459649532e-07	0.000125549278091651	-132459213084.8433	nan	nan	nan	nan	nan	nan	nan	nan	nan	nan	nan	nan	nan	nan	nan	7.375
223615	125.09	11.84	23.51	352.8	0.04816	0.6578	0.0026685381489905667	0.04643818911212724	-1048.056352582376	-0.01059640467576745	-1.689182342358123	1.635581538183036e-05	48.72893768852161	0	-2.648356181379056e-05	0	0	-0	-0	-0	-2.586510975262214e-11	-0	0	success	ew_sym_res	success	334	2.227270702481179e-07	2.428410459649532e-07	0.000125549278091651	-134057102620.9946	nan	nan	nan	nan	nan	nan	nan	nan	nan	nan	nan	nan	nan	nan	nan	7.375
223615	125.09	11.84	23.51	352.8	0.04816	0.6578	0.0026685381489905667	0.04643818911212724	-1048.056352582376	-0.01059640467576745	-1.689182342358123	1.635581538183036e-05	48.72893768852161	0	-2.648356181379056e-05	0	0	-0	-0	-0	-2.586510975262214e-11	-0	0	success	ew_sym_res	success	335	2.227270702481179e-07	2.428410459649532e-07	0.000125549278091651	-135669406954.4208	nan	nan	nan	nan	nan	nan	nan	nan	nan	nan	nan	nan	nan	nan	nan	7.375
223615	125.09	11.84	23.51	352.8	0.04816	0.6578	0.0026685381489905667	0.04643818911212724	-1048.056352582376	-0.01059640467576745	-1.689182342358123	1.635581538183036e-05	48.72893768852161	0	-2.648356181379056e-05	0	0	-0	-0	-0	-2.586510975262214e-11	-0	0	success	ew_sym_res	success	336	2.227270702481179e-07	2.428410459649532e-07	0.000125549278091651	-137296212523.7808	nan	nan	nan	nan	nan	nan	nan	nan	nan	nan	nan	nan	nan	nan	nan	7.375
223615	125.09	11.84	23.51	352.8	0.04816	0.6578	0.0026685381489905667	0.04643818911212724	-1048.056352582376	-0.01059640467576745	-1.689182342358123	1.635581538183036e-05	48.72893768852161	0	-2.648356181379056e-05	0	0	-0	-0	-0	-2.586510975262214e-11	-0	0	success	ew_sym_res	success	337	2.227270702481179e-07	2.428410459649532e-07	0.000125549278091651	-138937606026.1463	nan	nan	nan	nan	nan	nan	nan	nan	nan	nan	nan	nan	nan	nan	nan	7.375
223615	125.09	11.84	23.51	352.8	0.04816	0.6578	0.0026685381489905667	0.04643818911212724	-1048.056352582376	-0.01059640467576745	-1.689182342358123	1.635581538183036e-05	48.72893768852161	0	-2.648356181379056e-05	0	0	-0	-0	-0	-2.586510975262214e-11	-0	0	success	ew_sym_res	success	338	2.227270702481179e-07	2.428410459649532e-07	0.000125549278091651	-140593674417.0031	nan	nan	nan	nan	nan	nan	nan	nan	nan	nan	nan	nan	nan	nan	nan	7.375
223615	125.09	11.84	23.51	352.8	0.04816	0.6578	0.0026685381489905667	0.04643818911212724	-1048.056352582376	-0.01059640467576745	-1.689182342358123	1.635581538183036e-05	48.72893768852161	0	-2.648356181379056e-05	0	0	-0	-0	-0	-2.586510975262214e-11	-0	0	success	ew_sym_res	success	339	2.227270702481179e-07	2.428410459649532e-07	0.000125549278091651	-142264504910.2502	nan	nan	nan	nan	nan	nan	nan	nan	nan	nan	nan	nan	nan	nan	nan	7.375
223615	125.09	11.84	23.51	352.8	0.04816	0.6578	0.0026685381489905667	0.04643818911212724	-1048.056352582376	-0.01059640467576745	-1.689182342358123	1.635581538183036e-05	48.72893768852161	0	-2.648356181379056e-05	0	0	-0	-0	-0	-2.586510975262214e-11	-0	0	success	ew_sym_res	success	340	2.227270702481179e-07	2.428410459649532e-07	0.000125549278091651	-143950184978.1995	nan	nan	nan	nan	nan	nan	nan	nan	nan	nan	nan	nan	nan	nan	nan	7.375
223615	125.09	11.84	23.51	352.8	0.04816	0.6578	0.0026685381489905667	0.04643818911212724	-1048.056352582376	-0.01059640467576745	-1.689182342358123	1.635581538183036e-05	48.72893768852161	0	-2.648356181379056e-05	0	0	-0	-0	-0	-2.586510975262214e-11	-0	0	success	ew_sym_res	success	341	2.227270702481179e-07	2.428410459649532e-07	0.000125549278091651	-145650802351.5766	nan	nan	nan	nan	nan	nan	nan	nan	nan	nan	nan	nan	nan	nan	nan	7.375
223615	125.09	11.84	23.51	352.8	0.04816	0.6578	0.0026685381489905667	0.04643818911212724	-1048.056352582376	-0.01059640467576745	-1.689182342358123	1.635581538183036e-05	48.72893768852161	0	-2.648356181379056e-05	0	0	-0	-0	-0	-2.586510975262214e-11	-0	0	success	ew_sym_res	success	342	2.227270702481179e-07	2.428410459649532e-07	0.000125549278091651	-147366445019.5205	nan	nan	nan	nan	nan	nan	nan	nan	nan	nan	nan	nan	nan	nan	nan	7.375
223615	125.09	11.84	23.51	352.8	0.04816	0.6578	0.0026685381489905667	0.04643818911212724	-1048.056352582376	-0.01059640467576745	-1.689182342358123	1.635581538183036e-05	48.72893768852161	0	-2.648356181379056e-05	0	0	-0	-0	-0	-2.586510975262214e-11	-0	0	success	ew_sym_res	success	343	2.227270702481179e-07	2.428410459649532e-07	0.000125549278091651	-149097201229.5829	nan	nan	nan	nan	nan	nan	nan	nan	nan	nan	nan	nan	nan	nan	nan	7.375
223615	125.09	11.84	23.51	352.8	0.04816	0.6578	0.0026685381489905667	0.04643818911212724	-1048.056352582376	-0.01059640467576745	-1.689182342358123	1.635581538183036e-05	48.72893768852161	0	-2.648356181379056e-05	0	0	-0	-0	-0	-2.586510975262214e-11	-0	0	success	ew_sym_res	success	344	2.227270702481179e-07	2.428410459649532e-07	0.000125549278091651	-150843159487.7294	nan	nan	nan	nan	nan	nan	nan	nan	nan	nan	nan	nan	nan	nan	nan	7.375
223615	125.09	11.84	23.51	352.8	0.04816	0.6578	0.0026685381489905667	0.04643818911212724	-1048.056352582376	-0.01059640467576745	-1.689182342358123	1.635581538183036e-05	48.72893768852161	0	-2.648356181379056e-05	0	0	-0	-0	-0	-2.586510975262214e-11	-0	0	success	ew_sym_res	success	345	2.227270702481179e-07	2.428410459649532e-07	0.000125549278091651	-152604408558.3381	nan	nan	nan	nan	nan	nan	nan	nan	nan	nan	nan	nan	nan	nan	nan	7.375
223615	125.09	11.84	23.51	352.8	0.04816	0.6578	0.0026685381489905667	0.04643818911212724	-1048.056352582376	-0.01059640467576745	-1.689182342358123	1.635581538183036e-05	48.72893768852161	0	-2.648356181379056e-05	0	0	-0	-0	-0	-2.586510975262214e-11	-0	0	success	ew_sym_res	success	346	2.227270702481179e-07	2.428410459649532e-07	0.000125549278091651	-154381037464.2008	nan	nan	nan	nan	nan	nan	nan	nan	nan	nan	nan	nan	nan	nan	nan	7.375
223615	125.09	11.84	23.51	352.8	0.04816	0.6578	0.0026685381489905667	0.04643818911212724	-1048.056352582376	-0.01059640467576745	-1.689182342358123	1.635581538183036e-05	48.72893768852161	0	-2.648356181379056e-05	0	0	-0	-0	-0	-2.586510975262214e-11	-0	0	success	ew_sym_res	success	347	2.227270702481179e-07	2.428410459649532e-07	0.000125549278091651	-156173135486.5222	nan	nan	nan	nan	nan	nan	nan	nan	nan	nan	nan	nan	nan	nan	nan	7.375
223615	125.09	11.84	23.51	352.8	0.04816	0.6578	0.0026685381489905667	0.04643818911212724	-1048.056352582376	-0.01059640467576745	-1.689182342358123	1.635581538183036e-05	48.72893768852161	0	-2.648356181379056e-05	0	0	-0	-0	-0	-2.586510975262214e-11	-0	0	success	ew_sym_res	success	348	2.227270702481179e-07	2.428410459649532e-07	0.000125549278091651	-157980792164.92	nan	nan	nan	nan	nan	nan	nan	nan	nan	nan	nan	nan	nan	nan	nan	7.375
223615	125.09	11.84	23.51	352.8	0.04816	0.6578	0.0026685381489905667	0.04643818911212724	-1048.056352582376	-0.01059640467576745	-1.689182342358123	1.635581538183036e-05	48.72893768852161	0	-2.648356181379056e-05	0	0	-0	-0	-0	-2.586510975262214e-11	-0	0	success	ew_sym_res	success	349	2.227270702481179e-07	2.428410459649532e-07	0.000125549278091651	-159804097297.4253	nan	nan	nan	nan	nan	nan	nan	nan	nan	nan	nan	nan	nan	nan	nan	7.375
223615	125.09	11.84	23.51	352.8	0.04816	0.6578	0.0026685381489905667	0.04643818911212724	-1048.056352582376	-0.01059640467576745	-1.689182342358123	1.635581538183036e-05	48.72893768852161	0	-2.648356181379056e-05	0	0	-0	-0	-0	-2.586510975262214e-11	-0	0	success	ew_sym_res	success	350	2.227270702481179e-07	2.428410459649532e-07	0.000125549278091651	-161643140940.4821	nan	nan	nan	nan	nan	nan	nan	nan	nan	nan	nan	nan	nan	nan	nan	7.375
223615	125.09	11.84	23.51	352.8	0.04816	0.6578	0.0026685381489905667	0.04643818911212724	-1048.056352582376	-0.01059640467576745	-1.689182342358123	1.635581538183036e-05	48.72893768852161	0	-2.648356181379056e-05	0	0	-0	-0	-0	-2.586510975262214e-11	-0	0	success	ew_sym_res	success	351	2.227270702481179e-07	2.428410459649532e-07	0.000125549278091651	-163498013408.947	nan	nan	nan	nan	nan	nan	nan	nan	nan	nan	nan	nan	nan	nan	nan	7.375
223615	125.09	11.84	23.51	352.8	0.04816	0.6578	0.0026685381489905667	0.04643818911212724	-1048.056352582376	-0.01059640467576745	-1.689182342358123	1.635581538183036e-05	48.72893768852161	0	-2.648356181379056e-05	0	0	-0	-0	-0	-2.586510975262214e-11	-0	0	success	ew_sym_res	success	352	2.227270702481179e-07	2.428410459649532e-07	0.000125549278091651	-165368805276.0905	nan	nan	nan	nan	nan	nan	nan	nan	nan	nan	nan	nan	nan	nan	nan	7.375
223615	125.09	11.84	23.51	352.8	0.04816	0.6578	0.0026685381489905667	0.04643818911212724	-1048.056352582376	-0.01059640467576745	-1.689182342358123	1.635581538183036e-05	48.72893768852161	0	-2.648356181379056e-05	0	0	-0	-0	-0	-2.586510975262214e-11	-0	0	success	ew_sym_res	success	353	2.227270702481179e-07	2.428410459649532e-07	0.000125549278091651	-167255607373.5952	nan	nan	nan	nan	nan	nan	nan	nan	nan	nan	nan	nan	nan	nan	nan	7.375
223615	125.09	11.84	23.51	352.8	0.04816	0.6578	0.0026685381489905667	0.04643818911212724	-1048.056352582376	-0.01059640467576745	-1.689182342358123	1.635581538183036e-05	48.72893768852161	0	-2.648356181379056e-05	0	0	-0	-0	-0	-2.586510975262214e-11	-0	0	success	ew_sym_res	success	354	2.227270702481179e-07	2.428410459649532e-07	0.000125549278091651	-169158510791.5575	nan	nan	nan	nan	nan	nan	nan	nan	nan	nan	nan	nan	nan	nan	nan	7.375
223615	125.09	11.84	23.51	352.8	0.04816	0.6578	0.0026685381489905667	0.04643818911212724	-1048.056352582376	-0.01059640467576745	-1.689182342358123	1.635581538183036e-05	48.72893768852161	0	-2.648356181379056e-05	0	0	-0	-0	-0	-2.586510975262214e-11	-0	0	success	ew_sym_res	success	355	2.227270702481179e-07	2.428410459649532e-07	0.000125549278091651	-171077606878.4862	nan	nan	nan	nan	nan	nan	nan	nan	nan	nan	nan	nan	nan	nan	nan	7.375
223615	125.09	11.84	23.51	352.8	0.04816	0.6578	0.0026685381489905667	0.04643818911212724	-1048.056352582376	-0.01059640467576745	-1.689182342358123	1.635581538183036e-05	48.72893768852161	0	-2.648356181379056e-05	0	0	-0	-0	-0	-2.586510975262214e-11	-0	0	success	ew_sym_res	success	356	2.227270702481179e-07	2.428410459649532e-07	0.000125549278091651	-173012987241.3027	nan	nan	nan	nan	nan	nan	nan	nan	nan	nan	nan	nan	nan	nan	nan	7.375
223615	125.09	11.84	23.51	352.8	0.04816	0.6578	0.0026685381489905667	0.04643818911212724	-1048.056352582376	-0.01059640467576745	-1.689182342358123	1.635581538183036e-05	48.72893768852161	0	-2.648356181379056e-05	0	0	-0	-0	-0	-2.586510975262214e-11	-0	0	success	ew_sym_res	success	357	2.227270702481179e-07	2.428410459649532e-07	0.000125549278091651	-174964743745.3423	nan	nan	nan	nan	nan	nan	nan	nan	nan	nan	nan	nan	nan	nan	nan	7.375
223615	125.09	11.84	23.51	352.8	0.04816	0.6578	0.0026685381489905667	0.04643818911212724	-1048.056352582376	-0.01059640467576745	-1.689182342358123	1.635581538183036e-05	48.72893768852161	0	-2.648356181379056e-05	0	0	-0	-0	-0	-2.586510975262214e-11	-0	0	success	ew_sym_res	success	358	2.227270702481179e-07	2.428410459649532e-07	0.000125549278091651	-176932968514.3523	nan	nan	nan	nan	nan	nan	nan	nan	nan	nan	nan	nan	nan	nan	nan	7.375
223615	125.09	11.84	23.51	352.8	0.04816	0.6578	0.0026685381489905667	0.04643818911212724	-1048.056352582376	-0.01059640467576745	-1.689182342358123	1.635581538183036e-05	48.72893768852161	0	-2.648356181379056e-05	0	0	-0	-0	-0	-2.586510975262214e-11	-0	0	success	ew_sym_res	success	359	2.227270702481179e-07	2.428410459649532e-07	0.000125549278091651	-178917753930.4933	nan	nan	nan	nan	nan	nan	nan	nan	nan	nan	nan	nan	nan	nan	nan	7.375
223615	125.09	11.84	23.51	352.8	0.04816	0.6578	0.0026685381489905667	0.04643818911212724	-1048.056352582376	-0.01059640467576745	-1.689182342358123	1.635581538183036e-05	48.72893768852161	0	-2.648356181379056e-05	0	0	-0	-0	-0	-2.586510975262214e-11	-0	0	success	ew_sym_res	success	360	2.227270702481179e-07	2.428410459649532e-07	0.000125549278091651	-180919192634.3387	nan	nan	nan	nan	nan	nan	nan	nan	nan	nan	nan	nan	nan	nan	nan	7.375
223615	125.09	11.84	23.51	352.8	0.04816	0.6578	0.0026685381489905667	0.04643818911212724	-1048.056352582376	-0.01059640467576745	-1.689182342358123	1.635581538183036e-05	48.72893768852161	0	-2.648356181379056e-05	0	0	-0	-0	-0	-2.586510975262214e-11	-0	0	success	ew_sym_res	success	361	2.227270702481179e-07	2.428410459649532e-07	0.000125549278091651	-182937377524.8745	nan	nan	nan	nan	nan	nan	nan	nan	nan	nan	nan	nan	nan	nan	nan	7.375
223615	125.09	11.84	23.51	352.8	0.04816	0.6578	0.0026685381489905667	0.04643818911212724	-1048.056352582376	-0.01059640467576745	-1.689182342358123	1.635581538183036e-05	48.72893768852161	0	-2.648356181379056e-05	0	0	-0	-0	-0	-2.586510975262214e-11	-0	0	success	ew_sym_res	success	362	2.227270702481179e-07	2.428410459649532e-07	0.000125549278091651	-184972401759.4995	nan	nan	nan	nan	nan	nan	nan	nan	nan	nan	nan	nan	nan	nan	nan	7.375
223615	125.09	11.84	23.51	352.8	0.04816	0.6578	0.0026685381489905667	0.04643818911212724	-1048.056352582376	-0.01059640467576745	-1.689182342358123	1.635581538183036e-05	48.72893768852161	0	-2.648356181379056e-05	0	0	-0	-0	-0	-2.586510975262214e-11	-0	0	success	ew_sym_res	success	363	2.227270702481179e-07	2.428410459649532e-07	0.000125549278091651	-187024358754.0258	nan	nan	nan	nan	nan	nan	nan	nan	nan	nan	nan	nan	nan	nan	nan	7.375
223615	125.09	11.84	23.51	352.8	0.04816	0.6578	0.0026685381489905667	0.04643818911212724	-1048.056352582376	-0.01059640467576745	-1.689182342358123	1.635581538183036e-05	48.72893768852161	0	-2.648356181379056e-05	0	0	-0	-0	-0	-2.586510975262214e-11	-0	0	success	ew_sym_res	success	363.6363636363636	2.227270702481179e-07	2.428410459649532e-07	0.000125549278091651	-188339008649.0456	nan	nan	nan	nan	nan	nan	nan	nan	nan	nan	nan	nan	nan	nan	nan	7.375
223615	125.09	11.84	23.51	352.8	0.04816	0.6578	0.0026685381489905667	0.04643818911212724	-1048.056352582376	-0.01059640467576745	-1.689182342358123	1.635581538183036e-05	48.72893768852161	0	-2.648356181379056e-05	0	0	-0	-0	-0	-2.586510975262214e-11	-0	0	success	ew_sym_res	success	364	2.227270702481179e-07	2.428410459649532e-07	0.000125549278091651	-189093342182.6778	nan	nan	nan	nan	nan	nan	nan	nan	nan	nan	nan	nan	nan	nan	nan	7.375
223615	125.09	11.84	23.51	352.8	0.04816	0.6578	0.0026685381489905667	0.04643818911212724	-1048.056352582376	-0.01059640467576745	-1.689182342358123	1.635581538183036e-05	48.72893768852161	0	-2.648356181379056e-05	0	0	-0	-0	-0	-2.586510975262214e-11	-0	0	success	ew_sym_res	success	365	2.227270702481179e-07	2.428410459649532e-07	0.000125549278091651	-191179445978.0928	nan	nan	nan	nan	nan	nan	nan	nan	nan	nan	nan	nan	nan	nan	nan	7.375
223615	125.09	11.84	23.51	352.8	0.04816	0.6578	0.0026685381489905667	0.04643818911212724	-1048.056352582376	-0.01059640467576745	-1.689182342358123	1.635581538183036e-05	48.72893768852161	0	-2.648356181379056e-05	0	0	-0	-0	-0	-2.586510975262214e-11	-0	0	success	ew_sym_res	success	366	2.227270702481179e-07	2.428410459649532e-07	0.000125549278091651	-193282764331.3205	nan	nan	nan	nan	nan	nan	nan	nan	nan	nan	nan	nan	nan	nan	nan	7.375
223615	125.09	11.84	23.51	352.8	0.04816	0.6578	0.0026685381489905667	0.04643818911212724	-1048.056352582376	-0.01059640467576745	-1.689182342358123	1.635581538183036e-05	48.72893768852161	0	-2.648356181379056e-05	0	0	-0	-0	-0	-2.586510975262214e-11	-0	0	success	ew_sym_res	success	367	2.227270702481179e-07	2.428410459649532e-07	0.000125549278091651	-195403391691.8239	nan	nan	nan	nan	nan	nan	nan	nan	nan	nan	nan	nan	nan	nan	nan	7.375
223615	125.09	11.84	23.51	352.8	0.04816	0.6578	0.0026685381489905667	0.04643818911212724	-1048.056352582376	-0.01059640467576745	-1.689182342358123	1.635581538183036e-05	48.72893768852161	0	-2.648356181379056e-05	0	0	-0	-0	-0	-2.586510975262214e-11	-0	0	success	ew_sym_res	success	368	2.227270702481179e-07	2.428410459649532e-07	0.000125549278091651	-197541422767.4782	nan	nan	nan	nan	nan	nan	nan	nan	nan	nan	nan	nan	nan	nan	nan	7.375
223615	125.09	11.84	23.51	352.8	0.04816	0.6578	0.0026685381489905667	0.04643818911212724	-1048.056352582376	-0.01059640467576745	-1.689182342358123	1.635581538183036e-05	48.72893768852161	0	-2.648356181379056e-05	0	0	-0	-0	-0	-2.586510975262214e-11	-0	0	success	ew_sym_res	success	369	2.227270702481179e-07	2.428410459649532e-07	0.000125549278091651	-199696952524.5718	nan	nan	nan	nan	nan	nan	nan	nan	nan	nan	nan	nan	nan	nan	nan	7.375
223615	125.09	11.84	23.51	352.8	0.04816	0.6578	0.0026685381489905667	0.04643818911212724	-1048.056352582376	-0.01059640467576745	-1.689182342358123	1.635581538183036e-05	48.72893768852161	0	-2.648356181379056e-05	0	0	-0	-0	-0	-2.586510975262214e-11	-0	0	success	ew_sym_res	success	370	2.227270702481179e-07	2.428410459649532e-07	0.000125549278091651	-201870076187.8053	nan	nan	nan	nan	nan	nan	nan	nan	nan	nan	nan	nan	nan	nan	nan	7.375
223615	125.09	11.84	23.51	352.8	0.04816	0.6578	0.0026685381489905667	0.04643818911212724	-1048.056352582376	-0.01059640467576745	-1.689182342358123	1.635581538183036e-05	48.72893768852161	0	-2.648356181379056e-05	0	0	-0	-0	-0	-2.586510975262214e-11	-0	0	success	ew_sym_res	success	371	2.227270702481179e-07	2.428410459649532e-07	0.000125549278091651	-204060889240.2918	nan	nan	nan	nan	nan	nan	nan	nan	nan	nan	nan	nan	nan	nan	nan	7.375
223615	125.09	11.84	23.51	352.8	0.04816	0.6578	0.0026685381489905667	0.04643818911212724	-1048.056352582376	-0.01059640467576745	-1.689182342358123	1.635581538183036e-05	48.72893768852161	0	-2.648356181379056e-05	0	0	-0	-0	-0	-2.586510975262214e-11	-0	0	success	ew_sym_res	success	372	2.227270702481179e-07	2.428410459649532e-07	0.000125549278091651	-206269487423.5581	nan	nan	nan	nan	nan	nan	nan	nan	nan	nan	nan	nan	nan	nan	nan	7.375
223615	125.09	11.84	23.51	352.8	0.04816	0.6578	0.0026685381489905667	0.04643818911212724	-1048.056352582376	-0.01059640467576745	-1.689182342358123	1.635581538183036e-05	48.72893768852161	0	-2.648356181379056e-05	0	0	-0	-0	-0	-2.586510975262214e-11	-0	0	success	ew_sym_res	success	373	2.227270702481179e-07	2.428410459649532e-07	0.000125549278091651	-208495966737.5421	nan	nan	nan	nan	nan	nan	nan	nan	nan	nan	nan	nan	nan	nan	nan	7.375
223615	125.09	11.84	23.51	352.8	0.04816	0.6578	0.0026685381489905667	0.04643818911212724	-1048.056352582376	-0.01059640467576745	-1.689182342358123	1.635581538183036e-05	48.72893768852161	0	-2.648356181379056e-05	0	0	-0	-0	-0	-2.586510975262214e-11	-0	0	success	ew_sym_res	success	374	2.227270702481179e-07	2.428410459649532e-07	0.000125549278091651	-210740423440.5955	nan	nan	nan	nan	nan	nan	nan	nan	nan	nan	nan	nan	nan	nan	nan	7.375
223615	125.09	11.84	23.51	352.8	0.04816	0.6578	0.0026685381489905667	0.04643818911212724	-1048.056352582376	-0.01059640467576745	-1.689182342358123	1.635581538183036e-05	48.72893768852161	0	-2.648356181379056e-05	0	0	-0	-0	-0	-2.586510975262214e-11	-0	0	success	ew_sym_res	success	375	2.227270702481179e-07	2.428410459649532e-07	0.000125549278091651	-213002954049.4821	nan	nan	nan	nan	nan	nan	nan	nan	nan	nan	nan	nan	nan	nan	nan	7.375
223615	125.09	11.84	23.51	352.8	0.04816	0.6578	0.0026685381489905667	0.04643818911212724	-1048.056352582376	-0.01059640467576745	-1.689182342358123	1.635581538183036e-05	48.72893768852161	0	-2.648356181379056e-05	0	0	-0	-0	-0	-2.586510975262214e-11	-0	0	success	ew_sym_res	success	376	2.227270702481179e-07	2.428410459649532e-07	0.000125549278091651	-215283655339.3787	nan	nan	nan	nan	nan	nan	nan	nan	nan	nan	nan	nan	nan	nan	nan	7.375
223615	125.09	11.84	23.51	352.8	0.04816	0.6578	0.0026685381489905667	0.04643818911212724	-1048.056352582376	-0.01059640467576745	-1.689182342358123	1.635581538183036e-05	48.72893768852161	0	-2.648356181379056e-05	0	0	-0	-0	-0	-2.586510975262214e-11	-0	0	success	ew_sym_res	success	377	2.227270702481179e-07	2.428410459649532e-07	0.000125549278091651	-217582624343.8735	nan	nan	nan	nan	nan	nan	nan	nan	nan	nan	nan	nan	nan	nan	nan	7.375
223615	125.09	11.84	23.51	352.8	0.04816	0.6578	0.0026685381489905667	0.04643818911212724	-1048.056352582376	-0.01059640467576745	-1.689182342358123	1.635581538183036e-05	48.72893768852161	0	-2.648356181379056e-05	0	0	-0	-0	-0	-2.586510975262214e-11	-0	0	success	ew_sym_res	success	378	2.227270702481179e-07	2.428410459649532e-07	0.000125549278091651	-219899958354.9689	nan	nan	nan	nan	nan	nan	nan	nan	nan	nan	nan	nan	nan	nan	nan	7.375
223615	125.09	11.84	23.51	352.8	0.04816	0.6578	0.0026685381489905667	0.04643818911212724	-1048.056352582376	-0.01059640467576745	-1.689182342358123	1.635581538183036e-05	48.72893768852161	0	-2.648356181379056e-05	0	0	-0	-0	-0	-2.586510975262214e-11	-0	0	success	ew_sym_res	success	379	2.227270702481179e-07	2.428410459649532e-07	0.000125549278091651	-222235754923.079	nan	nan	nan	nan	nan	nan	nan	nan	nan	nan	nan	nan	nan	nan	nan	7.375
223615	125.09	11.84	23.51	352.8	0.04816	0.6578	0.0026685381489905667	0.04643818911212724	-1048.056352582376	-0.01059640467576745	-1.689182342358123	1.635581538183036e-05	48.72893768852161	0	-2.648356181379056e-05	0	0	-0	-0	-0	-2.586510975262214e-11	-0	0	success	ew_sym_res	success	380	2.227270702481179e-07	2.428410459649532e-07	0.000125549278091651	-224590111857.0299	nan	nan	nan	nan	nan	nan	nan	nan	nan	nan	nan	nan	nan	nan	nan	7.375
223615	125.09	11.84	23.51	352.8	0.04816	0.6578	0.0026685381489905667	0.04643818911212724	-1048.056352582376	-0.01059640467576745	-1.689182342358123	1.635581538183036e-05	48.72893768852161	0	-2.648356181379056e-05	0	0	-0	-0	-0	-2.586510975262214e-11	-0	0	success	ew_sym_res	success	381	2.227270702481179e-07	2.428410459649532e-07	0.000125549278091651	-226963127224.0612	nan	nan	nan	nan	nan	nan	nan	nan	nan	nan	nan	nan	nan	nan	nan	7.375
223615	125.09	11.84	23.51	352.8	0.04816	0.6578	0.0026685381489905667	0.04643818911212724	-1048.056352582376	-0.01059640467576745	-1.689182342358123	1.635581538183036e-05	48.72893768852161	0	-2.648356181379056e-05	0	0	-0	-0	-0	-2.586510975262214e-11	-0	0	success	ew_sym_res	success	382	2.227270702481179e-07	2.428410459649532e-07	0.000125549278091651	-229354899349.8248	nan	nan	nan	nan	nan	nan	nan	nan	nan	nan	nan	nan	nan	nan	nan	7.375
223615	125.09	11.84	23.51	352.8	0.04816	0.6578	0.0026685381489905667	0.04643818911212724	-1048.056352582376	-0.01059640467576745	-1.689182342358123	1.635581538183036e-05	48.72893768852161	0	-2.648356181379056e-05	0	0	-0	-0	-0	-2.586510975262214e-11	-0	0	success	ew_sym_res	success	383	2.227270702481179e-07	2.428410459649532e-07	0.000125549278091651	-231765526818.3845	nan	nan	nan	nan	nan	nan	nan	nan	nan	nan	nan	nan	nan	nan	nan	7.375
223615	125.09	11.84	23.51	352.8	0.04816	0.6578	0.0026685381489905667	0.04643818911212724	-1048.056352582376	-0.01059640467576745	-1.689182342358123	1.635581538183036e-05	48.72893768852161	0	-2.648356181379056e-05	0	0	-0	-0	-0	-2.586510975262214e-11	-0	0	success	ew_sym_res	success	384	2.227270702481179e-07	2.428410459649532e-07	0.000125549278091651	-234195108472.2168	nan	nan	nan	nan	nan	nan	nan	nan	nan	nan	nan	nan	nan	nan	nan	7.375
223615	125.09	11.84	23.51	352.8	0.04816	0.6578	0.0026685381489905667	0.04643818911212724	-1048.056352582376	-0.01059640467576745	-1.689182342358123	1.635581538183036e-05	48.72893768852161	0	-2.648356181379056e-05	0	0	-0	-0	-0	-2.586510975262214e-11	-0	0	success	ew_sym_res	success	385	2.227270702481179e-07	2.428410459649532e-07	0.000125549278091651	-236643743412.2115	nan	nan	nan	nan	nan	nan	nan	nan	nan	nan	nan	nan	nan	nan	nan	7.375
223615	125.09	11.84	23.51	352.8	0.04816	0.6578	0.0026685381489905667	0.04643818911212724	-1048.056352582376	-0.01059640467576745	-1.689182342358123	1.635581538183036e-05	48.72893768852161	0	-2.648356181379056e-05	0	0	-0	-0	-0	-2.586510975262214e-11	-0	0	success	ew_sym_res	success	386	2.227270702481179e-07	2.428410459649532e-07	0.000125549278091651	-239111530997.6694	nan	nan	nan	nan	nan	nan	nan	nan	nan	nan	nan	nan	nan	nan	nan	7.375
223615	125.09	11.84	23.51	352.8	0.04816	0.6578	0.0026685381489905667	0.04643818911212724	-1048.056352582376	-0.01059640467576745	-1.689182342358123	1.635581538183036e-05	48.72893768852161	0	-2.648356181379056e-05	0	0	-0	-0	-0	-2.586510975262214e-11	-0	0	success	ew_sym_res	success	387	2.227270702481179e-07	2.428410459649532e-07	0.000125549278091651	-241598570846.3054	nan	nan	nan	nan	nan	nan	nan	nan	nan	nan	nan	nan	nan	nan	nan	7.375
223615	125.09	11.84	23.51	352.8	0.04816	0.6578	0.0026685381489905667	0.04643818911212724	-1048.056352582376	-0.01059640467576745	-1.689182342358123	1.635581538183036e-05	48.72893768852161	0	-2.648356181379056e-05	0	0	-0	-0	-0	-2.586510975262214e-11	-0	0	success	ew_sym_res	success	388	2.227270702481179e-07	2.428410459649532e-07	0.000125549278091651	-244104962834.2453	nan	nan	nan	nan	nan	nan	nan	nan	nan	nan	nan	nan	nan	nan	nan	7.375
223615	125.09	11.84	23.51	352.8	0.04816	0.6578	0.0026685381489905667	0.04643818911212724	-1048.056352582376	-0.01059640467576745	-1.689182342358123	1.635581538183036e-05	48.72893768852161	0	-2.648356181379056e-05	0	0	-0	-0	-0	-2.586510975262214e-11	-0	0	success	ew_sym_res	success	389	2.227270702481179e-07	2.428410459649532e-07	0.000125549278091651	-246630807096.0282	nan	nan	nan	nan	nan	nan	nan	nan	nan	nan	nan	nan	nan	nan	nan	7.375
223615	125.09	11.84	23.51	352.8	0.04816	0.6578	0.0026685381489905667	0.04643818911212724	-1048.056352582376	-0.01059640467576745	-1.689182342358123	1.635581538183036e-05	48.72893768852161	0	-2.648356181379056e-05	0	0	-0	-0	-0	-2.586510975262214e-11	-0	0	success	ew_sym_res	success	390	2.227270702481179e-07	2.428410459649532e-07	0.000125549278091651	-249176204024.6057	nan	nan	nan	nan	nan	nan	nan	nan	nan	nan	nan	nan	nan	nan	nan	7.375
223615	125.09	11.84	23.51	352.8	0.04816	0.6578	0.0026685381489905667	0.04643818911212724	-1048.056352582376	-0.01059640467576745	-1.689182342358123	1.635581538183036e-05	48.72893768852161	0	-2.648356181379056e-05	0	0	-0	-0	-0	-2.586510975262214e-11	-0	0	success	ew_sym_res	success	391	2.227270702481179e-07	2.428410459649532e-07	0.000125549278091651	-251741254271.3414	nan	nan	nan	nan	nan	nan	nan	nan	nan	nan	nan	nan	nan	nan	nan	7.375
223615	125.09	11.84	23.51	352.8	0.04816	0.6578	0.0026685381489905667	0.04643818911212724	-1048.056352582376	-0.01059640467576745	-1.689182342358123	1.635581538183036e-05	48.72893768852161	0	-2.648356181379056e-05	0	0	-0	-0	-0	-2.586510975262214e-11	-0	0	success	ew_sym_res	success	392	2.227270702481179e-07	2.428410459649532e-07	0.000125549278091651	-254326058746.0113	nan	nan	nan	nan	nan	nan	nan	nan	nan	nan	nan	nan	nan	nan	nan	7.375
223615	125.09	11.84	23.51	352.8	0.04816	0.6578	0.0026685381489905667	0.04643818911212724	-1048.056352582376	-0.01059640467576745	-1.689182342358123	1.635581538183036e-05	48.72893768852161	0	-2.648356181379056e-05	0	0	-0	-0	-0	-2.586510975262214e-11	-0	0	success	ew_sym_res	success	393	2.227270702481179e-07	2.428410459649532e-07	0.000125549278091651	-256930718616.8041	nan	nan	nan	nan	nan	nan	nan	nan	nan	nan	nan	nan	nan	nan	nan	7.375
223615	125.09	11.84	23.51	352.8	0.04816	0.6578	0.0026685381489905667	0.04643818911212724	-1048.056352582376	-0.01059640467576745	-1.689182342358123	1.635581538183036e-05	48.72893768852161	0	-2.648356181379056e-05	0	0	-0	-0	-0	-2.586510975262214e-11	-0	0	success	ew_sym_res	success	394	2.227270702481179e-07	2.428410459649532e-07	0.000125549278091651	-259555335310.3205	nan	nan	nan	nan	nan	nan	nan	nan	nan	nan	nan	nan	nan	nan	nan	7.375
223615	125.09	11.84	23.51	352.8	0.04816	0.6578	0.0026685381489905667	0.04643818911212724	-1048.056352582376	-0.01059640467576745	-1.689182342358123	1.635581538183036e-05	48.72893768852161	0	-2.648356181379056e-05	0	0	-0	-0	-0	-2.586510975262214e-11	-0	0	success	ew_sym_res	success	395	2.227270702481179e-07	2.428410459649532e-07	0.000125549278091651	-262200010511.5739	nan	nan	nan	nan	nan	nan	nan	nan	nan	nan	nan	nan	nan	nan	nan	7.375
223615	125.09	11.84	23.51	352.8	0.04816	0.6578	0.0026685381489905667	0.04643818911212724	-1048.056352582376	-0.01059640467576745	-1.689182342358123	1.635581538183036e-05	48.72893768852161	0	-2.648356181379056e-05	0	0	-0	-0	-0	-2.586510975262214e-11	-0	0	success	ew_sym_res	success	396	2.227270702481179e-07	2.428410459649532e-07	0.000125549278091651	-264864846163.9902	nan	nan	nan	nan	nan	nan	nan	nan	nan	nan	nan	nan	nan	nan	nan	7.375
223615	125.09	11.84	23.51	352.8	0.04816	0.6578	0.0026685381489905667	0.04643818911212724	-1048.056352582376	-0.01059640467576745	-1.689182342358123	1.635581538183036e-05	48.72893768852161	0	-2.648356181379056e-05	0	0	-0	-0	-0	-2.586510975262214e-11	-0	0	success	ew_sym_res	success	397	2.227270702481179e-07	2.428410459649532e-07	0.000125549278091651	-267549944469.4067	nan	nan	nan	nan	nan	nan	nan	nan	nan	nan	nan	nan	nan	nan	nan	7.375
223615	125.09	11.84	23.51	352.8	0.04816	0.6578	0.0026685381489905667	0.04643818911212724	-1048.056352582376	-0.01059640467576745	-1.689182342358123	1.635581538183036e-05	48.72893768852161	0	-2.648356181379056e-05	0	0	-0	-0	-0	-2.586510975262214e-11	-0	0	success	ew_sym_res	success	398	2.227270702481179e-07	2.428410459649532e-07	0.000125549278091651	-270255407888.0746	nan	nan	nan	nan	nan	nan	nan	nan	nan	nan	nan	nan	nan	nan	nan	7.375
223615	125.09	11.84	23.51	352.8	0.04816	0.6578	0.0026685381489905667	0.04643818911212724	-1048.056352582376	-0.01059640467576745	-1.689182342358123	1.635581538183036e-05	48.72893768852161	0	-2.648356181379056e-05	0	0	-0	-0	-0	-2.586510975262214e-11	-0	0	success	ew_sym_res	success	399	2.227270702481179e-07	2.428410459649532e-07	0.000125549278091651	-272981339138.6558	nan	nan	nan	nan	nan	nan	nan	nan	nan	nan	nan	nan	nan	nan	nan	7.375
223615	125.09	11.84	23.51	352.8	0.04816	0.6578	0.0026685381489905667	0.04643818911212724	-1048.056352582376	-0.01059640467576745	-1.689182342358123	1.635581538183036e-05	48.72893768852161	0	-2.648356181379056e-05	0	0	-0	-0	-0	-2.586510975262214e-11	-0	0	success	ew_sym_res	success	400	2.227270702481179e-07	2.428410459649532e-07	0.000125549278091651	-275727841198.2256	nan	nan	nan	nan	nan	nan	nan	nan	nan	nan	nan	nan	nan	nan	nan	7.375
223615	125.09	11.84	23.51	352.8	0.04816	0.6578	0.0026685381489905667	0.04643818911212724	-1048.056352582376	-0.01059640467576745	-1.689182342358123	1.635581538183036e-05	48.72893768852161	0	-2.648356181379056e-05	0	0	-0	-0	-0	-2.586510975262214e-11	-0	0	success	ew_sym_res	success	401	2.227270702481179e-07	2.428410459649532e-07	0.000125549278091651	-278495017302.2715	nan	nan	nan	nan	nan	nan	nan	nan	nan	nan	nan	nan	nan	nan	nan	7.375
223615	125.09	11.84	23.51	352.8	0.04816	0.6578	0.0026685381489905667	0.04643818911212724	-1048.056352582376	-0.01059640467576745	-1.689182342358123	1.635581538183036e-05	48.72893768852161	0	-2.648356181379056e-05	0	0	-0	-0	-0	-2.586510975262214e-11	-0	0	success	ew_sym_res	success	402	2.227270702481179e-07	2.428410459649532e-07	0.000125549278091651	-281282970944.6928	nan	nan	nan	nan	nan	nan	nan	nan	nan	nan	nan	nan	nan	nan	nan	7.375
223615	125.09	11.84	23.51	352.8	0.04816	0.6578	0.0026685381489905667	0.04643818911212724	-1048.056352582376	-0.01059640467576745	-1.689182342358123	1.635581538183036e-05	48.72893768852161	0	-2.648356181379056e-05	0	0	-0	-0	-0	-2.586510975262214e-11	-0	0	success	ew_sym_res	success	403	2.227270702481179e-07	2.428410459649532e-07	0.000125549278091651	-284091805877.8018	nan	nan	nan	nan	nan	nan	nan	nan	nan	nan	nan	nan	nan	nan	nan	7.375
223615	125.09	11.84	23.51	352.8	0.04816	0.6578	0.0026685381489905667	0.04643818911212724	-1048.056352582376	-0.01059640467576745	-1.689182342358123	1.635581538183036e-05	48.72893768852161	0	-2.648356181379056e-05	0	0	-0	-0	-0	-2.586510975262214e-11	-0	0	success	ew_sym_res	success	404	2.227270702481179e-07	2.428410459649532e-07	0.000125549278091651	-286921626112.3221	nan	nan	nan	nan	nan	nan	nan	nan	nan	nan	nan	nan	nan	nan	nan	7.375
223615	125.09	11.84	23.51	352.8	0.04816	0.6578	0.0026685381489905667	0.04643818911212724	-1048.056352582376	-0.01059640467576745	-1.689182342358123	1.635581538183036e-05	48.72893768852161	0	-2.648356181379056e-05	0	0	-0	-0	-0	-2.586510975262214e-11	-0	0	success	ew_sym_res	success	405	2.227270702481179e-07	2.428410459649532e-07	0.000125549278091651	-289772535917.3907	nan	nan	nan	nan	nan	nan	nan	nan	nan	nan	nan	nan	nan	nan	nan	7.375
223615	125.09	11.84	23.51	352.8	0.04816	0.6578	0.0026685381489905667	0.04643818911212724	-1048.056352582376	-0.01059640467576745	-1.689182342358123	1.635581538183036e-05	48.72893768852161	0	-2.648356181379056e-05	0	0	-0	-0	-0	-2.586510975262214e-11	-0	0	success	ew_sym_res	success	406	2.227270702481179e-07	2.428410459649532e-07	0.000125549278091651	-292644639820.5562	nan	nan	nan	nan	nan	nan	nan	nan	nan	nan	nan	nan	nan	nan	nan	7.375
223615	125.09	11.84	23.51	352.8	0.04816	0.6578	0.0026685381489905667	0.04643818911212724	-1048.056352582376	-0.01059640467576745	-1.689182342358123	1.635581538183036e-05	48.72893768852161	0	-2.648356181379056e-05	0	0	-0	-0	-0	-2.586510975262214e-11	-0	0	success	ew_sym_res	success	407	2.227270702481179e-07	2.428410459649532e-07	0.000125549278091651	-295538042607.7796	nan	nan	nan	nan	nan	nan	nan	nan	nan	nan	nan	nan	nan	nan	nan	7.375
223615	125.09	11.84	23.51	352.8	0.04816	0.6578	0.0026685381489905667	0.04643818911212724	-1048.056352582376	-0.01059640467576745	-1.689182342358123	1.635581538183036e-05	48.72893768852161	0	-2.648356181379056e-05	0	0	-0	-0	-0	-2.586510975262214e-11	-0	0	success	ew_sym_res	success	408	2.227270702481179e-07	2.428410459649532e-07	0.000125549278091651	-298452849323.4344	nan	nan	nan	nan	nan	nan	nan	nan	nan	nan	nan	nan	nan	nan	nan	7.375
223615	125.09	11.84	23.51	352.8	0.04816	0.6578	0.0026685381489905667	0.04643818911212724	-1048.056352582376	-0.01059640467576745	-1.689182342358123	1.635581538183036e-05	48.72893768852161	0	-2.648356181379056e-05	0	0	-0	-0	-0	-2.586510975262214e-11	-0	0	success	ew_sym_res	success	409	2.227270702481179e-07	2.428410459649532e-07	0.000125549278091651	-301389165270.306	nan	nan	nan	nan	nan	nan	nan	nan	nan	nan	nan	nan	nan	nan	nan	7.375
223615	125.09	11.84	23.51	352.8	0.04816	0.6578	0.0026685381489905667	0.04643818911212724	-1048.056352582376	-0.01059640467576745	-1.689182342358123	1.635581538183036e-05	48.72893768852161	0	-2.648356181379056e-05	0	0	-0	-0	-0	-2.586510975262214e-11	-0	0	success	ew_sym_res	success	410	2.227270702481179e-07	2.428410459649532e-07	0.000125549278091651	-304347096009.5924	nan	nan	nan	nan	nan	nan	nan	nan	nan	nan	nan	nan	nan	nan	nan	7.375
223615	125.09	11.84	23.51	352.8	0.04816	0.6578	0.0026685381489905667	0.04643818911212724	-1048.056352582376	-0.01059640467576745	-1.689182342358123	1.635581538183036e-05	48.72893768852161	0	-2.648356181379056e-05	0	0	-0	-0	-0	-2.586510975262214e-11	-0	0	success	ew_sym_res	success	411	2.227270702481179e-07	2.428410459649532e-07	0.000125549278091651	-307326747360.9032	nan	nan	nan	nan	nan	nan	nan	nan	nan	nan	nan	nan	nan	nan	nan	7.375
223615	125.09	11.84	23.51	352.8	0.04816	0.6578	0.0026685381489905667	0.04643818911212724	-1048.056352582376	-0.01059640467576745	-1.689182342358123	1.635581538183036e-05	48.72893768852161	0	-2.648356181379056e-05	0	0	-0	-0	-0	-2.586510975262214e-11	-0	0	success	ew_sym_res	success	412	2.227270702481179e-07	2.428410459649532e-07	0.000125549278091651	-310328225402.261	nan	nan	nan	nan	nan	nan	nan	nan	nan	nan	nan	nan	nan	nan	nan	7.375
223615	125.09	11.84	23.51	352.8	0.04816	0.6578	0.0026685381489905667	0.04643818911212724	-1048.056352582376	-0.01059640467576745	-1.689182342358123	1.635581538183036e-05	48.72893768852161	0	-2.648356181379056e-05	0	0	-0	-0	-0	-2.586510975262214e-11	-0	0	success	ew_sym_res	success	413	2.227270702481179e-07	2.428410459649532e-07	0.000125549278091651	-313351636470.1005	nan	nan	nan	nan	nan	nan	nan	nan	nan	nan	nan	nan	nan	nan	nan	7.375
223615	125.09	11.84	23.51	352.8	0.04816	0.6578	0.0026685381489905667	0.04643818911212724	-1048.056352582376	-0.01059640467576745	-1.689182342358123	1.635581538183036e-05	48.72893768852161	0	-2.648356181379056e-05	0	0	-0	-0	-0	-2.586510975262214e-11	-0	0	success	ew_sym_res	success	414	2.227270702481179e-07	2.428410459649532e-07	0.000125549278091651	-316397087159.2686	nan	nan	nan	nan	nan	nan	nan	nan	nan	nan	nan	nan	nan	nan	nan	7.375
223615	125.09	11.84	23.51	352.8	0.04816	0.6578	0.0026685381489905667	0.04643818911212724	-1048.056352582376	-0.01059640467576745	-1.689182342358123	1.635581538183036e-05	48.72893768852161	0	-2.648356181379056e-05	0	0	-0	-0	-0	-2.586510975262214e-11	-0	0	success	ew_sym_res	success	415	2.227270702481179e-07	2.428410459649532e-07	0.000125549278091651	-319464684323.0233	nan	nan	nan	nan	nan	nan	nan	nan	nan	nan	nan	nan	nan	nan	nan	7.375
223615	125.09	11.84	23.51	352.8	0.04816	0.6578	0.0026685381489905667	0.04643818911212724	-1048.056352582376	-0.01059640467576745	-1.689182342358123	1.635581538183036e-05	48.72893768852161	0	-2.648356181379056e-05	0	0	-0	-0	-0	-2.586510975262214e-11	-0	0	success	ew_sym_res	success	416	2.227270702481179e-07	2.428410459649532e-07	0.000125549278091651	-322554535073.0366	nan	nan	nan	nan	nan	nan	nan	nan	nan	nan	nan	nan	nan	nan	nan	7.375
223615	125.09	11.84	23.51	352.8	0.04816	0.6578	0.0026685381489905667	0.04643818911212724	-1048.056352582376	-0.01059640467576745	-1.689182342358123	1.635581538183036e-05	48.72893768852161	0	-2.648356181379056e-05	0	0	-0	-0	-0	-2.586510975262214e-11	-0	0	success	ew_sym_res	success	417	2.227270702481179e-07	2.428410459649532e-07	0.000125549278091651	-325666746779.392	nan	nan	nan	nan	nan	nan	nan	nan	nan	nan	nan	nan	nan	nan	nan	7.375
223615	125.09	11.84	23.51	352.8	0.04816	0.6578	0.0026685381489905667	0.04643818911212724	-1048.056352582376	-0.01059640467576745	-1.689182342358123	1.635581538183036e-05	48.72893768852161	0	-2.648356181379056e-05	0	0	-0	-0	-0	-2.586510975262214e-11	-0	0	success	ew_sym_res	success	418	2.227270702481179e-07	2.428410459649532e-07	0.000125549278091651	-328801427070.5848	nan	nan	nan	nan	nan	nan	nan	nan	nan	nan	nan	nan	nan	nan	nan	7.375
223615	125.09	11.84	23.51	352.8	0.04816	0.6578	0.0026685381489905667	0.04643818911212724	-1048.056352582376	-0.01059640467576745	-1.689182342358123	1.635581538183036e-05	48.72893768852161	0	-2.648356181379056e-05	0	0	-0	-0	-0	-2.586510975262214e-11	-0	0	success	ew_sym_res	success	419	2.227270702481179e-07	2.428410459649532e-07	0.000125549278091651	-331958683833.5223	nan	nan	nan	nan	nan	nan	nan	nan	nan	nan	nan	nan	nan	nan	nan	7.375
223615	125.09	11.84	23.51	352.8	0.04816	0.6578	0.0026685381489905667	0.04643818911212724	-1048.056352582376	-0.01059640467576745	-1.689182342358123	1.635581538183036e-05	48.72893768852161	0	-2.648356181379056e-05	0	0	-0	-0	-0	-2.586510975262214e-11	-0	0	success	ew_sym_res	success	420	2.227270702481179e-07	2.428410459649532e-07	0.000125549278091651	-335138625213.5251	nan	nan	nan	nan	nan	nan	nan	nan	nan	nan	nan	nan	nan	nan	nan	7.375
223615	125.09	11.84	23.51	352.8	0.04816	0.6578	0.0026685381489905667	0.04643818911212724	-1048.056352582376	-0.01059640467576745	-1.689182342358123	1.635581538183036e-05	48.72893768852161	0	-2.648356181379056e-05	0	0	-0	-0	-0	-2.586510975262214e-11	-0	0	success	ew_sym_res	success	421	2.227270702481179e-07	2.428410459649532e-07	0.000125549278091651	-338341359614.3251	nan	nan	nan	nan	nan	nan	nan	nan	nan	nan	nan	nan	nan	nan	nan	7.375
223615	125.09	11.84	23.51	352.8	0.04816	0.6578	0.0026685381489905667	0.04643818911212724	-1048.056352582376	-0.01059640467576745	-1.689182342358123	1.635581538183036e-05	48.72893768852161	0	-2.648356181379056e-05	0	0	-0	-0	-0	-2.586510975262214e-11	-0	0	success	ew_sym_res	success	422	2.227270702481179e-07	2.428410459649532e-07	0.000125549278091651	-341566995698.067	nan	nan	nan	nan	nan	nan	nan	nan	nan	nan	nan	nan	nan	nan	nan	7.375
223615	125.09	11.84	23.51	352.8	0.04816	0.6578	0.0026685381489905667	0.04643818911212724	-1048.056352582376	-0.01059640467576745	-1.689182342358123	1.635581538183036e-05	48.72893768852161	0	-2.648356181379056e-05	0	0	-0	-0	-0	-2.586510975262214e-11	-0	0	success	ew_sym_res	success	423	2.227270702481179e-07	2.428410459649532e-07	0.000125549278091651	-344815642385.3067	nan	nan	nan	nan	nan	nan	nan	nan	nan	nan	nan	nan	nan	nan	nan	7.375
223615	125.09	11.84	23.51	352.8	0.04816	0.6578	0.0026685381489905667	0.04643818911212724	-1048.056352582376	-0.01059640467576745	-1.689182342358123	1.635581538183036e-05	48.72893768852161	0	-2.648356181379056e-05	0	0	-0	-0	-0	-2.586510975262214e-11	-0	0	success	ew_sym_res	success	424	2.227270702481179e-07	2.428410459649532e-07	0.000125549278091651	-348087408855.0134	nan	nan	nan	nan	nan	nan	nan	nan	nan	nan	nan	nan	nan	nan	nan	7.375
223615	125.09	11.84	23.51	352.8	0.04816	0.6578	0.0026685381489905667	0.04643818911212724	-1048.056352582376	-0.01059640467576745	-1.689182342358123	1.635581538183036e-05	48.72893768852161	0	-2.648356181379056e-05	0	0	-0	-0	-0	-2.586510975262214e-11	-0	0	success	ew_sym_res	success	425	2.227270702481179e-07	2.428410459649532e-07	0.000125549278091651	-351382404544.5668	nan	nan	nan	nan	nan	nan	nan	nan	nan	nan	nan	nan	nan	nan	nan	7.375
223615	125.09	11.84	23.51	352.8	0.04816	0.6578	0.0026685381489905667	0.04643818911212724	-1048.056352582376	-0.01059640467576745	-1.689182342358123	1.635581538183036e-05	48.72893768852161	0	-2.648356181379056e-05	0	0	-0	-0	-0	-2.586510975262214e-11	-0	0	success	ew_sym_res	success	426	2.227270702481179e-07	2.428410459649532e-07	0.000125549278091651	-354700739149.7617	nan	nan	nan	nan	nan	nan	nan	nan	nan	nan	nan	nan	nan	nan	nan	7.375
223615	125.09	11.84	23.51	352.8	0.04816	0.6578	0.0026685381489905667	0.04643818911212724	-1048.056352582376	-0.01059640467576745	-1.689182342358123	1.635581538183036e-05	48.72893768852161	0	-2.648356181379056e-05	0	0	-0	-0	-0	-2.586510975262214e-11	-0	0	success	ew_sym_res	success	427	2.227270702481179e-07	2.428410459649532e-07	0.000125549278091651	-358042522624.8018	nan	nan	nan	nan	nan	nan	nan	nan	nan	nan	nan	nan	nan	nan	nan	7.375
223615	125.09	11.84	23.51	352.8	0.04816	0.6578	0.0026685381489905667	0.04643818911212724	-1048.056352582376	-0.01059640467576745	-1.689182342358123	1.635581538183036e-05	48.72893768852161	0	-2.648356181379056e-05	0	0	-0	-0	-0	-2.586510975262214e-11	-0	0	success	ew_sym_res	success	428	2.227270702481179e-07	2.428410459649532e-07	0.000125549278091651	-361407865182.3046	nan	nan	nan	nan	nan	nan	nan	nan	nan	nan	nan	nan	nan	nan	nan	7.375
223615	125.09	11.84	23.51	352.8	0.04816	0.6578	0.0026685381489905667	0.04643818911212724	-1048.056352582376	-0.01059640467576745	-1.689182342358123	1.635581538183036e-05	48.72893768852161	0	-2.648356181379056e-05	0	0	-0	-0	-0	-2.586510975262214e-11	-0	0	success	ew_sym_res	success	429	2.227270702481179e-07	2.428410459649532e-07	0.000125549278091651	-364796877293.2998	nan	nan	nan	nan	nan	nan	nan	nan	nan	nan	nan	nan	nan	nan	nan	7.375
223615	125.09	11.84	23.51	352.8	0.04816	0.6578	0.0026685381489905667	0.04643818911212724	-1048.056352582376	-0.01059640467576745	-1.689182342358123	1.635581538183036e-05	48.72893768852161	0	-2.648356181379056e-05	0	0	-0	-0	-0	-2.586510975262214e-11	-0	0	success	ew_sym_res	success	430	2.227270702481179e-07	2.428410459649532e-07	0.000125549278091651	-368209669687.2285	nan	nan	nan	nan	nan	nan	nan	nan	nan	nan	nan	nan	nan	nan	nan	7.375
223615	125.09	11.84	23.51	352.8	0.04816	0.6578	0.0026685381489905667	0.04643818911212724	-1048.056352582376	-0.01059640467576745	-1.689182342358123	1.635581538183036e-05	48.72893768852161	0	-2.648356181379056e-05	0	0	-0	-0	-0	-2.586510975262214e-11	-0	0	success	ew_sym_res	success	431	2.227270702481179e-07	2.428410459649532e-07	0.000125549278091651	-371646353351.9449	nan	nan	nan	nan	nan	nan	nan	nan	nan	nan	nan	nan	nan	nan	nan	7.375
223615	125.09	11.84	23.51	352.8	0.04816	0.6578	0.0026685381489905667	0.04643818911212724	-1048.056352582376	-0.01059640467576745	-1.689182342358123	1.635581538183036e-05	48.72893768852161	0	-2.648356181379056e-05	0	0	-0	-0	-0	-2.586510975262214e-11	-0	0	success	ew_sym_res	success	432	2.227270702481179e-07	2.428410459649532e-07	0.000125549278091651	-375107039533.7148	nan	nan	nan	nan	nan	nan	nan	nan	nan	nan	nan	nan	nan	nan	nan	7.375
223615	125.09	11.84	23.51	352.8	0.04816	0.6578	0.0026685381489905667	0.04643818911212724	-1048.056352582376	-0.01059640467576745	-1.689182342358123	1.635581538183036e-05	48.72893768852161	0	-2.648356181379056e-05	0	0	-0	-0	-0	-2.586510975262214e-11	-0	0	success	ew_sym_res	success	433	2.227270702481179e-07	2.428410459649532e-07	0.000125549278091651	-378591839737.2155	nan	nan	nan	nan	nan	nan	nan	nan	nan	nan	nan	nan	nan	nan	nan	7.375
223615	125.09	11.84	23.51	352.8	0.04816	0.6578	0.0026685381489905667	0.04643818911212724	-1048.056352582376	-0.01059640467576745	-1.689182342358123	1.635581538183036e-05	48.72893768852161	0	-2.648356181379056e-05	0	0	-0	-0	-0	-2.586510975262214e-11	-0	0	success	ew_sym_res	success	434	2.227270702481179e-07	2.428410459649532e-07	0.000125549278091651	-382100865725.5379	nan	nan	nan	nan	nan	nan	nan	nan	nan	nan	nan	nan	nan	nan	nan	7.375
223615	125.09	11.84	23.51	352.8	0.04816	0.6578	0.0026685381489905667	0.04643818911212724	-1048.056352582376	-0.01059640467576745	-1.689182342358123	1.635581538183036e-05	48.72893768852161	0	-2.648356181379056e-05	0	0	-0	-0	-0	-2.586510975262214e-11	-0	0	success	ew_sym_res	success	435	2.227270702481179e-07	2.428410459649532e-07	0.000125549278091651	-385634229520.1831	nan	nan	nan	nan	nan	nan	nan	nan	nan	nan	nan	nan	nan	nan	nan	7.375
223615	125.09	11.84	23.51	352.8	0.04816	0.6578	0.0026685381489905667	0.04643818911212724	-1048.056352582376	-0.01059640467576745	-1.689182342358123	1.635581538183036e-05	48.72893768852161	0	-2.648356181379056e-05	0	0	-0	-0	-0	-2.586510975262214e-11	-0	0	success	ew_sym_res	success	436	2.227270702481179e-07	2.428410459649532e-07	0.000125549278091651	-389192043401.0665	nan	nan	nan	nan	nan	nan	nan	nan	nan	nan	nan	nan	nan	nan	nan	7.375
223615	125.09	11.84	23.51	352.8	0.04816	0.6578	0.0026685381489905667	0.04643818911212724	-1048.056352582376	-0.01059640467576745	-1.689182342358123	1.635581538183036e-05	48.72893768852161	0	-2.648356181379056e-05	0	0	-0	-0	-0	-2.586510975262214e-11	-0	0	success	ew_sym_res	success	437	2.227270702481179e-07	2.428410459649532e-07	0.000125549278091651	-392774419906.5134	nan	nan	nan	nan	nan	nan	nan	nan	nan	nan	nan	nan	nan	nan	nan	7.375
223615	125.09	11.84	23.51	352.8	0.04816	0.6578	0.0026685381489905667	0.04643818911212724	-1048.056352582376	-0.01059640467576745	-1.689182342358123	1.635581538183036e-05	48.72893768852161	0	-2.648356181379056e-05	0	0	-0	-0	-0	-2.586510975262214e-11	-0	0	success	ew_sym_res	success	438	2.227270702481179e-07	2.428410459649532e-07	0.000125549278091651	-396381471833.2629	nan	nan	nan	nan	nan	nan	nan	nan	nan	nan	nan	nan	nan	nan	nan	7.375
223615	125.09	11.84	23.51	352.8	0.04816	0.6578	0.0026685381489905667	0.04643818911212724	-1048.056352582376	-0.01059640467576745	-1.689182342358123	1.635581538183036e-05	48.72893768852161	0	-2.648356181379056e-05	0	0	-0	-0	-0	-2.586510975262214e-11	-0	0	success	ew_sym_res	success	439	2.227270702481179e-07	2.428410459649532e-07	0.000125549278091651	-400013312236.4655	nan	nan	nan	nan	nan	nan	nan	nan	nan	nan	nan	nan	nan	nan	nan	7.375
223615	125.09	11.84	23.51	352.8	0.04816	0.6578	0.0026685381489905667	0.04643818911212724	-1048.056352582376	-0.01059640467576745	-1.689182342358123	1.635581538183036e-05	48.72893768852161	0	-2.648356181379056e-05	0	0	-0	-0	-0	-2.586510975262214e-11	-0	0	success	ew_sym_res	success	440	2.227270702481179e-07	2.428410459649532e-07	0.000125549278091651	-403670054429.6838	nan	nan	nan	nan	nan	nan	nan	nan	nan	nan	nan	nan	nan	nan	nan	7.375
223615	125.09	11.84	23.51	352.8	0.04816	0.6578	0.0026685381489905667	0.04643818911212724	-1048.056352582376	-0.01059640467576745	-1.689182342358123	1.635581538183036e-05	48.72893768852161	0	-2.648356181379056e-05	0	0	-0	-0	-0	-2.586510975262214e-11	-0	0	success	ew_sym_res	success	441	2.227270702481179e-07	2.428410459649532e-07	0.000125549278091651	-407351811984.892	nan	nan	nan	nan	nan	nan	nan	nan	nan	nan	nan	nan	nan	nan	nan	7.375
223615	125.09	11.84	23.51	352.8	0.04816	0.6578	0.0026685381489905667	0.04643818911212724	-1048.056352582376	-0.01059640467576745	-1.689182342358123	1.635581538183036e-05	48.72893768852161	0	-2.648356181379056e-05	0	0	-0	-0	-0	-2.586510975262214e-11	-0	0	success	ew_sym_res	success	442	2.227270702481179e-07	2.428410459649532e-07	0.000125549278091651	-411058698732.4777	nan	nan	nan	nan	nan	nan	nan	nan	nan	nan	nan	nan	nan	nan	nan	7.375
223615	125.09	11.84	23.51	352.8	0.04816	0.6578	0.0026685381489905667	0.04643818911212724	-1048.056352582376	-0.01059640467576745	-1.689182342358123	1.635581538183036e-05	48.72893768852161	0	-2.648356181379056e-05	0	0	-0	-0	-0	-2.586510975262214e-11	-0	0	success	ew_sym_res	success	443	2.227270702481179e-07	2.428410459649532e-07	0.000125549278091651	-414790828761.2394	nan	nan	nan	nan	nan	nan	nan	nan	nan	nan	nan	nan	nan	nan	nan	7.375
223615	125.09	11.84	23.51	352.8	0.04816	0.6578	0.0026685381489905667	0.04643818911212724	-1048.056352582376	-0.01059640467576745	-1.689182342358123	1.635581538183036e-05	48.72893768852161	0	-2.648356181379056e-05	0	0	-0	-0	-0	-2.586510975262214e-11	-0	0	success	ew_sym_res	success	444	2.227270702481179e-07	2.428410459649532e-07	0.000125549278091651	-418548316418.3882	nan	nan	nan	nan	nan	nan	nan	nan	nan	nan	nan	nan	nan	nan	nan	7.375
223615	125.09	11.84	23.51	352.8	0.04816	0.6578	0.0026685381489905667	0.04643818911212724	-1048.056352582376	-0.01059640467576745	-1.689182342358123	1.635581538183036e-05	48.72893768852161	0	-2.648356181379056e-05	0	0	-0	-0	-0	-2.586510975262214e-11	-0	0	success	ew_sym_res	success	445	2.227270702481179e-07	2.428410459649532e-07	0.000125549278091651	-422331276309.5474	nan	nan	nan	nan	nan	nan	nan	nan	nan	nan	nan	nan	nan	nan	nan	7.375
223615	125.09	11.84	23.51	352.8	0.04816	0.6578	0.0026685381489905667	0.04643818911212724	-1048.056352582376	-0.01059640467576745	-1.689182342358123	1.635581538183036e-05	48.72893768852161	0	-2.648356181379056e-05	0	0	-0	-0	-0	-2.586510975262214e-11	-0	0	success	ew_sym_res	success	446	2.227270702481179e-07	2.428410459649532e-07	0.000125549278091651	-426139823298.7515	nan	nan	nan	nan	nan	nan	nan	nan	nan	nan	nan	nan	nan	nan	nan	7.375
223615	125.09	11.84	23.51	352.8	0.04816	0.6578	0.0026685381489905667	0.04643818911212724	-1048.056352582376	-0.01059640467576745	-1.689182342358123	1.635581538183036e-05	48.72893768852161	0	-2.648356181379056e-05	0	0	-0	-0	-0	-2.586510975262214e-11	-0	0	success	ew_sym_res	success	447	2.227270702481179e-07	2.428410459649532e-07	0.000125549278091651	-429974072508.4476	nan	nan	nan	nan	nan	nan	nan	nan	nan	nan	nan	nan	nan	nan	nan	7.375
223615	125.09	11.84	23.51	352.8	0.04816	0.6578	0.0026685381489905667	0.04643818911212724	-1048.056352582376	-0.01059640467576745	-1.689182342358123	1.635581538183036e-05	48.72893768852161	0	-2.648356181379056e-05	0	0	-0	-0	-0	-2.586510975262214e-11	-0	0	success	ew_sym_res	success	448	2.227270702481179e-07	2.428410459649532e-07	0.000125549278091651	-433834139319.4956	nan	nan	nan	nan	nan	nan	nan	nan	nan	nan	nan	nan	nan	nan	nan	7.375
223615	125.09	11.84	23.51	352.8	0.04816	0.6578	0.0026685381489905667	0.04643818911212724	-1048.056352582376	-0.01059640467576745	-1.689182342358123	1.635581538183036e-05	48.72893768852161	0	-2.648356181379056e-05	0	0	-0	-0	-0	-2.586510975262214e-11	-0	0	success	ew_sym_res	success	449	2.227270702481179e-07	2.428410459649532e-07	0.000125549278091651	-437720139371.1669	nan	nan	nan	nan	nan	nan	nan	nan	nan	nan	nan	nan	nan	nan	nan	7.375
223615	125.09	11.84	23.51	352.8	0.04816	0.6578	0.0026685381489905667	0.04643818911212724	-1048.056352582376	-0.01059640467576745	-1.689182342358123	1.635581538183036e-05	48.72893768852161	0	-2.648356181379056e-05	0	0	-0	-0	-0	-2.586510975262214e-11	-0	0	success	ew_sym_res	success	450	2.227270702481179e-07	2.428410459649532e-07	0.000125549278091651	-441632188561.1438	nan	nan	nan	nan	nan	nan	nan	nan	nan	nan	nan	nan	nan	nan	nan	7.375
223615	125.09	11.84	23.51	352.8	0.04816	0.6578	0.0026685381489905667	0.04643818911212724	-1048.056352582376	-0.01059640467576745	-1.689182342358123	1.635581538183036e-05	48.72893768852161	0	-2.648356181379056e-05	0	0	-0	-0	-0	-2.586510975262214e-11	-0	0	success	ew_sym_res	success	451	2.227270702481179e-07	2.428410459649532e-07	0.000125549278091651	-445570403045.5232	nan	nan	nan	nan	nan	nan	nan	nan	nan	nan	nan	nan	nan	nan	nan	7.375
223615	125.09	11.84	23.51	352.8	0.04816	0.6578	0.0026685381489905667	0.04643818911212724	-1048.056352582376	-0.01059640467576745	-1.689182342358123	1.635581538183036e-05	48.72893768852161	0	-2.648356181379056e-05	0	0	-0	-0	-0	-2.586510975262214e-11	-0	0	success	ew_sym_res	success	452	2.227270702481179e-07	2.428410459649532e-07	0.000125549278091651	-449534899238.8113	nan	nan	nan	nan	nan	nan	nan	nan	nan	nan	nan	nan	nan	nan	nan	7.375
223615	125.09	11.84	23.51	352.8	0.04816	0.6578	0.0026685381489905667	0.04643818911212724	-1048.056352582376	-0.01059640467576745	-1.689182342358123	1.635581538183036e-05	48.72893768852161	0	-2.648356181379056e-05	0	0	-0	-0	-0	-2.586510975262214e-11	-0	0	success	ew_sym_res	success	453	2.227270702481179e-07	2.428410459649532e-07	0.000125549278091651	-453525793813.9282	nan	nan	nan	nan	nan	nan	nan	nan	nan	nan	nan	nan	nan	nan	nan	7.375
223615	125.09	11.84	23.51	352.8	0.04816	0.6578	0.0026685381489905667	0.04643818911212724	-1048.056352582376	-0.01059640467576745	-1.689182342358123	1.635581538183036e-05	48.72893768852161	0	-2.648356181379056e-05	0	0	-0	-0	-0	-2.586510975262214e-11	-0	0	success	ew_sym_res	success	454	2.227270702481179e-07	2.428410459649532e-07	0.000125549278091651	-457543203702.2052	nan	nan	nan	nan	nan	nan	nan	nan	nan	nan	nan	nan	nan	nan	nan	7.375
223615	125.09	11.84	23.51	352.8	0.04816	0.6578	0.0026685381489905667	0.04643818911212724	-1048.056352582376	-0.01059640467576745	-1.689182342358123	1.635581538183036e-05	48.72893768852161	0	-2.648356181379056e-05	0	0	-0	-0	-0	-2.586510975262214e-11	-0	0	success	ew_sym_res	success	454.5454545454545	2.227270702481179e-07	2.428410459649532e-07	0.000125549278091651	-459745735962.0937	nan	nan	nan	nan	nan	nan	nan	nan	nan	nan	nan	nan	nan	nan	nan	7.375
223615	125.09	11.84	23.51	352.8	0.04816	0.6578	0.0026685381489905667	0.04643818911212724	-1048.056352582376	-0.01059640467576745	-1.689182342358123	1.635581538183036e-05	48.72893768852161	0	-2.648356181379056e-05	0	0	-0	-0	-0	-2.586510975262214e-11	-0	0	success	ew_sym_res	success	455	2.227270702481179e-07	2.428410459649532e-07	0.000125549278091651	-461587246093.3856	nan	nan	nan	nan	nan	nan	nan	nan	nan	nan	nan	nan	nan	nan	nan	7.375
223615	125.09	11.84	23.51	352.8	0.04816	0.6578	0.0026685381489905667	0.04643818911212724	-1048.056352582376	-0.01059640467576745	-1.689182342358123	1.635581538183036e-05	48.72893768852161	0	-2.648356181379056e-05	0	0	-0	-0	-0	-2.586510975262214e-11	-0	0	success	ew_sym_res	success	456	2.227270702481179e-07	2.428410459649532e-07	0.000125549278091651	-465658038435.6259	nan	nan	nan	nan	nan	nan	nan	nan	nan	nan	nan	nan	nan	nan	nan	7.375
223615	125.09	11.84	23.51	352.8	0.04816	0.6578	0.0026685381489905667	0.04643818911212724	-1048.056352582376	-0.01059640467576745	-1.689182342358123	1.635581538183036e-05	48.72893768852161	0	-2.648356181379056e-05	0	0	-0	-0	-0	-2.586510975262214e-11	-0	0	success	ew_sym_res	success	457	2.227270702481179e-07	2.428410459649532e-07	0.000125549278091651	-469755698435.4932	nan	nan	nan	nan	nan	nan	nan	nan	nan	nan	nan	nan	nan	nan	nan	7.375
223615	125.09	11.84	23.51	352.8	0.04816	0.6578	0.0026685381489905667	0.04643818911212724	-1048.056352582376	-0.01059640467576745	-1.689182342358123	1.635581538183036e-05	48.72893768852161	0	-2.648356181379056e-05	0	0	-0	-0	-0	-2.586510975262214e-11	-0	0	success	ew_sym_res	success	458	2.227270702481179e-07	2.428410459649532e-07	0.000125549278091651	-473880344057.967	nan	nan	nan	nan	nan	nan	nan	nan	nan	nan	nan	nan	nan	nan	nan	7.375
223615	125.09	11.84	23.51	352.8	0.04816	0.6578	0.0026685381489905667	0.04643818911212724	-1048.056352582376	-0.01059640467576745	-1.689182342358123	1.635581538183036e-05	48.72893768852161	0	-2.648356181379056e-05	0	0	-0	-0	-0	-2.586510975262214e-11	-0	0	success	ew_sym_res	success	459	2.227270702481179e-07	2.428410459649532e-07	0.000125549278091651	-478032093526.4396	nan	nan	nan	nan	nan	nan	nan	nan	nan	nan	nan	nan	nan	nan	nan	7.375
223615	125.09	11.84	23.51	352.8	0.04816	0.6578	0.0026685381489905667	0.04643818911212724	-1048.056352582376	-0.01059640467576745	-1.689182342358123	1.635581538183036e-05	48.72893768852161	0	-2.648356181379056e-05	0	0	-0	-0	-0	-2.586510975262214e-11	-0	0	success	ew_sym_res	success	460	2.227270702481179e-07	2.428410459649532e-07	0.000125549278091651	-482211065322.7142	nan	nan	nan	nan	nan	nan	nan	nan	nan	nan	nan	nan	nan	nan	nan	7.375
223615	125.09	11.84	23.51	352.8	0.04816	0.6578	0.0026685381489905667	0.04643818911212724	-1048.056352582376	-0.01059640467576745	-1.689182342358123	1.635581538183036e-05	48.72893768852161	0	-2.648356181379056e-05	0	0	-0	-0	-0	-2.586510975262214e-11	-0	0	success	ew_sym_res	success	461	2.227270702481179e-07	2.428410459649532e-07	0.000125549278091651	-486417378187.007	nan	nan	nan	nan	nan	nan	nan	nan	nan	nan	nan	nan	nan	nan	nan	7.375
223615	125.09	11.84	23.51	352.8	0.04816	0.6578	0.0026685381489905667	0.04643818911212724	-1048.056352582376	-0.01059640467576745	-1.689182342358123	1.635581538183036e-05	48.72893768852161	0	-2.648356181379056e-05	0	0	-0	-0	-0	-2.586510975262214e-11	-0	0	success	ew_sym_res	success	462	2.227270702481179e-07	2.428410459649532e-07	0.000125549278091651	-490651151117.9451	nan	nan	nan	nan	nan	nan	nan	nan	nan	nan	nan	nan	nan	nan	nan	7.375
223615	125.09	11.84	23.51	352.8	0.04816	0.6578	0.0026685381489905667	0.04643818911212724	-1048.056352582376	-0.01059640467576745	-1.689182342358123	1.635581538183036e-05	48.72893768852161	0	-2.648356181379056e-05	0	0	-0	-0	-0	-2.586510975262214e-11	-0	0	success	ew_sym_res	success	463	2.227270702481179e-07	2.428410459649532e-07	0.000125549278091651	-494912503372.5687	nan	nan	nan	nan	nan	nan	nan	nan	nan	nan	nan	nan	nan	nan	nan	7.375
223615	125.09	11.84	23.51	352.8	0.04816	0.6578	0.0026685381489905667	0.04643818911212724	-1048.056352582376	-0.01059640467576745	-1.689182342358123	1.635581538183036e-05	48.72893768852161	0	-2.648356181379056e-05	0	0	-0	-0	-0	-2.586510975262214e-11	-0	0	success	ew_sym_res	success	464	2.227270702481179e-07	2.428410459649532e-07	0.000125549278091651	-499201554466.3298	nan	nan	nan	nan	nan	nan	nan	nan	nan	nan	nan	nan	nan	nan	nan	7.375
223615	125.09	11.84	23.51	352.8	0.04816	0.6578	0.0026685381489905667	0.04643818911212724	-1048.056352582376	-0.01059640467576745	-1.689182342358123	1.635581538183036e-05	48.72893768852161	0	-2.648356181379056e-05	0	0	-0	-0	-0	-2.586510975262214e-11	-0	0	success	ew_sym_res	success	465	2.227270702481179e-07	2.428410459649532e-07	0.000125549278091651	-503518424173.0924	nan	nan	nan	nan	nan	nan	nan	nan	nan	nan	nan	nan	nan	nan	nan	7.375
223615	125.09	11.84	23.51	352.8	0.04816	0.6578	0.0026685381489905667	0.04643818911212724	-1048.056352582376	-0.01059640467576745	-1.689182342358123	1.635581538183036e-05	48.72893768852161	0	-2.648356181379056e-05	0	0	-0	-0	-0	-2.586510975262214e-11	-0	0	success	ew_sym_res	success	466	2.227270702481179e-07	2.428410459649532e-07	0.000125549278091651	-507863232525.1317	nan	nan	nan	nan	nan	nan	nan	nan	nan	nan	nan	nan	nan	nan	nan	7.375
223615	125.09	11.84	23.51	352.8	0.04816	0.6578	0.0026685381489905667	0.04643818911212724	-1048.056352582376	-0.01059640467576745	-1.689182342358123	1.635581538183036e-05	48.72893768852161	0	-2.648356181379056e-05	0	0	-0	-0	-0	-2.586510975262214e-11	-0	0	success	ew_sym_res	success	467	2.227270702481179e-07	2.428410459649532e-07	0.000125549278091651	-512236099813.1354	nan	nan	nan	nan	nan	nan	nan	nan	nan	nan	nan	nan	nan	nan	nan	7.375
223615	125.09	11.84	23.51	352.8	0.04816	0.6578	0.0026685381489905667	0.04643818911212724	-1048.056352582376	-0.01059640467576745	-1.689182342358123	1.635581538183036e-05	48.72893768852161	0	-2.648356181379056e-05	0	0	-0	-0	-0	-2.586510975262214e-11	-0	0	success	ew_sym_res	success	468	2.227270702481179e-07	2.428410459649532e-07	0.000125549278091651	-516637146586.2041	nan	nan	nan	nan	nan	nan	nan	nan	nan	nan	nan	nan	nan	nan	nan	7.375
223615	125.09	11.84	23.51	352.8	0.04816	0.6578	0.0026685381489905667	0.04643818911212724	-1048.056352582376	-0.01059640467576745	-1.689182342358123	1.635581538183036e-05	48.72893768852161	0	-2.648356181379056e-05	0	0	-0	-0	-0	-2.586510975262214e-11	-0	0	success	ew_sym_res	success	469	2.227270702481179e-07	2.428410459649532e-07	0.000125549278091651	-521066493651.849	nan	nan	nan	nan	nan	nan	nan	nan	nan	nan	nan	nan	nan	nan	nan	7.375
223615	125.09	11.84	23.51	352.8	0.04816	0.6578	0.0026685381489905667	0.04643818911212724	-1048.056352582376	-0.01059640467576745	-1.689182342358123	1.635581538183036e-05	48.72893768852161	0	-2.648356181379056e-05	0	0	-0	-0	-0	-2.586510975262214e-11	-0	0	success	ew_sym_res	success	470	2.227270702481179e-07	2.428410459649532e-07	0.000125549278091651	-525524262075.9944	nan	nan	nan	nan	nan	nan	nan	nan	nan	nan	nan	nan	nan	nan	nan	7.375
223615	125.09	11.84	23.51	352.8	0.04816	0.6578	0.0026685381489905667	0.04643818911212724	-1048.056352582376	-0.01059640467576745	-1.689182342358123	1.635581538183036e-05	48.72893768852161	0	-2.648356181379056e-05	0	0	-0	-0	-0	-2.586510975262214e-11	-0	0	success	ew_sym_res	success	471	2.227270702481179e-07	2.428410459649532e-07	0.000125549278091651	-530010573182.9757	nan	nan	nan	nan	nan	nan	nan	nan	nan	nan	nan	nan	nan	nan	nan	7.375
223615	125.09	11.84	23.51	352.8	0.04816	0.6578	0.0026685381489905667	0.04643818911212724	-1048.056352582376	-0.01059640467576745	-1.689182342358123	1.635581538183036e-05	48.72893768852161	0	-2.648356181379056e-05	0	0	-0	-0	-0	-2.586510975262214e-11	-0	0	success	ew_sym_res	success	472	2.227270702481179e-07	2.428410459649532e-07	0.000125549278091651	-534525548555.5412	nan	nan	nan	nan	nan	nan	nan	nan	nan	nan	nan	nan	nan	nan	nan	7.375
223615	125.09	11.84	23.51	352.8	0.04816	0.6578	0.0026685381489905667	0.04643818911212724	-1048.056352582376	-0.01059640467576745	-1.689182342358123	1.635581538183036e-05	48.72893768852161	0	-2.648356181379056e-05	0	0	-0	-0	-0	-2.586510975262214e-11	-0	0	success	ew_sym_res	success	473	2.227270702481179e-07	2.428410459649532e-07	0.000125549278091651	-539069310034.8503	nan	nan	nan	nan	nan	nan	nan	nan	nan	nan	nan	nan	nan	nan	nan	7.375
223615	125.09	11.84	23.51	352.8	0.04816	0.6578	0.0026685381489905667	0.04643818911212724	-1048.056352582376	-0.01059640467576745	-1.689182342358123	1.635581538183036e-05	48.72893768852161	0	-2.648356181379056e-05	0	0	-0	-0	-0	-2.586510975262214e-11	-0	0	success	ew_sym_res	success	474	2.227270702481179e-07	2.428410459649532e-07	0.000125549278091651	-543641979720.475	nan	nan	nan	nan	nan	nan	nan	nan	nan	nan	nan	nan	nan	nan	nan	7.376
223615	125.09	11.84	23.51	352.8	0.04816	0.6578	0.0026685381489905667	0.04643818911212724	-1048.056352582376	-0.01059640467576745	-1.689182342358123	1.635581538183036e-05	48.72893768852161	0	-2.648356181379056e-05	0	0	-0	-0	-0	-2.586510975262214e-11	-0	0	success	ew_sym_res	success	475	2.227270702481179e-07	2.428410459649532e-07	0.000125549278091651	-548243679970.399	nan	nan	nan	nan	nan	nan	nan	nan	nan	nan	nan	nan	nan	nan	nan	7.376
223615	125.09	11.84	23.51	352.8	0.04816	0.6578	0.0026685381489905667	0.04643818911212724	-1048.056352582376	-0.01059640467576745	-1.689182342358123	1.635581538183036e-05	48.72893768852161	0	-2.648356181379056e-05	0	0	-0	-0	-0	-2.586510975262214e-11	-0	0	success	ew_sym_res	success	476	2.227270702481179e-07	2.428410459649532e-07	0.000125549278091651	-552874533401.0181	nan	nan	nan	nan	nan	nan	nan	nan	nan	nan	nan	nan	nan	nan	nan	7.376
223615	125.09	11.84	23.51	352.8	0.04816	0.6578	0.0026685381489905667	0.04643818911212724	-1048.056352582376	-0.01059640467576745	-1.689182342358123	1.635581538183036e-05	48.72893768852161	0	-2.648356181379056e-05	0	0	-0	-0	-0	-2.586510975262214e-11	-0	0	success	ew_sym_res	success	477	2.227270702481179e-07	2.428410459649532e-07	0.000125549278091651	-557534662887.1405	nan	nan	nan	nan	nan	nan	nan	nan	nan	nan	nan	nan	nan	nan	nan	7.376
223615	125.09	11.84	23.51	352.8	0.04816	0.6578	0.0026685381489905667	0.04643818911212724	-1048.056352582376	-0.01059640467576745	-1.689182342358123	1.635581538183036e-05	48.72893768852161	0	-2.648356181379056e-05	0	0	-0	-0	-0	-2.586510975262214e-11	-0	0	success	ew_sym_res	success	478	2.227270702481179e-07	2.428410459649532e-07	0.000125549278091651	-562224191561.9852	nan	nan	nan	nan	nan	nan	nan	nan	nan	nan	nan	nan	nan	nan	nan	7.376
223615	125.09	11.84	23.51	352.8	0.04816	0.6578	0.0026685381489905667	0.04643818911212724	-1048.056352582376	-0.01059640467576745	-1.689182342358123	1.635581538183036e-05	48.72893768852161	0	-2.648356181379056e-05	0	0	-0	-0	-0	-2.586510975262214e-11	-0	0	success	ew_sym_res	success	479	2.227270702481179e-07	2.428410459649532e-07	0.000125549278091651	-566943242817.1842	nan	nan	nan	nan	nan	nan	nan	nan	nan	nan	nan	nan	nan	nan	nan	7.376
223615	125.09	11.84	23.51	352.8	0.04816	0.6578	0.0026685381489905667	0.04643818911212724	-1048.056352582376	-0.01059640467576745	-1.689182342358123	1.635581538183036e-05	48.72893768852161	0	-2.648356181379056e-05	0	0	-0	-0	-0	-2.586510975262214e-11	-0	0	success	ew_sym_res	success	480	2.227270702481179e-07	2.428410459649532e-07	0.000125549278091651	-571691940302.7811	nan	nan	nan	nan	nan	nan	nan	nan	nan	nan	nan	nan	nan	nan	nan	7.376
223615	125.09	11.84	23.51	352.8	0.04816	0.6578	0.0026685381489905667	0.04643818911212724	-1048.056352582376	-0.01059640467576745	-1.689182342358123	1.635581538183036e-05	48.72893768852161	0	-2.648356181379056e-05	0	0	-0	-0	-0	-2.586510975262214e-11	-0	0	success	ew_sym_res	success	481	2.227270702481179e-07	2.428410459649532e-07	0.000125549278091651	-576470407927.2319	nan	nan	nan	nan	nan	nan	nan	nan	nan	nan	nan	nan	nan	nan	nan	7.376
223615	125.09	11.84	23.51	352.8	0.04816	0.6578	0.0026685381489905667	0.04643818911212724	-1048.056352582376	-0.01059640467576745	-1.689182342358123	1.635581538183036e-05	48.72893768852161	0	-2.648356181379056e-05	0	0	-0	-0	-0	-2.586510975262214e-11	-0	0	success	ew_sym_res	success	482	2.227270702481179e-07	2.428410459649532e-07	0.000125549278091651	-581278769857.4038	nan	nan	nan	nan	nan	nan	nan	nan	nan	nan	nan	nan	nan	nan	nan	7.376
223615	125.09	11.84	23.51	352.8	0.04816	0.6578	0.0026685381489905667	0.04643818911212724	-1048.056352582376	-0.01059640467576745	-1.689182342358123	1.635581538183036e-05	48.72893768852161	0	-2.648356181379056e-05	0	0	-0	-0	-0	-2.586510975262214e-11	-0	0	success	ew_sym_res	success	483	2.227270702481179e-07	2.428410459649532e-07	0.000125549278091651	-586117150518.577	nan	nan	nan	nan	nan	nan	nan	nan	nan	nan	nan	nan	nan	nan	nan	7.376
223615	125.09	11.84	23.51	352.8	0.04816	0.6578	0.0026685381489905667	0.04643818911212724	-1048.056352582376	-0.01059640467576745	-1.689182342358123	1.635581538183036e-05	48.72893768852161	0	-2.648356181379056e-05	0	0	-0	-0	-0	-2.586510975262214e-11	-0	0	success	ew_sym_res	success	484	2.227270702481179e-07	2.428410459649532e-07	0.000125549278091651	-590985674594.4421	nan	nan	nan	nan	nan	nan	nan	nan	nan	nan	nan	nan	nan	nan	nan	7.376
223615	125.09	11.84	23.51	352.8	0.04816	0.6578	0.0026685381489905667	0.04643818911212724	-1048.056352582376	-0.01059640467576745	-1.689182342358123	1.635581538183036e-05	48.72893768852161	0	-2.648356181379056e-05	0	0	-0	-0	-0	-2.586510975262214e-11	-0	0	success	ew_sym_res	success	485	2.227270702481179e-07	2.428410459649532e-07	0.000125549278091651	-595884467027.1039	nan	nan	nan	nan	nan	nan	nan	nan	nan	nan	nan	nan	nan	nan	nan	7.376
223615	125.09	11.84	23.51	352.8	0.04816	0.6578	0.0026685381489905667	0.04643818911212724	-1048.056352582376	-0.01059640467576745	-1.689182342358123	1.635581538183036e-05	48.72893768852161	0	-2.648356181379056e-05	0	0	-0	-0	-0	-2.586510975262214e-11	-0	0	success	ew_sym_res	success	486	2.227270702481179e-07	2.428410459649532e-07	0.000125549278091651	-600813653017.077	nan	nan	nan	nan	nan	nan	nan	nan	nan	nan	nan	nan	nan	nan	nan	7.376
223615	125.09	11.84	23.51	352.8	0.04816	0.6578	0.0026685381489905667	0.04643818911212724	-1048.056352582376	-0.01059640467576745	-1.689182342358123	1.635581538183036e-05	48.72893768852161	0	-2.648356181379056e-05	0	0	-0	-0	-0	-2.586510975262214e-11	-0	0	success	ew_sym_res	success	487	2.227270702481179e-07	2.428410459649532e-07	0.000125549278091651	-605773358023.2888	nan	nan	nan	nan	nan	nan	nan	nan	nan	nan	nan	nan	nan	nan	nan	7.376
223615	125.09	11.84	23.51	352.8	0.04816	0.6578	0.0026685381489905667	0.04643818911212724	-1048.056352582376	-0.01059640467576745	-1.689182342358123	1.635581538183036e-05	48.72893768852161	0	-2.648356181379056e-05	0	0	-0	-0	-0	-2.586510975262214e-11	-0	0	success	ew_sym_res	success	488	2.227270702481179e-07	2.428410459649532e-07	0.000125549278091651	-610763707763.0795	nan	nan	nan	nan	nan	nan	nan	nan	nan	nan	nan	nan	nan	nan	nan	7.376
223615	125.09	11.84	23.51	352.8	0.04816	0.6578	0.0026685381489905667	0.04643818911212724	-1048.056352582376	-0.01059640467576745	-1.689182342358123	1.635581538183036e-05	48.72893768852161	0	-2.648356181379056e-05	0	0	-0	-0	-0	-2.586510975262214e-11	-0	0	success	ew_sym_res	success	489	2.227270702481179e-07	2.428410459649532e-07	0.000125549278091651	-615784828212.2	nan	nan	nan	nan	nan	nan	nan	nan	nan	nan	nan	nan	nan	nan	nan	7.376
223615	125.09	11.84	23.51	352.8	0.04816	0.6578	0.0026685381489905667	0.04643818911212724	-1048.056352582376	-0.01059640467576745	-1.689182342358123	1.635581538183036e-05	48.72893768852161	0	-2.648356181379056e-05	0	0	-0	-0	-0	-2.586510975262214e-11	-0	0	success	ew_sym_res	success	490	2.227270702481179e-07	2.428410459649532e-07	0.000125549278091651	-620836845604.8134	nan	nan	nan	nan	nan	nan	nan	nan	nan	nan	nan	nan	nan	nan	nan	7.376
223615	125.09	11.84	23.51	352.8	0.04816	0.6578	0.0026685381489905667	0.04643818911212724	-1048.056352582376	-0.01059640467576745	-1.689182342358123	1.635581538183036e-05	48.72893768852161	0	-2.648356181379056e-05	0	0	-0	-0	-0	-2.586510975262214e-11	-0	0	success	ew_sym_res	success	491	2.227270702481179e-07	2.428410459649532e-07	0.000125549278091651	-625919886433.4955	nan	nan	nan	nan	nan	nan	nan	nan	nan	nan	nan	nan	nan	nan	nan	7.376
223615	125.09	11.84	23.51	352.8	0.04816	0.6578	0.0026685381489905667	0.04643818911212724	-1048.056352582376	-0.01059640467576745	-1.689182342358123	1.635581538183036e-05	48.72893768852161	0	-2.648356181379056e-05	0	0	-0	-0	-0	-2.586510975262214e-11	-0	0	success	ew_sym_res	success	492	2.227270702481179e-07	2.428410459649532e-07	0.000125549278091651	-631034077449.2338	nan	nan	nan	nan	nan	nan	nan	nan	nan	nan	nan	nan	nan	nan	nan	7.376
223615	125.09	11.84	23.51	352.8	0.04816	0.6578	0.0026685381489905667	0.04643818911212724	-1048.056352582376	-0.01059640467576745	-1.689182342358123	1.635581538183036e-05	48.72893768852161	0	-2.648356181379056e-05	0	0	-0	-0	-0	-2.586510975262214e-11	-0	0	success	ew_sym_res	success	493	2.227270702481179e-07	2.428410459649532e-07	0.000125549278091651	-636179545661.4263	nan	nan	nan	nan	nan	nan	nan	nan	nan	nan	nan	nan	nan	nan	nan	7.376
223615	125.09	11.84	23.51	352.8	0.04816	0.6578	0.0026685381489905667	0.04643818911212724	-1048.056352582376	-0.01059640467576745	-1.689182342358123	1.635581538183036e-05	48.72893768852161	0	-2.648356181379056e-05	0	0	-0	-0	-0	-2.586510975262214e-11	-0	0	success	ew_sym_res	success	494	2.227270702481179e-07	2.428410459649532e-07	0.000125549278091651	-641356418337.8854	nan	nan	nan	nan	nan	nan	nan	nan	nan	nan	nan	nan	nan	nan	nan	7.376
223615	125.09	11.84	23.51	352.8	0.04816	0.6578	0.0026685381489905667	0.04643818911212724	-1048.056352582376	-0.01059640467576745	-1.689182342358123	1.635581538183036e-05	48.72893768852161	0	-2.648356181379056e-05	0	0	-0	-0	-0	-2.586510975262214e-11	-0	0	success	ew_sym_res	success	495	2.227270702481179e-07	2.428410459649532e-07	0.000125549278091651	-646564823004.8335	nan	nan	nan	nan	nan	nan	nan	nan	nan	nan	nan	nan	nan	nan	nan	7.376
223615	125.09	11.84	23.51	352.8	0.04816	0.6578	0.0026685381489905667	0.04643818911212724	-1048.056352582376	-0.01059640467576745	-1.689182342358123	1.635581538183036e-05	48.72893768852161	0	-2.648356181379056e-05	0	0	-0	-0	-0	-2.586510975262214e-11	-0	0	success	ew_sym_res	success	496	2.227270702481179e-07	2.428410459649532e-07	0.000125549278091651	-651804887446.9064	nan	nan	nan	nan	nan	nan	nan	nan	nan	nan	nan	nan	nan	nan	nan	7.376
223615	125.09	11.84	23.51	352.8	0.04816	0.6578	0.0026685381489905667	0.04643818911212724	-1048.056352582376	-0.01059640467576745	-1.689182342358123	1.635581538183036e-05	48.72893768852161	0	-2.648356181379056e-05	0	0	-0	-0	-0	-2.586510975262214e-11	-0	0	success	ew_sym_res	success	497	2.227270702481179e-07	2.428410459649532e-07	0.000125549278091651	-657076739707.1494	nan	nan	nan	nan	nan	nan	nan	nan	nan	nan	nan	nan	nan	nan	nan	7.376
223615	125.09	11.84	23.51	352.8	0.04816	0.6578	0.0026685381489905667	0.04643818911212724	-1048.056352582376	-0.01059640467576745	-1.689182342358123	1.635581538183036e-05	48.72893768852161	0	-2.648356181379056e-05	0	0	-0	-0	-0	-2.586510975262214e-11	-0	0	success	ew_sym_res	success	498	2.227270702481179e-07	2.428410459649532e-07	0.000125549278091651	-662380508087.0236	nan	nan	nan	nan	nan	nan	nan	nan	nan	nan	nan	nan	nan	nan	nan	7.376
223615	125.09	11.84	23.51	352.8	0.04816	0.6578	0.0026685381489905667	0.04643818911212724	-1048.056352582376	-0.01059640467576745	-1.689182342358123	1.635581538183036e-05	48.72893768852161	0	-2.648356181379056e-05	0	0	-0	-0	-0	-2.586510975262214e-11	-0	0	success	ew_sym_res	success	499	2.227270702481179e-07	2.428410459649532e-07	0.000125549278091651	-667716321146.3988	nan	nan	nan	nan	nan	nan	nan	nan	nan	nan	nan	nan	nan	nan	nan	7.376
223615	125.09	11.84	23.51	352.8	0.04816	0.6578	0.0026685381489905667	0.04643818911212724	-1048.056352582376	-0.01059640467576745	-1.689182342358123	1.635581538183036e-05	48.72893768852161	0	-2.648356181379056e-05	0	0	-0	-0	-0	-2.586510975262214e-11	-0	0	success	ew_sym_res	success	500	2.227270702481179e-07	2.428410459649532e-07	0.000125549278091651	-673084307703.5574	nan	nan	nan	nan	nan	nan	nan	nan	nan	nan	nan	nan	nan	nan	nan	7.376
223615	125.09	11.84	23.51	352.8	0.04816	0.6578	0.0026685381489905667	0.04643818911212724	-1048.056352582376	-0.01059640467576745	-1.689182342358123	1.635581538183036e-05	48.72893768852161	0	-2.648356181379056e-05	0	0	-0	-0	-0	-2.586510975262214e-11	-0	0	success	ew_sym_res	success	501	2.227270702481179e-07	2.428410459649532e-07	0.000125549278091651	-678484596835.1951	nan	nan	nan	nan	nan	nan	nan	nan	nan	nan	nan	nan	nan	nan	nan	7.376
223615	125.09	11.84	23.51	352.8	0.04816	0.6578	0.0026685381489905667	0.04643818911212724	-1048.056352582376	-0.01059640467576745	-1.689182342358123	1.635581538183036e-05	48.72893768852161	0	-2.648356181379056e-05	0	0	-0	-0	-0	-2.586510975262214e-11	-0	0	success	ew_sym_res	success	502	2.227270702481179e-07	2.428410459649532e-07	0.000125549278091651	-683917317876.4185	nan	nan	nan	nan	nan	nan	nan	nan	nan	nan	nan	nan	nan	nan	nan	7.376
223615	125.09	11.84	23.51	352.8	0.04816	0.6578	0.0026685381489905667	0.04643818911212724	-1048.056352582376	-0.01059640467576745	-1.689182342358123	1.635581538183036e-05	48.72893768852161	0	-2.648356181379056e-05	0	0	-0	-0	-0	-2.586510975262214e-11	-0	0	success	ew_sym_res	success	503	2.227270702481179e-07	2.428410459649532e-07	0.000125549278091651	-689382600420.7456	nan	nan	nan	nan	nan	nan	nan	nan	nan	nan	nan	nan	nan	nan	nan	7.376
223615	125.09	11.84	23.51	352.8	0.04816	0.6578	0.0026685381489905667	0.04643818911212724	-1048.056352582376	-0.01059640467576745	-1.689182342358123	1.635581538183036e-05	48.72893768852161	0	-2.648356181379056e-05	0	0	-0	-0	-0	-2.586510975262214e-11	-0	0	success	ew_sym_res	success	504	2.227270702481179e-07	2.428410459649532e-07	0.000125549278091651	-694880574320.1074	nan	nan	nan	nan	nan	nan	nan	nan	nan	nan	nan	nan	nan	nan	nan	7.376
223615	125.09	11.84	23.51	352.8	0.04816	0.6578	0.0026685381489905667	0.04643818911212724	-1048.056352582376	-0.01059640467576745	-1.689182342358123	1.635581538183036e-05	48.72893768852161	0	-2.648356181379056e-05	0	0	-0	-0	-0	-2.586510975262214e-11	-0	0	success	ew_sym_res	success	505	2.227270702481179e-07	2.428410459649532e-07	0.000125549278091651	-700411369684.8469	nan	nan	nan	nan	nan	nan	nan	nan	nan	nan	nan	nan	nan	nan	nan	7.376
223615	125.09	11.84	23.51	352.8	0.04816	0.6578	0.0026685381489905667	0.04643818911212724	-1048.056352582376	-0.01059640467576745	-1.689182342358123	1.635581538183036e-05	48.72893768852161	0	-2.648356181379056e-05	0	0	-0	-0	-0	-2.586510975262214e-11	-0	0	success	ew_sym_res	success	506	2.227270702481179e-07	2.428410459649532e-07	0.000125549278091651	-705975116883.7174	nan	nan	nan	nan	nan	nan	nan	nan	nan	nan	nan	nan	nan	nan	nan	7.376
223615	125.09	11.84	23.51	352.8	0.04816	0.6578	0.0026685381489905667	0.04643818911212724	-1048.056352582376	-0.01059640467576745	-1.689182342358123	1.635581538183036e-05	48.72893768852161	0	-2.648356181379056e-05	0	0	-0	-0	-0	-2.586510975262214e-11	-0	0	success	ew_sym_res	success	507	2.227270702481179e-07	2.428410459649532e-07	0.000125549278091651	-711571946543.886	nan	nan	nan	nan	nan	nan	nan	nan	nan	nan	nan	nan	nan	nan	nan	7.376
223615	125.09	11.84	23.51	352.8	0.04816	0.6578	0.0026685381489905667	0.04643818911212724	-1048.056352582376	-0.01059640467576745	-1.689182342358123	1.635581538183036e-05	48.72893768852161	0	-2.648356181379056e-05	0	0	-0	-0	-0	-2.586510975262214e-11	-0	0	success	ew_sym_res	success	508	2.227270702481179e-07	2.428410459649532e-07	0.000125549278091651	-717201989550.9301	nan	nan	nan	nan	nan	nan	nan	nan	nan	nan	nan	nan	nan	nan	nan	7.376
223615	125.09	11.84	23.51	352.8	0.04816	0.6578	0.0026685381489905667	0.04643818911212724	-1048.056352582376	-0.01059640467576745	-1.689182342358123	1.635581538183036e-05	48.72893768852161	0	-2.648356181379056e-05	0	0	-0	-0	-0	-2.586510975262214e-11	-0	0	success	ew_sym_res	success	509	2.227270702481179e-07	2.428410459649532e-07	0.000125549278091651	-722865377048.8413	nan	nan	nan	nan	nan	nan	nan	nan	nan	nan	nan	nan	nan	nan	nan	7.376
223615	125.09	11.84	23.51	352.8	0.04816	0.6578	0.0026685381489905667	0.04643818911212724	-1048.056352582376	-0.01059640467576745	-1.689182342358123	1.635581538183036e-05	48.72893768852161	0	-2.648356181379056e-05	0	0	-0	-0	-0	-2.586510975262214e-11	-0	0	success	ew_sym_res	success	510	2.227270702481179e-07	2.428410459649532e-07	0.000125549278091651	-728562240440.0212	nan	nan	nan	nan	nan	nan	nan	nan	nan	nan	nan	nan	nan	nan	nan	7.376
223615	125.09	11.84	23.51	352.8	0.04816	0.6578	0.0026685381489905667	0.04643818911212724	-1048.056352582376	-0.01059640467576745	-1.689182342358123	1.635581538183036e-05	48.72893768852161	0	-2.648356181379056e-05	0	0	-0	-0	-0	-2.586510975262214e-11	-0	0	success	ew_sym_res	success	511	2.227270702481179e-07	2.428410459649532e-07	0.000125549278091651	-734292711385.2844	nan	nan	nan	nan	nan	nan	nan	nan	nan	nan	nan	nan	nan	nan	nan	7.376
223615	125.09	11.84	23.51	352.8	0.04816	0.6578	0.0026685381489905667	0.04643818911212724	-1048.056352582376	-0.01059640467576745	-1.689182342358123	1.635581538183036e-05	48.72893768852161	0	-2.648356181379056e-05	0	0	-0	-0	-0	-2.586510975262214e-11	-0	0	success	ew_sym_res	success	512	2.227270702481179e-07	2.428410459649532e-07	0.000125549278091651	-740056921803.8558	nan	nan	nan	nan	nan	nan	nan	nan	nan	nan	nan	nan	nan	nan	nan	7.376
223615	125.09	11.84	23.51	352.8	0.04816	0.6578	0.0026685381489905667	0.04643818911212724	-1048.056352582376	-0.01059640467576745	-1.689182342358123	1.635581538183036e-05	48.72893768852161	0	-2.648356181379056e-05	0	0	-0	-0	-0	-2.586510975262214e-11	-0	0	success	ew_sym_res	success	513	2.227270702481179e-07	2.428410459649532e-07	0.000125549278091651	-745855003873.3732	nan	nan	nan	nan	nan	nan	nan	nan	nan	nan	nan	nan	nan	nan	nan	7.376
223615	125.09	11.84	23.51	352.8	0.04816	0.6578	0.0026685381489905667	0.04643818911212724	-1048.056352582376	-0.01059640467576745	-1.689182342358123	1.635581538183036e-05	48.72893768852161	0	-2.648356181379056e-05	0	0	-0	-0	-0	-2.586510975262214e-11	-0	0	success	ew_sym_res	success	514	2.227270702481179e-07	2.428410459649532e-07	0.000125549278091651	-751687090029.8881	nan	nan	nan	nan	nan	nan	nan	nan	nan	nan	nan	nan	nan	nan	nan	7.376
223615	125.09	11.84	23.51	352.8	0.04816	0.6578	0.0026685381489905667	0.04643818911212724	-1048.056352582376	-0.01059640467576745	-1.689182342358123	1.635581538183036e-05	48.72893768852161	0	-2.648356181379056e-05	0	0	-0	-0	-0	-2.586510975262214e-11	-0	0	success	ew_sym_res	success	515	2.227270702481179e-07	2.428410459649532e-07	0.000125549278091651	-757553312967.8611	nan	nan	nan	nan	nan	nan	nan	nan	nan	nan	nan	nan	nan	nan	nan	7.376
223615	125.09	11.84	23.51	352.8	0.04816	0.6578	0.0026685381489905667	0.04643818911212724	-1048.056352582376	-0.01059640467576745	-1.689182342358123	1.635581538183036e-05	48.72893768852161	0	-2.648356181379056e-05	0	0	-0	-0	-0	-2.586510975262214e-11	-0	0	success	ew_sym_res	success	516	2.227270702481179e-07	2.428410459649532e-07	0.000125549278091651	-763453805640.1653	nan	nan	nan	nan	nan	nan	nan	nan	nan	nan	nan	nan	nan	nan	nan	7.376
223615	125.09	11.84	23.51	352.8	0.04816	0.6578	0.0026685381489905667	0.04643818911212724	-1048.056352582376	-0.01059640467576745	-1.689182342358123	1.635581538183036e-05	48.72893768852161	0	-2.648356181379056e-05	0	0	-0	-0	-0	-2.586510975262214e-11	-0	0	success	ew_sym_res	success	517	2.227270702481179e-07	2.428410459649532e-07	0.000125549278091651	-769388701258.0885	nan	nan	nan	nan	nan	nan	nan	nan	nan	nan	nan	nan	nan	nan	nan	7.376
223615	125.09	11.84	23.51	352.8	0.04816	0.6578	0.0026685381489905667	0.04643818911212724	-1048.056352582376	-0.01059640467576745	-1.689182342358123	1.635581538183036e-05	48.72893768852161	0	-2.648356181379056e-05	0	0	-0	-0	-0	-2.586510975262214e-11	-0	0	success	ew_sym_res	success	518	2.227270702481179e-07	2.428410459649532e-07	0.000125549278091651	-775358133291.3252	nan	nan	nan	nan	nan	nan	nan	nan	nan	nan	nan	nan	nan	nan	nan	7.376
223615	125.09	11.84	23.51	352.8	0.04816	0.6578	0.0026685381489905667	0.04643818911212724	-1048.056352582376	-0.01059640467576745	-1.689182342358123	1.635581538183036e-05	48.72893768852161	0	-2.648356181379056e-05	0	0	-0	-0	-0	-2.586510975262214e-11	-0	0	success	ew_sym_res	success	519	2.227270702481179e-07	2.428410459649532e-07	0.000125549278091651	-781362235467.9875	nan	nan	nan	nan	nan	nan	nan	nan	nan	nan	nan	nan	nan	nan	nan	7.376
223615	125.09	11.84	23.51	352.8	0.04816	0.6578	0.0026685381489905667	0.04643818911212724	-1048.056352582376	-0.01059640467576745	-1.689182342358123	1.635581538183036e-05	48.72893768852161	0	-2.648356181379056e-05	0	0	-0	-0	-0	-2.586510975262214e-11	-0	0	success	ew_sym_res	success	520	2.227270702481179e-07	2.428410459649532e-07	0.000125549278091651	-787401141774.5956	nan	nan	nan	nan	nan	nan	nan	nan	nan	nan	nan	nan	nan	nan	nan	7.376
223615	125.09	11.84	23.51	352.8	0.04816	0.6578	0.0026685381489905667	0.04643818911212724	-1048.056352582376	-0.01059640467576745	-1.689182342358123	1.635581538183036e-05	48.72893768852161	0	-2.648356181379056e-05	0	0	-0	-0	-0	-2.586510975262214e-11	-0	0	success	ew_sym_res	success	521	2.227270702481179e-07	2.428410459649532e-07	0.000125549278091651	-793474986456.0834	nan	nan	nan	nan	nan	nan	nan	nan	nan	nan	nan	nan	nan	nan	nan	7.376
223615	125.09	11.84	23.51	352.8	0.04816	0.6578	0.0026685381489905667	0.04643818911212724	-1048.056352582376	-0.01059640467576745	-1.689182342358123	1.635581538183036e-05	48.72893768852161	0	-2.648356181379056e-05	0	0	-0	-0	-0	-2.586510975262214e-11	-0	0	success	ew_sym_res	success	522	2.227270702481179e-07	2.428410459649532e-07	0.000125549278091651	-799583904015.7952	nan	nan	nan	nan	nan	nan	nan	nan	nan	nan	nan	nan	nan	nan	nan	7.376
223615	125.09	11.84	23.51	352.8	0.04816	0.6578	0.0026685381489905667	0.04643818911212724	-1048.056352582376	-0.01059640467576745	-1.689182342358123	1.635581538183036e-05	48.72893768852161	0	-2.648356181379056e-05	0	0	-0	-0	-0	-2.586510975262214e-11	-0	0	success	ew_sym_res	success	523	2.227270702481179e-07	2.428410459649532e-07	0.000125549278091651	-805728029215.4888	nan	nan	nan	nan	nan	nan	nan	nan	nan	nan	nan	nan	nan	nan	nan	7.376
223615	125.09	11.84	23.51	352.8	0.04816	0.6578	0.0026685381489905667	0.04643818911212724	-1048.056352582376	-0.01059640467576745	-1.689182342358123	1.635581538183036e-05	48.72893768852161	0	-2.648356181379056e-05	0	0	-0	-0	-0	-2.586510975262214e-11	-0	0	success	ew_sym_res	success	524	2.227270702481179e-07	2.428410459649532e-07	0.000125549278091651	-811907497075.3322	nan	nan	nan	nan	nan	nan	nan	nan	nan	nan	nan	nan	nan	nan	nan	7.376
223615	125.09	11.84	23.51	352.8	0.04816	0.6578	0.0026685381489905667	0.04643818911212724	-1048.056352582376	-0.01059640467576745	-1.689182342358123	1.635581538183036e-05	48.72893768852161	0	-2.648356181379056e-05	0	0	-0	-0	-0	-2.586510975262214e-11	-0	0	success	ew_sym_res	success	525	2.227270702481179e-07	2.428410459649532e-07	0.000125549278091651	-818122442873.9071	nan	nan	nan	nan	nan	nan	nan	nan	nan	nan	nan	nan	nan	nan	nan	7.376
223615	125.09	11.84	23.51	352.8	0.04816	0.6578	0.0026685381489905667	0.04643818911212724	-1048.056352582376	-0.01059640467576745	-1.689182342358123	1.635581538183036e-05	48.72893768852161	0	-2.648356181379056e-05	0	0	-0	-0	-0	-2.586510975262214e-11	-0	0	success	ew_sym_res	success	526	2.227270702481179e-07	2.428410459649532e-07	0.000125549278091651	-824373002148.207	nan	nan	nan	nan	nan	nan	nan	nan	nan	nan	nan	nan	nan	nan	nan	7.376
223615	125.09	11.84	23.51	352.8	0.04816	0.6578	0.0026685381489905667	0.04643818911212724	-1048.056352582376	-0.01059640467576745	-1.689182342358123	1.635581538183036e-05	48.72893768852161	0	-2.648356181379056e-05	0	0	-0	-0	-0	-2.586510975262214e-11	-0	0	success	ew_sym_res	success	527	2.227270702481179e-07	2.428410459649532e-07	0.000125549278091651	-830659310693.6348	nan	nan	nan	nan	nan	nan	nan	nan	nan	nan	nan	nan	nan	nan	nan	7.376
223615	125.09	11.84	23.51	352.8	0.04816	0.6578	0.0026685381489905667	0.04643818911212724	-1048.056352582376	-0.01059640467576745	-1.689182342358123	1.635581538183036e-05	48.72893768852161	0	-2.648356181379056e-05	0	0	-0	-0	-0	-2.586510975262214e-11	-0	0	success	ew_sym_res	success	528	2.227270702481179e-07	2.428410459649532e-07	0.000125549278091651	-836981504564.0088	nan	nan	nan	nan	nan	nan	nan	nan	nan	nan	nan	nan	nan	nan	nan	7.376
223615	125.09	11.84	23.51	352.8	0.04816	0.6578	0.0026685381489905667	0.04643818911212724	-1048.056352582376	-0.01059640467576745	-1.689182342358123	1.635581538183036e-05	48.72893768852161	0	-2.648356181379056e-05	0	0	-0	-0	-0	-2.586510975262214e-11	-0	0	success	ew_sym_res	success	529	2.227270702481179e-07	2.428410459649532e-07	0.000125549278091651	-843339720071.5571	nan	nan	nan	nan	nan	nan	nan	nan	nan	nan	nan	nan	nan	nan	nan	7.376
223615	125.09	11.84	23.51	352.8	0.04816	0.6578	0.0026685381489905667	0.04643818911212724	-1048.056352582376	-0.01059640467576745	-1.689182342358123	1.635581538183036e-05	48.72893768852161	0	-2.648356181379056e-05	0	0	-0	-0	-0	-2.586510975262214e-11	-0	0	success	ew_sym_res	success	530	2.227270702481179e-07	2.428410459649532e-07	0.000125549278091651	-849734093786.9203	nan	nan	nan	nan	nan	nan	nan	nan	nan	nan	nan	nan	nan	nan	nan	7.376
223615	125.09	11.84	23.51	352.8	0.04816	0.6578	0.0026685381489905667	0.04643818911212724	-1048.056352582376	-0.01059640467576745	-1.689182342358123	1.635581538183036e-05	48.72893768852161	0	-2.648356181379056e-05	0	0	-0	-0	-0	-2.586510975262214e-11	-0	0	success	ew_sym_res	success	531	2.227270702481179e-07	2.428410459649532e-07	0.000125549278091651	-856164762539.1506	nan	nan	nan	nan	nan	nan	nan	nan	nan	nan	nan	nan	nan	nan	nan	7.376
223615	125.09	11.84	23.51	352.8	0.04816	0.6578	0.0026685381489905667	0.04643818911212724	-1048.056352582376	-0.01059640467576745	-1.689182342358123	1.635581538183036e-05	48.72893768852161	0	-2.648356181379056e-05	0	0	-0	-0	-0	-2.586510975262214e-11	-0	0	success	ew_sym_res	success	532	2.227270702481179e-07	2.428410459649532e-07	0.000125549278091651	-862631863415.7109	nan	nan	nan	nan	nan	nan	nan	nan	nan	nan	nan	nan	nan	nan	nan	7.376
223615	125.09	11.84	23.51	352.8	0.04816	0.6578	0.0026685381489905667	0.04643818911212724	-1048.056352582376	-0.01059640467576745	-1.689182342358123	1.635581538183036e-05	48.72893768852161	0	-2.648356181379056e-05	0	0	-0	-0	-0	-2.586510975262214e-11	-0	0	success	ew_sym_res	success	533	2.227270702481179e-07	2.428410459649532e-07	0.000125549278091651	-869135533762.4797	nan	nan	nan	nan	nan	nan	nan	nan	nan	nan	nan	nan	nan	nan	nan	7.376
223615	125.09	11.84	23.51	352.8	0.04816	0.6578	0.0026685381489905667	0.04643818911212724	-1048.056352582376	-0.01059640467576745	-1.689182342358123	1.635581538183036e-05	48.72893768852161	0	-2.648356181379056e-05	0	0	-0	-0	-0	-2.586510975262214e-11	-0	0	success	ew_sym_res	success	534	2.227270702481179e-07	2.428410459649532e-07	0.000125549278091651	-875675911183.7435	nan	nan	nan	nan	nan	nan	nan	nan	nan	nan	nan	nan	nan	nan	nan	7.376
223615	125.09	11.84	23.51	352.8	0.04816	0.6578	0.0026685381489905667	0.04643818911212724	-1048.056352582376	-0.01059640467576745	-1.689182342358123	1.635581538183036e-05	48.72893768852161	0	-2.648356181379056e-05	0	0	-0	-0	-0	-2.586510975262214e-11	-0	0	success	ew_sym_res	success	535	2.227270702481179e-07	2.428410459649532e-07	0.000125549278091651	-882253133542.2036	nan	nan	nan	nan	nan	nan	nan	nan	nan	nan	nan	nan	nan	nan	nan	7.376
223615	125.09	11.84	23.51	352.8	0.04816	0.6578	0.0026685381489905667	0.04643818911212724	-1048.056352582376	-0.01059640467576745	-1.689182342358123	1.635581538183036e-05	48.72893768852161	0	-2.648356181379056e-05	0	0	-0	-0	-0	-2.586510975262214e-11	-0	0	success	ew_sym_res	success	536	2.227270702481179e-07	2.428410459649532e-07	0.000125549278091651	-888867338958.9701	nan	nan	nan	nan	nan	nan	nan	nan	nan	nan	nan	nan	nan	nan	nan	7.376
223615	125.09	11.84	23.51	352.8	0.04816	0.6578	0.0026685381489905667	0.04643818911212724	-1048.056352582376	-0.01059640467576745	-1.689182342358123	1.635581538183036e-05	48.72893768852161	0	-2.648356181379056e-05	0	0	-0	-0	-0	-2.586510975262214e-11	-0	0	success	ew_sym_res	success	537	2.227270702481179e-07	2.428410459649532e-07	0.000125549278091651	-895518665813.5679	nan	nan	nan	nan	nan	nan	nan	nan	nan	nan	nan	nan	nan	nan	nan	7.376
223615	125.09	11.84	23.51	352.8	0.04816	0.6578	0.0026685381489905667	0.04643818911212724	-1048.056352582376	-0.01059640467576745	-1.689182342358123	1.635581538183036e-05	48.72893768852161	0	-2.648356181379056e-05	0	0	-0	-0	-0	-2.586510975262214e-11	-0	0	success	ew_sym_res	success	538	2.227270702481179e-07	2.428410459649532e-07	0.000125549278091651	-902207252743.9324	nan	nan	nan	nan	nan	nan	nan	nan	nan	nan	nan	nan	nan	nan	nan	7.376
223615	125.09	11.84	23.51	352.8	0.04816	0.6578	0.0026685381489905667	0.04643818911212724	-1048.056352582376	-0.01059640467576745	-1.689182342358123	1.635581538183036e-05	48.72893768852161	0	-2.648356181379056e-05	0	0	-0	-0	-0	-2.586510975262214e-11	-0	0	success	ew_sym_res	success	539	2.227270702481179e-07	2.428410459649532e-07	0.000125549278091651	-908933238646.4102	nan	nan	nan	nan	nan	nan	nan	nan	nan	nan	nan	nan	nan	nan	nan	7.376
223615	125.09	11.84	23.51	352.8	0.04816	0.6578	0.0026685381489905667	0.04643818911212724	-1048.056352582376	-0.01059640467576745	-1.689182342358123	1.635581538183036e-05	48.72893768852161	0	-2.648356181379056e-05	0	0	-0	-0	-0	-2.586510975262214e-11	-0	0	success	ew_sym_res	success	540	2.227270702481179e-07	2.428410459649532e-07	0.000125549278091651	-915696762675.7625	nan	nan	nan	nan	nan	nan	nan	nan	nan	nan	nan	nan	nan	nan	nan	7.376
223615	125.09	11.84	23.51	352.8	0.04816	0.6578	0.0026685381489905667	0.04643818911212724	-1048.056352582376	-0.01059640467576745	-1.689182342358123	1.635581538183036e-05	48.72893768852161	0	-2.648356181379056e-05	0	0	-0	-0	-0	-2.586510975262214e-11	-0	0	success	ew_sym_res	success	541	2.227270702481179e-07	2.428410459649532e-07	0.000125549278091651	-922497964245.1599	nan	nan	nan	nan	nan	nan	nan	nan	nan	nan	nan	nan	nan	nan	nan	7.376
223615	125.09	11.84	23.51	352.8	0.04816	0.6578	0.0026685381489905667	0.04643818911212724	-1048.056352582376	-0.01059640467576745	-1.689182342358123	1.635581538183036e-05	48.72893768852161	0	-2.648356181379056e-05	0	0	-0	-0	-0	-2.586510975262214e-11	-0	0	success	ew_sym_res	success	542	2.227270702481179e-07	2.428410459649532e-07	0.000125549278091651	-929336983026.1859	nan	nan	nan	nan	nan	nan	nan	nan	nan	nan	nan	nan	nan	nan	nan	7.376
223615	125.09	11.84	23.51	352.8	0.04816	0.6578	0.0026685381489905667	0.04643818911212724	-1048.056352582376	-0.01059640467576745	-1.689182342358123	1.635581538183036e-05	48.72893768852161	0	-2.648356181379056e-05	0	0	-0	-0	-0	-2.586510975262214e-11	-0	0	success	ew_sym_res	success	543	2.227270702481179e-07	2.428410459649532e-07	0.000125549278091651	-936213958948.8341	nan	nan	nan	nan	nan	nan	nan	nan	nan	nan	nan	nan	nan	nan	nan	7.376
223615	125.09	11.84	23.51	352.8	0.04816	0.6578	0.0026685381489905667	0.04643818911212724	-1048.056352582376	-0.01059640467576745	-1.689182342358123	1.635581538183036e-05	48.72893768852161	0	-2.648356181379056e-05	0	0	-0	-0	-0	-2.586510975262214e-11	-0	0	success	ew_sym_res	success	544	2.227270702481179e-07	2.428410459649532e-07	0.000125549278091651	-943129032201.5142	nan	nan	nan	nan	nan	nan	nan	nan	nan	nan	nan	nan	nan	nan	nan	7.376
223615	125.09	11.84	23.51	352.8	0.04816	0.6578	0.0026685381489905667	0.04643818911212724	-1048.056352582376	-0.01059640467576745	-1.689182342358123	1.635581538183036e-05	48.72893768852161	0	-2.648356181379056e-05	0	0	-0	-0	-0	-2.586510975262214e-11	-0	0	success	ew_sym_res	success	545	2.227270702481179e-07	2.428410459649532e-07	0.000125549278091651	-950082343231.042	nan	nan	nan	nan	nan	nan	nan	nan	nan	nan	nan	nan	nan	nan	nan	7.376
223615	125.09	11.84	23.51	352.8	0.04816	0.6578	0.0026685381489905667	0.04643818911212724	-1048.056352582376	-0.01059640467576745	-1.689182342358123	1.635581538183036e-05	48.72893768852161	0	-2.648356181379056e-05	0	0	-0	-0	-0	-2.586510975262214e-11	-0	0	success	ew_sym_res	success	545.4545454545455	2.227270702481179e-07	2.428410459649532e-07	0.000125549278091651	-953255617788.425	nan	nan	nan	nan	nan	nan	nan	nan	nan	nan	nan	nan	nan	nan	nan	7.376
223615	125.09	11.84	23.51	352.8	0.04816	0.6578	0.0026685381489905667	0.04643818911212724	-1048.056352582376	-0.01059640467576745	-1.689182342358123	1.635581538183036e-05	48.72893768852161	0	-2.648356181379056e-05	0	0	-0	-0	-0	-2.586510975262214e-11	-0	0	success	ew_sym_res	success	546	2.227270702481179e-07	2.428410459649532e-07	0.000125549278091651	-957074032742.6505	nan	nan	nan	nan	nan	nan	nan	nan	nan	nan	nan	nan	nan	nan	nan	7.376
223615	125.09	11.84	23.51	352.8	0.04816	0.6578	0.0026685381489905667	0.04643818911212724	-1048.056352582376	-0.01059640467576745	-1.689182342358123	1.635581538183036e-05	48.72893768852161	0	-2.648356181379056e-05	0	0	-0	-0	-0	-2.586510975262214e-11	-0	0	success	ew_sym_res	success	547	2.227270702481179e-07	2.428410459649532e-07	0.000125549278091651	-964104241699.9822	nan	nan	nan	nan	nan	nan	nan	nan	nan	nan	nan	nan	nan	nan	nan	7.376
223615	125.09	11.84	23.51	352.8	0.04816	0.6578	0.0026685381489905667	0.04643818911212724	-1048.056352582376	-0.01059640467576745	-1.689182342358123	1.635581538183036e-05	48.72893768852161	0	-2.648356181379056e-05	0	0	-0	-0	-0	-2.586510975262214e-11	-0	0	success	ew_sym_res	success	548	2.227270702481179e-07	2.428410459649532e-07	0.000125549278091651	-971173111325.0913	nan	nan	nan	nan	nan	nan	nan	nan	nan	nan	nan	nan	nan	nan	nan	7.376
223615	125.09	11.84	23.51	352.8	0.04816	0.6578	0.0026685381489905667	0.04643818911212724	-1048.056352582376	-0.01059640467576745	-1.689182342358123	1.635581538183036e-05	48.72893768852161	0	-2.648356181379056e-05	0	0	-0	-0	-0	-2.586510975262214e-11	-0	0	success	ew_sym_res	success	549	2.227270702481179e-07	2.428410459649532e-07	0.000125549278091651	-978280783098.4431	nan	nan	nan	nan	nan	nan	nan	nan	nan	nan	nan	nan	nan	nan	nan	7.376
223615	125.09	11.84	23.51	352.8	0.04816	0.6578	0.0026685381489905667	0.04643818911212724	-1048.056352582376	-0.01059640467576745	-1.689182342358123	1.635581538183036e-05	48.72893768852161	0	-2.648356181379056e-05	0	0	-0	-0	-0	-2.586510975262214e-11	-0	0	success	ew_sym_res	success	550	2.227270702481179e-07	2.428410459649532e-07	0.000125549278091651	-985427398758.9182	nan	nan	nan	nan	nan	nan	nan	nan	nan	nan	nan	nan	nan	nan	nan	7.376
223615	125.09	11.84	23.51	352.8	0.04816	0.6578	0.0026685381489905667	0.04643818911212724	-1048.056352582376	-0.01059640467576745	-1.689182342358123	1.635581538183036e-05	48.72893768852161	0	-2.648356181379056e-05	0	0	-0	-0	-0	-2.586510975262214e-11	-0	0	success	ew_sym_res	success	551	2.227270702481179e-07	2.428410459649532e-07	0.000125549278091651	-992613100303.8054	nan	nan	nan	nan	nan	nan	nan	nan	nan	nan	nan	nan	nan	nan	nan	7.376
223615	125.09	11.84	23.51	352.8	0.04816	0.6578	0.0026685381489905667	0.04643818911212724	-1048.056352582376	-0.01059640467576745	-1.689182342358123	1.635581538183036e-05	48.72893768852161	0	-2.648356181379056e-05	0	0	-0	-0	-0	-2.586510975262214e-11	-0	0	success	ew_sym_res	success	552	2.227270702481179e-07	2.428410459649532e-07	0.000125549278091651	-999838029988.8073	nan	nan	nan	nan	nan	nan	nan	nan	nan	nan	nan	nan	nan	nan	nan	7.376
223615	125.09	11.84	23.51	352.8	0.04816	0.6578	0.0026685381489905667	0.04643818911212724	-1048.056352582376	-0.01059640467576745	-1.689182342358123	1.635581538183036e-05	48.72893768852161	0	-2.648356181379056e-05	0	0	-0	-0	-0	-2.586510975262214e-11	-0	0	success	ew_sym_res	success	553	2.227270702481179e-07	2.428410459649532e-07	0.000125549278091651	-1007102330328.038	nan	nan	nan	nan	nan	nan	nan	nan	nan	nan	nan	nan	nan	nan	nan	7.376
223615	125.09	11.84	23.51	352.8	0.04816	0.6578	0.0026685381489905667	0.04643818911212724	-1048.056352582376	-0.01059640467576745	-1.689182342358123	1.635581538183036e-05	48.72893768852161	0	-2.648356181379056e-05	0	0	-0	-0	-0	-2.586510975262214e-11	-0	0	success	ew_sym_res	success	554	2.227270702481179e-07	2.428410459649532e-07	0.000125549278091651	-1014406144094.023	nan	nan	nan	nan	nan	nan	nan	nan	nan	nan	nan	nan	nan	nan	nan	7.376
223615	125.09	11.84	23.51	352.8	0.04816	0.6578	0.0026685381489905667	0.04643818911212724	-1048.056352582376	-0.01059640467576745	-1.689182342358123	1.635581538183036e-05	48.72893768852161	0	-2.648356181379056e-05	0	0	-0	-0	-0	-2.586510975262214e-11	-0	0	success	ew_sym_res	success	555	2.227270702481179e-07	2.428410459649532e-07	0.000125549278091651	-1021749614317.7	nan	nan	nan	nan	nan	nan	nan	nan	nan	nan	nan	nan	nan	nan	nan	7.376
223615	125.09	11.84	23.51	352.8	0.04816	0.6578	0.0026685381489905667	0.04643818911212724	-1048.056352582376	-0.01059640467576745	-1.689182342358123	1.635581538183036e-05	48.72893768852161	0	-2.648356181379056e-05	0	0	-0	-0	-0	-2.586510975262214e-11	-0	0	success	ew_sym_res	success	556	2.227270702481179e-07	2.428410459649532e-07	0.000125549278091651	-1029132884288.418	nan	nan	nan	nan	nan	nan	nan	nan	nan	nan	nan	nan	nan	nan	nan	7.376
223615	125.09	11.84	23.51	352.8	0.04816	0.6578	0.0026685381489905667	0.04643818911212724	-1048.056352582376	-0.01059640467576745	-1.689182342358123	1.635581538183036e-05	48.72893768852161	0	-2.648356181379056e-05	0	0	-0	-0	-0	-2.586510975262214e-11	-0	0	success	ew_sym_res	success	557	2.227270702481179e-07	2.428410459649532e-07	0.000125549278091651	-1036556097553.941	nan	nan	nan	nan	nan	nan	nan	nan	nan	nan	nan	nan	nan	nan	nan	7.376
223615	125.09	11.84	23.51	352.8	0.04816	0.6578	0.0026685381489905667	0.04643818911212724	-1048.056352582376	-0.01059640467576745	-1.689182342358123	1.635581538183036e-05	48.72893768852161	0	-2.648356181379056e-05	0	0	-0	-0	-0	-2.586510975262214e-11	-0	0	success	ew_sym_res	success	558	2.227270702481179e-07	2.428410459649532e-07	0.000125549278091651	-1044019397920.44	nan	nan	nan	nan	nan	nan	nan	nan	nan	nan	nan	nan	nan	nan	nan	7.376
223615	125.09	11.84	23.51	352.8	0.04816	0.6578	0.0026685381489905667	0.04643818911212724	-1048.056352582376	-0.01059640467576745	-1.689182342358123	1.635581538183036e-05	48.72893768852161	0	-2.648356181379056e-05	0	0	-0	-0	-0	-2.586510975262214e-11	-0	0	success	ew_sym_res	success	559	2.227270702481179e-07	2.428410459649532e-07	0.000125549278091651	-1051522929452.502	nan	nan	nan	nan	nan	nan	nan	nan	nan	nan	nan	nan	nan	nan	nan	7.376
223615	125.09	11.84	23.51	352.8	0.04816	0.6578	0.0026685381489905667	0.04643818911212724	-1048.056352582376	-0.01059640467576745	-1.689182342358123	1.635581538183036e-05	48.72893768852161	0	-2.648356181379056e-05	0	0	-0	-0	-0	-2.586510975262214e-11	-0	0	success	ew_sym_res	success	560	2.227270702481179e-07	2.428410459649532e-07	0.000125549278091651	-1059066836473.122	nan	nan	nan	nan	nan	nan	nan	nan	nan	nan	nan	nan	nan	nan	nan	7.376
223615	125.09	11.84	23.51	352.8	0.04816	0.6578	0.0026685381489905667	0.04643818911212724	-1048.056352582376	-0.01059640467576745	-1.689182342358123	1.635581538183036e-05	48.72893768852161	0	-2.648356181379056e-05	0	0	-0	-0	-0	-2.586510975262214e-11	-0	0	success	ew_sym_res	success	561	2.227270702481179e-07	2.428410459649532e-07	0.000125549278091651	-1066651263563.711	nan	nan	nan	nan	nan	nan	nan	nan	nan	nan	nan	nan	nan	nan	nan	7.376
223615	125.09	11.84	23.51	352.8	0.04816	0.6578	0.0026685381489905667	0.04643818911212724	-1048.056352582376	-0.01059640467576745	-1.689182342358123	1.635581538183036e-05	48.72893768852161	0	-2.648356181379056e-05	0	0	-0	-0	-0	-2.586510975262214e-11	-0	0	success	ew_sym_res	success	562	2.227270702481179e-07	2.428410459649532e-07	0.000125549278091651	-1074276355564.09	nan	nan	nan	nan	nan	nan	nan	nan	nan	nan	nan	nan	nan	nan	nan	7.376
223615	125.09	11.84	23.51	352.8	0.04816	0.6578	0.0026685381489905667	0.04643818911212724	-1048.056352582376	-0.01059640467576745	-1.689182342358123	1.635581538183036e-05	48.72893768852161	0	-2.648356181379056e-05	0	0	-0	-0	-0	-2.586510975262214e-11	-0	0	success	ew_sym_res	success	563	2.227270702481179e-07	2.428410459649532e-07	0.000125549278091651	-1081942257572.492	nan	nan	nan	nan	nan	nan	nan	nan	nan	nan	nan	nan	nan	nan	nan	7.376
223615	125.09	11.84	23.51	352.8	0.04816	0.6578	0.0026685381489905667	0.04643818911212724	-1048.056352582376	-0.01059640467576745	-1.689182342358123	1.635581538183036e-05	48.72893768852161	0	-2.648356181379056e-05	0	0	-0	-0	-0	-2.586510975262214e-11	-0	0	success	ew_sym_res	success	564	2.227270702481179e-07	2.428410459649532e-07	0.000125549278091651	-1089649114945.558	nan	nan	nan	nan	nan	nan	nan	nan	nan	nan	nan	nan	nan	nan	nan	7.376
223615	125.09	11.84	23.51	352.8	0.04816	0.6578	0.0026685381489905667	0.04643818911212724	-1048.056352582376	-0.01059640467576745	-1.689182342358123	1.635581538183036e-05	48.72893768852161	0	-2.648356181379056e-05	0	0	-0	-0	-0	-2.586510975262214e-11	-0	0	success	ew_sym_res	success	565	2.227270702481179e-07	2.428410459649532e-07	0.000125549278091651	-1097397073298.35	nan	nan	nan	nan	nan	nan	nan	nan	nan	nan	nan	nan	nan	nan	nan	7.376
223615	125.09	11.84	23.51	352.8	0.04816	0.6578	0.0026685381489905667	0.04643818911212724	-1048.056352582376	-0.01059640467576745	-1.689182342358123	1.635581538183036e-05	48.72893768852161	0	-2.648356181379056e-05	0	0	-0	-0	-0	-2.586510975262214e-11	-0	0	success	ew_sym_res	success	566	2.227270702481179e-07	2.428410459649532e-07	0.000125549278091651	-1105186278504.333	nan	nan	nan	nan	nan	nan	nan	nan	nan	nan	nan	nan	nan	nan	nan	7.376
223615	125.09	11.84	23.51	352.8	0.04816	0.6578	0.0026685381489905667	0.04643818911212724	-1048.056352582376	-0.01059640467576745	-1.689182342358123	1.635581538183036e-05	48.72893768852161	0	-2.648356181379056e-05	0	0	-0	-0	-0	-2.586510975262214e-11	-0	0	success	ew_sym_res	success	567	2.227270702481179e-07	2.428410459649532e-07	0.000125549278091651	-1113016876695.389	nan	nan	nan	nan	nan	nan	nan	nan	nan	nan	nan	nan	nan	nan	nan	7.376
223615	125.09	11.84	23.51	352.8	0.04816	0.6578	0.0026685381489905667	0.04643818911212724	-1048.056352582376	-0.01059640467576745	-1.689182342358123	1.635581538183036e-05	48.72893768852161	0	-2.648356181379056e-05	0	0	-0	-0	-0	-2.586510975262214e-11	-0	0	success	ew_sym_res	success	568	2.227270702481179e-07	2.428410459649532e-07	0.000125549278091651	-1120889014261.809	nan	nan	nan	nan	nan	nan	nan	nan	nan	nan	nan	nan	nan	nan	nan	7.376
223615	125.09	11.84	23.51	352.8	0.04816	0.6578	0.0026685381489905667	0.04643818911212724	-1048.056352582376	-0.01059640467576745	-1.689182342358123	1.635581538183036e-05	48.72893768852161	0	-2.648356181379056e-05	0	0	-0	-0	-0	-2.586510975262214e-11	-0	0	success	ew_sym_res	success	569	2.227270702481179e-07	2.428410459649532e-07	0.000125549278091651	-1128802837852.297	nan	nan	nan	nan	nan	nan	nan	nan	nan	nan	nan	nan	nan	nan	nan	7.376
223615	125.09	11.84	23.51	352.8	0.04816	0.6578	0.0026685381489905667	0.04643818911212724	-1048.056352582376	-0.01059640467576745	-1.689182342358123	1.635581538183036e-05	48.72893768852161	0	-2.648356181379056e-05	0	0	-0	-0	-0	-2.586510975262214e-11	-0	0	success	ew_sym_res	success	570	2.227270702481179e-07	2.428410459649532e-07	0.000125549278091651	-1136758494373.971	nan	nan	nan	nan	nan	nan	nan	nan	nan	nan	nan	nan	nan	nan	nan	7.376
223615	125.09	11.84	23.51	352.8	0.04816	0.6578	0.0026685381489905667	0.04643818911212724	-1048.056352582376	-0.01059640467576745	-1.689182342358123	1.635581538183036e-05	48.72893768852161	0	-2.648356181379056e-05	0	0	-0	-0	-0	-2.586510975262214e-11	-0	0	success	ew_sym_res	success	571	2.227270702481179e-07	2.428410459649532e-07	0.000125549278091651	-1144756130992.356	nan	nan	nan	nan	nan	nan	nan	nan	nan	nan	nan	nan	nan	nan	nan	7.376
223615	125.09	11.84	23.51	352.8	0.04816	0.6578	0.0026685381489905667	0.04643818911212724	-1048.056352582376	-0.01059640467576745	-1.689182342358123	1.635581538183036e-05	48.72893768852161	0	-2.648356181379056e-05	0	0	-0	-0	-0	-2.586510975262214e-11	-0	0	success	ew_sym_res	success	572	2.227270702481179e-07	2.428410459649532e-07	0.000125549278091651	-1152795895131.394	nan	nan	nan	nan	nan	nan	nan	nan	nan	nan	nan	nan	nan	nan	nan	7.376
223615	125.09	11.84	23.51	352.8	0.04816	0.6578	0.0026685381489905667	0.04643818911212724	-1048.056352582376	-0.01059640467576745	-1.689182342358123	1.635581538183036e-05	48.72893768852161	0	-2.648356181379056e-05	0	0	-0	-0	-0	-2.586510975262214e-11	-0	0	success	ew_sym_res	success	573	2.227270702481179e-07	2.428410459649532e-07	0.000125549278091651	-1160877934473.436	nan	nan	nan	nan	nan	nan	nan	nan	nan	nan	nan	nan	nan	nan	nan	7.376
223615	125.09	11.84	23.51	352.8	0.04816	0.6578	0.0026685381489905667	0.04643818911212724	-1048.056352582376	-0.01059640467576745	-1.689182342358123	1.635581538183036e-05	48.72893768852161	0	-2.648356181379056e-05	0	0	-0	-0	-0	-2.586510975262214e-11	-0	0	success	ew_sym_res	success	574	2.227270702481179e-07	2.428410459649532e-07	0.000125549278091651	-1169002396959.244	nan	nan	nan	nan	nan	nan	nan	nan	nan	nan	nan	nan	nan	nan	nan	7.376
223615	125.09	11.84	23.51	352.8	0.04816	0.6578	0.0026685381489905667	0.04643818911212724	-1048.056352582376	-0.01059640467576745	-1.689182342358123	1.635581538183036e-05	48.72893768852161	0	-2.648356181379056e-05	0	0	-0	-0	-0	-2.586510975262214e-11	-0	0	success	ew_sym_res	success	575	2.227270702481179e-07	2.428410459649532e-07	0.000125549278091651	-1177169430787.995	nan	nan	nan	nan	nan	nan	nan	nan	nan	nan	nan	nan	nan	nan	nan	7.376
223615	125.09	11.84	23.51	352.8	0.04816	0.6578	0.0026685381489905667	0.04643818911212724	-1048.056352582376	-0.01059640467576745	-1.689182342358123	1.635581538183036e-05	48.72893768852161	0	-2.648356181379056e-05	0	0	-0	-0	-0	-2.586510975262214e-11	-0	0	success	ew_sym_res	success	576	2.227270702481179e-07	2.428410459649532e-07	0.000125549278091651	-1185379184417.276	nan	nan	nan	nan	nan	nan	nan	nan	nan	nan	nan	nan	nan	nan	nan	7.376
223615	125.09	11.84	23.51	352.8	0.04816	0.6578	0.0026685381489905667	0.04643818911212724	-1048.056352582376	-0.01059640467576745	-1.689182342358123	1.635581538183036e-05	48.72893768852161	0	-2.648356181379056e-05	0	0	-0	-0	-0	-2.586510975262214e-11	-0	0	success	ew_sym_res	success	577	2.227270702481179e-07	2.428410459649532e-07	0.000125549278091651	-1193631806563.085	nan	nan	nan	nan	nan	nan	nan	nan	nan	nan	nan	nan	nan	nan	nan	7.376
223615	125.09	11.84	23.51	352.8	0.04816	0.6578	0.0026685381489905667	0.04643818911212724	-1048.056352582376	-0.01059640467576745	-1.689182342358123	1.635581538183036e-05	48.72893768852161	0	-2.648356181379056e-05	0	0	-0	-0	-0	-2.586510975262214e-11	-0	0	success	ew_sym_res	success	578	2.227270702481179e-07	2.428410459649532e-07	0.000125549278091651	-1201927446199.834	nan	nan	nan	nan	nan	nan	nan	nan	nan	nan	nan	nan	nan	nan	nan	7.376
223615	125.09	11.84	23.51	352.8	0.04816	0.6578	0.0026685381489905667	0.04643818911212724	-1048.056352582376	-0.01059640467576745	-1.689182342358123	1.635581538183036e-05	48.72893768852161	0	-2.648356181379056e-05	0	0	-0	-0	-0	-2.586510975262214e-11	-0	0	success	ew_sym_res	success	579	2.227270702481179e-07	2.428410459649532e-07	0.000125549278091651	-1210266252560.345	nan	nan	nan	nan	nan	nan	nan	nan	nan	nan	nan	nan	nan	nan	nan	7.376
223615	125.09	11.84	23.51	352.8	0.04816	0.6578	0.0026685381489905667	0.04643818911212724	-1048.056352582376	-0.01059640467576745	-1.689182342358123	1.635581538183036e-05	48.72893768852161	0	-2.648356181379056e-05	0	0	-0	-0	-0	-2.586510975262214e-11	-0	0	success	ew_sym_res	success	580	2.227270702481179e-07	2.428410459649532e-07	0.000125549278091651	-1218648375135.854	nan	nan	nan	nan	nan	nan	nan	nan	nan	nan	nan	nan	nan	nan	nan	7.376
223615	125.09	11.84	23.51	352.8	0.04816	0.6578	0.0026685381489905667	0.04643818911212724	-1048.056352582376	-0.01059640467576745	-1.689182342358123	1.635581538183036e-05	48.72893768852161	0	-2.648356181379056e-05	0	0	-0	-0	-0	-2.586510975262214e-11	-0	0	success	ew_sym_res	success	581	2.227270702481179e-07	2.428410459649532e-07	0.000125549278091651	-1227073963676.007	nan	nan	nan	nan	nan	nan	nan	nan	nan	nan	nan	nan	nan	nan	nan	7.376
223615	125.09	11.84	23.51	352.8	0.04816	0.6578	0.0026685381489905667	0.04643818911212724	-1048.056352582376	-0.01059640467576745	-1.689182342358123	1.635581538183036e-05	48.72893768852161	0	-2.648356181379056e-05	0	0	-0	-0	-0	-2.586510975262214e-11	-0	0	success	ew_sym_res	success	582	2.227270702481179e-07	2.428410459649532e-07	0.000125549278091651	-1235543168188.86	nan	nan	nan	nan	nan	nan	nan	nan	nan	nan	nan	nan	nan	nan	nan	7.376
223615	125.09	11.84	23.51	352.8	0.04816	0.6578	0.0026685381489905667	0.04643818911212724	-1048.056352582376	-0.01059640467576745	-1.689182342358123	1.635581538183036e-05	48.72893768852161	0	-2.648356181379056e-05	0	0	-0	-0	-0	-2.586510975262214e-11	-0	0	success	ew_sym_res	success	583	2.227270702481179e-07	2.428410459649532e-07	0.000125549278091651	-1244056138940.887	nan	nan	nan	nan	nan	nan	nan	nan	nan	nan	nan	nan	nan	nan	nan	7.376
223615	125.09	11.84	23.51	352.8	0.04816	0.6578	0.0026685381489905667	0.04643818911212724	-1048.056352582376	-0.01059640467576745	-1.689182342358123	1.635581538183036e-05	48.72893768852161	0	-2.648356181379056e-05	0	0	-0	-0	-0	-2.586510975262214e-11	-0	0	success	ew_sym_res	success	584	2.227270702481179e-07	2.428410459649532e-07	0.000125549278091651	-1252613026456.968	nan	nan	nan	nan	nan	nan	nan	nan	nan	nan	nan	nan	nan	nan	nan	7.376
223615	125.09	11.84	23.51	352.8	0.04816	0.6578	0.0026685381489905667	0.04643818911212724	-1048.056352582376	-0.01059640467576745	-1.689182342358123	1.635581538183036e-05	48.72893768852161	0	-2.648356181379056e-05	0	0	-0	-0	-0	-2.586510975262214e-11	-0	0	success	ew_sym_res	success	585	2.227270702481179e-07	2.428410459649532e-07	0.000125549278091651	-1261213981520.398	nan	nan	nan	nan	nan	nan	nan	nan	nan	nan	nan	nan	nan	nan	nan	7.376
223615	125.09	11.84	23.51	352.8	0.04816	0.6578	0.0026685381489905667	0.04643818911212724	-1048.056352582376	-0.01059640467576745	-1.689182342358123	1.635581538183036e-05	48.72893768852161	0	-2.648356181379056e-05	0	0	-0	-0	-0	-2.586510975262214e-11	-0	0	success	ew_sym_res	success	586	2.227270702481179e-07	2.428410459649532e-07	0.000125549278091651	-1269859155172.883	nan	nan	nan	nan	nan	nan	nan	nan	nan	nan	nan	nan	nan	nan	nan	7.376
223615	125.09	11.84	23.51	352.8	0.04816	0.6578	0.0026685381489905667	0.04643818911212724	-1048.056352582376	-0.01059640467576745	-1.689182342358123	1.635581538183036e-05	48.72893768852161	0	-2.648356181379056e-05	0	0	-0	-0	-0	-2.586510975262214e-11	-0	0	success	ew_sym_res	success	587	2.227270702481179e-07	2.428410459649532e-07	0.000125549278091651	-1278548698714.539	nan	nan	nan	nan	nan	nan	nan	nan	nan	nan	nan	nan	nan	nan	nan	7.376
223615	125.09	11.84	23.51	352.8	0.04816	0.6578	0.0026685381489905667	0.04643818911212724	-1048.056352582376	-0.01059640467576745	-1.689182342358123	1.635581538183036e-05	48.72893768852161	0	-2.648356181379056e-05	0	0	-0	-0	-0	-2.586510975262214e-11	-0	0	success	ew_sym_res	success	588	2.227270702481179e-07	2.428410459649532e-07	0.000125549278091651	-1287282763703.897	nan	nan	nan	nan	nan	nan	nan	nan	nan	nan	nan	nan	nan	nan	nan	7.376
223615	125.09	11.84	23.51	352.8	0.04816	0.6578	0.0026685381489905667	0.04643818911212724	-1048.056352582376	-0.01059640467576745	-1.689182342358123	1.635581538183036e-05	48.72893768852161	0	-2.648356181379056e-05	0	0	-0	-0	-0	-2.586510975262214e-11	-0	0	success	ew_sym_res	success	589	2.227270702481179e-07	2.428410459649532e-07	0.000125549278091651	-1296061501957.899	nan	nan	nan	nan	nan	nan	nan	nan	nan	nan	nan	nan	nan	nan	nan	7.376
223615	125.09	11.84	23.51	352.8	0.04816	0.6578	0.0026685381489905667	0.04643818911212724	-1048.056352582376	-0.01059640467576745	-1.689182342358123	1.635581538183036e-05	48.72893768852161	0	-2.648356181379056e-05	0	0	-0	-0	-0	-2.586510975262214e-11	-0	0	success	ew_sym_res	success	590	2.227270702481179e-07	2.428410459649532e-07	0.000125549278091651	-1304885065551.896	nan	nan	nan	nan	nan	nan	nan	nan	nan	nan	nan	nan	nan	nan	nan	7.376
223615	125.09	11.84	23.51	352.8	0.04816	0.6578	0.0026685381489905667	0.04643818911212724	-1048.056352582376	-0.01059640467576745	-1.689182342358123	1.635581538183036e-05	48.72893768852161	0	-2.648356181379056e-05	0	0	-0	-0	-0	-2.586510975262214e-11	-0	0	success	ew_sym_res	success	591	2.227270702481179e-07	2.428410459649532e-07	0.000125549278091651	-1313753606819.657	nan	nan	nan	nan	nan	nan	nan	nan	nan	nan	nan	nan	nan	nan	nan	7.376
223615	125.09	11.84	23.51	352.8	0.04816	0.6578	0.0026685381489905667	0.04643818911212724	-1048.056352582376	-0.01059640467576745	-1.689182342358123	1.635581538183036e-05	48.72893768852161	0	-2.648356181379056e-05	0	0	-0	-0	-0	-2.586510975262214e-11	-0	0	success	ew_sym_res	success	592	2.227270702481179e-07	2.428410459649532e-07	0.000125549278091651	-1322667278353.355	nan	nan	nan	nan	nan	nan	nan	nan	nan	nan	nan	nan	nan	nan	nan	7.376
223615	125.09	11.84	23.51	352.8	0.04816	0.6578	0.0026685381489905667	0.04643818911212724	-1048.056352582376	-0.01059640467576745	-1.689182342358123	1.635581538183036e-05	48.72893768852161	0	-2.648356181379056e-05	0	0	-0	-0	-0	-2.586510975262214e-11	-0	0	success	ew_sym_res	success	593	2.227270702481179e-07	2.428410459649532e-07	0.000125549278091651	-1331626233003.583	nan	nan	nan	nan	nan	nan	nan	nan	nan	nan	nan	nan	nan	nan	nan	7.376
223615	125.09	11.84	23.51	352.8	0.04816	0.6578	0.0026685381489905667	0.04643818911212724	-1048.056352582376	-0.01059640467576745	-1.689182342358123	1.635581538183036e-05	48.72893768852161	0	-2.648356181379056e-05	0	0	-0	-0	-0	-2.586510975262214e-11	-0	0	success	ew_sym_res	success	594	2.227270702481179e-07	2.428410459649532e-07	0.000125549278091651	-1340630623879.336	nan	nan	nan	nan	nan	nan	nan	nan	nan	nan	nan	nan	nan	nan	nan	7.376
223615	125.09	11.84	23.51	352.8	0.04816	0.6578	0.0026685381489905667	0.04643818911212724	-1048.056352582376	-0.01059640467576745	-1.689182342358123	1.635581538183036e-05	48.72893768852161	0	-2.648356181379056e-05	0	0	-0	-0	-0	-2.586510975262214e-11	-0	0	success	ew_sym_res	success	595	2.227270702481179e-07	2.428410459649532e-07	0.000125549278091651	-1349680604348.034	nan	nan	nan	nan	nan	nan	nan	nan	nan	nan	nan	nan	nan	nan	nan	7.376
223615	125.09	11.84	23.51	352.8	0.04816	0.6578	0.0026685381489905667	0.04643818911212724	-1048.056352582376	-0.01059640467576745	-1.689182342358123	1.635581538183036e-05	48.72893768852161	0	-2.648356181379056e-05	0	0	-0	-0	-0	-2.586510975262214e-11	-0	0	success	ew_sym_res	success	596	2.227270702481179e-07	2.428410459649532e-07	0.000125549278091651	-1358776328035.496	nan	nan	nan	nan	nan	nan	nan	nan	nan	nan	nan	nan	nan	nan	nan	7.376
223615	125.09	11.84	23.51	352.8	0.04816	0.6578	0.0026685381489905667	0.04643818911212724	-1048.056352582376	-0.01059640467576745	-1.689182342358123	1.635581538183036e-05	48.72893768852161	0	-2.648356181379056e-05	0	0	-0	-0	-0	-2.586510975262214e-11	-0	0	success	ew_sym_res	success	597	2.227270702481179e-07	2.428410459649532e-07	0.000125549278091651	-1367917948825.961	nan	nan	nan	nan	nan	nan	nan	nan	nan	nan	nan	nan	nan	nan	nan	7.376
223615	125.09	11.84	23.51	352.8	0.04816	0.6578	0.0026685381489905667	0.04643818911212724	-1048.056352582376	-0.01059640467576745	-1.689182342358123	1.635581538183036e-05	48.72893768852161	0	-2.648356181379056e-05	0	0	-0	-0	-0	-2.586510975262214e-11	-0	0	success	ew_sym_res	success	598	2.227270702481179e-07	2.428410459649532e-07	0.000125549278091651	-1377105620862.074	nan	nan	nan	nan	nan	nan	nan	nan	nan	nan	nan	nan	nan	nan	nan	7.376
223615	125.09	11.84	23.51	352.8	0.04816	0.6578	0.0026685381489905667	0.04643818911212724	-1048.056352582376	-0.01059640467576745	-1.689182342358123	1.635581538183036e-05	48.72893768852161	0	-2.648356181379056e-05	0	0	-0	-0	-0	-2.586510975262214e-11	-0	0	success	ew_sym_res	success	599	2.227270702481179e-07	2.428410459649532e-07	0.000125549278091651	-1386339498544.9	nan	nan	nan	nan	nan	nan	nan	nan	nan	nan	nan	nan	nan	nan	nan	7.376
223615	125.09	11.84	23.51	352.8	0.04816	0.6578	0.0026685381489905667	0.04643818911212724	-1048.056352582376	-0.01059640467576745	-1.689182342358123	1.635581538183036e-05	48.72893768852161	0	-2.648356181379056e-05	0	0	-0	-0	-0	-2.586510975262214e-11	-0	0	success	ew_sym_res	success	600	2.227270702481179e-07	2.428410459649532e-07	0.000125549278091651	-1395619736533.907	nan	nan	nan	nan	nan	nan	nan	nan	nan	nan	nan	nan	nan	nan	nan	7.376
223615	125.09	11.84	23.51	352.8	0.04816	0.6578	0.0026685381489905667	0.04643818911212724	-1048.056352582376	-0.01059640467576745	-1.689182342358123	1.635581538183036e-05	48.72893768852161	0	-2.648356181379056e-05	0	0	-0	-0	-0	-2.586510975262214e-11	-0	0	success	ew_sym_res	success	601	2.227270702481179e-07	2.428410459649532e-07	0.000125549278091651	-1404946489746.981	nan	nan	nan	nan	nan	nan	nan	nan	nan	nan	nan	nan	nan	nan	nan	7.376
223615	125.09	11.84	23.51	352.8	0.04816	0.6578	0.0026685381489905667	0.04643818911212724	-1048.056352582376	-0.01059640467576745	-1.689182342358123	1.635581538183036e-05	48.72893768852161	0	-2.648356181379056e-05	0	0	-0	-0	-0	-2.586510975262214e-11	-0	0	success	ew_sym_res	success	602	2.227270702481179e-07	2.428410459649532e-07	0.000125549278091651	-1414319913360.417	nan	nan	nan	nan	nan	nan	nan	nan	nan	nan	nan	nan	nan	nan	nan	7.376
223615	125.09	11.84	23.51	352.8	0.04816	0.6578	0.0026685381489905667	0.04643818911212724	-1048.056352582376	-0.01059640467576745	-1.689182342358123	1.635581538183036e-05	48.72893768852161	0	-2.648356181379056e-05	0	0	-0	-0	-0	-2.586510975262214e-11	-0	0	success	ew_sym_res	success	603	2.227270702481179e-07	2.428410459649532e-07	0.000125549278091651	-1423740162808.923	nan	nan	nan	nan	nan	nan	nan	nan	nan	nan	nan	nan	nan	nan	nan	7.376
223615	125.09	11.84	23.51	352.8	0.04816	0.6578	0.0026685381489905667	0.04643818911212724	-1048.056352582376	-0.01059640467576745	-1.689182342358123	1.635581538183036e-05	48.72893768852161	0	-2.648356181379056e-05	0	0	-0	-0	-0	-2.586510975262214e-11	-0	0	success	ew_sym_res	success	604	2.227270702481179e-07	2.428410459649532e-07	0.000125549278091651	-1433207393785.617	nan	nan	nan	nan	nan	nan	nan	nan	nan	nan	nan	nan	nan	nan	nan	7.376
223615	125.09	11.84	23.51	352.8	0.04816	0.6578	0.0026685381489905667	0.04643818911212724	-1048.056352582376	-0.01059640467576745	-1.689182342358123	1.635581538183036e-05	48.72893768852161	0	-2.648356181379056e-05	0	0	-0	-0	-0	-2.586510975262214e-11	-0	0	success	ew_sym_res	success	605	2.227270702481179e-07	2.428410459649532e-07	0.000125549278091651	-1442721762242.032	nan	nan	nan	nan	nan	nan	nan	nan	nan	nan	nan	nan	nan	nan	nan	7.376
223615	125.09	11.84	23.51	352.8	0.04816	0.6578	0.0026685381489905667	0.04643818911212724	-1048.056352582376	-0.01059640467576745	-1.689182342358123	1.635581538183036e-05	48.72893768852161	0	-2.648356181379056e-05	0	0	-0	-0	-0	-2.586510975262214e-11	-0	0	success	ew_sym_res	success	606	2.227270702481179e-07	2.428410459649532e-07	0.000125549278091651	-1452283424388.109	nan	nan	nan	nan	nan	nan	nan	nan	nan	nan	nan	nan	nan	nan	nan	7.376
223615	125.09	11.84	23.51	352.8	0.04816	0.6578	0.0026685381489905667	0.04643818911212724	-1048.056352582376	-0.01059640467576745	-1.689182342358123	1.635581538183036e-05	48.72893768852161	0	-2.648356181379056e-05	0	0	-0	-0	-0	-2.586510975262214e-11	-0	0	success	ew_sym_res	success	607	2.227270702481179e-07	2.428410459649532e-07	0.000125549278091651	-1461892536692.205	nan	nan	nan	nan	nan	nan	nan	nan	nan	nan	nan	nan	nan	nan	nan	7.376
223615	125.09	11.84	23.51	352.8	0.04816	0.6578	0.0026685381489905667	0.04643818911212724	-1048.056352582376	-0.01059640467576745	-1.689182342358123	1.635581538183036e-05	48.72893768852161	0	-2.648356181379056e-05	0	0	-0	-0	-0	-2.586510975262214e-11	-0	0	success	ew_sym_res	success	608	2.227270702481179e-07	2.428410459649532e-07	0.000125549278091651	-1471549255881.088	nan	nan	nan	nan	nan	nan	nan	nan	nan	nan	nan	nan	nan	nan	nan	7.376
223615	125.09	11.84	23.51	352.8	0.04816	0.6578	0.0026685381489905667	0.04643818911212724	-1048.056352582376	-0.01059640467576745	-1.689182342358123	1.635581538183036e-05	48.72893768852161	0	-2.648356181379056e-05	0	0	-0	-0	-0	-2.586510975262214e-11	-0	0	success	ew_sym_res	success	609	2.227270702481179e-07	2.428410459649532e-07	0.000125549278091651	-1481253738939.933	nan	nan	nan	nan	nan	nan	nan	nan	nan	nan	nan	nan	nan	nan	nan	7.376
223615	125.09	11.84	23.51	352.8	0.04816	0.6578	0.0026685381489905667	0.04643818911212724	-1048.056352582376	-0.01059640467576745	-1.689182342358123	1.635581538183036e-05	48.72893768852161	0	-2.648356181379056e-05	0	0	-0	-0	-0	-2.586510975262214e-11	-0	0	success	ew_sym_res	success	610	2.227270702481179e-07	2.428410459649532e-07	0.000125549278091651	-1491006143112.331	nan	nan	nan	nan	nan	nan	nan	nan	nan	nan	nan	nan	nan	nan	nan	7.376
223615	125.09	11.84	23.51	352.8	0.04816	0.6578	0.0026685381489905667	0.04643818911212724	-1048.056352582376	-0.01059640467576745	-1.689182342358123	1.635581538183036e-05	48.72893768852161	0	-2.648356181379056e-05	0	0	-0	-0	-0	-2.586510975262214e-11	-0	0	success	ew_sym_res	success	611	2.227270702481179e-07	2.428410459649532e-07	0.000125549278091651	-1500806625900.289	nan	nan	nan	nan	nan	nan	nan	nan	nan	nan	nan	nan	nan	nan	nan	7.376
223615	125.09	11.84	23.51	352.8	0.04816	0.6578	0.0026685381489905667	0.04643818911212724	-1048.056352582376	-0.01059640467576745	-1.689182342358123	1.635581538183036e-05	48.72893768852161	0	-2.648356181379056e-05	0	0	-0	-0	-0	-2.586510975262214e-11	-0	0	success	ew_sym_res	success	612	2.227270702481179e-07	2.428410459649532e-07	0.000125549278091651	-1510655345064.214	nan	nan	nan	nan	nan	nan	nan	nan	nan	nan	nan	nan	nan	nan	nan	7.376
223615	125.09	11.84	23.51	352.8	0.04816	0.6578	0.0026685381489905667	0.04643818911212724	-1048.056352582376	-0.01059640467576745	-1.689182342358123	1.635581538183036e-05	48.72893768852161	0	-2.648356181379056e-05	0	0	-0	-0	-0	-2.586510975262214e-11	-0	0	success	ew_sym_res	success	613	2.227270702481179e-07	2.428410459649532e-07	0.000125549278091651	-1520552458622.939	nan	nan	nan	nan	nan	nan	nan	nan	nan	nan	nan	nan	nan	nan	nan	7.376
223615	125.09	11.84	23.51	352.8	0.04816	0.6578	0.0026685381489905667	0.04643818911212724	-1048.056352582376	-0.01059640467576745	-1.689182342358123	1.635581538183036e-05	48.72893768852161	0	-2.648356181379056e-05	0	0	-0	-0	-0	-2.586510975262214e-11	-0	0	success	ew_sym_res	success	614	2.227270702481179e-07	2.428410459649532e-07	0.000125549278091651	-1530498124853.697	nan	nan	nan	nan	nan	nan	nan	nan	nan	nan	nan	nan	nan	nan	nan	7.376
223615	125.09	11.84	23.51	352.8	0.04816	0.6578	0.0026685381489905667	0.04643818911212724	-1048.056352582376	-0.01059640467576745	-1.689182342358123	1.635581538183036e-05	48.72893768852161	0	-2.648356181379056e-05	0	0	-0	-0	-0	-2.586510975262214e-11	-0	0	success	ew_sym_res	success	615	2.227270702481179e-07	2.428410459649532e-07	0.000125549278091651	-1540492502292.142	nan	nan	nan	nan	nan	nan	nan	nan	nan	nan	nan	nan	nan	nan	nan	7.376
223615	125.09	11.84	23.51	352.8	0.04816	0.6578	0.0026685381489905667	0.04643818911212724	-1048.056352582376	-0.01059640467576745	-1.689182342358123	1.635581538183036e-05	48.72893768852161	0	-2.648356181379056e-05	0	0	-0	-0	-0	-2.586510975262214e-11	-0	0	success	ew_sym_res	success	616	2.227270702481179e-07	2.428410459649532e-07	0.000125549278091651	-1550535749732.333	nan	nan	nan	nan	nan	nan	nan	nan	nan	nan	nan	nan	nan	nan	nan	7.377
223615	125.09	11.84	23.51	352.8	0.04816	0.6578	0.0026685381489905667	0.04643818911212724	-1048.056352582376	-0.01059640467576745	-1.689182342358123	1.635581538183036e-05	48.72893768852161	0	-2.648356181379056e-05	0	0	-0	-0	-0	-2.586510975262214e-11	-0	0	success	ew_sym_res	success	617	2.227270702481179e-07	2.428410459649532e-07	0.000125549278091651	-1560628026226.743	nan	nan	nan	nan	nan	nan	nan	nan	nan	nan	nan	nan	nan	nan	nan	7.377
223615	125.09	11.84	23.51	352.8	0.04816	0.6578	0.0026685381489905667	0.04643818911212724	-1048.056352582376	-0.01059640467576745	-1.689182342358123	1.635581538183036e-05	48.72893768852161	0	-2.648356181379056e-05	0	0	-0	-0	-0	-2.586510975262214e-11	-0	0	success	ew_sym_res	success	618	2.227270702481179e-07	2.428410459649532e-07	0.000125549278091651	-1570769491086.26	nan	nan	nan	nan	nan	nan	nan	nan	nan	nan	nan	nan	nan	nan	nan	7.377
223615	125.09	11.84	23.51	352.8	0.04816	0.6578	0.0026685381489905667	0.04643818911212724	-1048.056352582376	-0.01059640467576745	-1.689182342358123	1.635581538183036e-05	48.72893768852161	0	-2.648356181379056e-05	0	0	-0	-0	-0	-2.586510975262214e-11	-0	0	success	ew_sym_res	success	619	2.227270702481179e-07	2.428410459649532e-07	0.000125549278091651	-1580960303880.18	nan	nan	nan	nan	nan	nan	nan	nan	nan	nan	nan	nan	nan	nan	nan	7.377
223615	125.09	11.84	23.51	352.8	0.04816	0.6578	0.0026685381489905667	0.04643818911212724	-1048.056352582376	-0.01059640467576745	-1.689182342358123	1.635581538183036e-05	48.72893768852161	0	-2.648356181379056e-05	0	0	-0	-0	-0	-2.586510975262214e-11	-0	0	success	ew_sym_res	success	620	2.227270702481179e-07	2.428410459649532e-07	0.000125549278091651	-1591200624436.211	nan	nan	nan	nan	nan	nan	nan	nan	nan	nan	nan	nan	nan	nan	nan	7.377
223615	125.09	11.84	23.51	352.8	0.04816	0.6578	0.0026685381489905667	0.04643818911212724	-1048.056352582376	-0.01059640467576745	-1.689182342358123	1.635581538183036e-05	48.72893768852161	0	-2.648356181379056e-05	0	0	-0	-0	-0	-2.586510975262214e-11	-0	0	success	ew_sym_res	success	621	2.227270702481179e-07	2.428410459649532e-07	0.000125549278091651	-1601490612840.473	nan	nan	nan	nan	nan	nan	nan	nan	nan	nan	nan	nan	nan	nan	nan	7.377
223615	125.09	11.84	23.51	352.8	0.04816	0.6578	0.0026685381489905667	0.04643818911212724	-1048.056352582376	-0.01059640467576745	-1.689182342358123	1.635581538183036e-05	48.72893768852161	0	-2.648356181379056e-05	0	0	-0	-0	-0	-2.586510975262214e-11	-0	0	success	ew_sym_res	success	622	2.227270702481179e-07	2.428410459649532e-07	0.000125549278091651	-1611830429437.503	nan	nan	nan	nan	nan	nan	nan	nan	nan	nan	nan	nan	nan	nan	nan	7.377
223615	125.09	11.84	23.51	352.8	0.04816	0.6578	0.0026685381489905667	0.04643818911212724	-1048.056352582376	-0.01059640467576745	-1.689182342358123	1.635581538183036e-05	48.72893768852161	0	-2.648356181379056e-05	0	0	-0	-0	-0	-2.586510975262214e-11	-0	0	success	ew_sym_res	success	623	2.227270702481179e-07	2.428410459649532e-07	0.000125549278091651	-1622220234830.242	nan	nan	nan	nan	nan	nan	nan	nan	nan	nan	nan	nan	nan	nan	nan	7.377
223615	125.09	11.84	23.51	352.8	0.04816	0.6578	0.0026685381489905667	0.04643818911212724	-1048.056352582376	-0.01059640467576745	-1.689182342358123	1.635581538183036e-05	48.72893768852161	0	-2.648356181379056e-05	0	0	-0	-0	-0	-2.586510975262214e-11	-0	0	success	ew_sym_res	success	624	2.227270702481179e-07	2.428410459649532e-07	0.000125549278091651	-1632660189880.049	nan	nan	nan	nan	nan	nan	nan	nan	nan	nan	nan	nan	nan	nan	nan	7.377
223615	125.09	11.84	23.51	352.8	0.04816	0.6578	0.0026685381489905667	0.04643818911212724	-1048.056352582376	-0.01059640467576745	-1.689182342358123	1.635581538183036e-05	48.72893768852161	0	-2.648356181379056e-05	0	0	-0	-0	-0	-2.586510975262214e-11	-0	0	success	ew_sym_res	success	625	2.227270702481179e-07	2.428410459649532e-07	0.000125549278091651	-1643150455706.689	nan	nan	nan	nan	nan	nan	nan	nan	nan	nan	nan	nan	nan	nan	nan	7.377
223615	125.09	11.84	23.51	352.8	0.04816	0.6578	0.0026685381489905667	0.04643818911212724	-1048.056352582376	-0.01059640467576745	-1.689182342358123	1.635581538183036e-05	48.72893768852161	0	-2.648356181379056e-05	0	0	-0	-0	-0	-2.586510975262214e-11	-0	0	success	ew_sym_res	success	626	2.227270702481179e-07	2.428410459649532e-07	0.000125549278091651	-1653691193688.347	nan	nan	nan	nan	nan	nan	nan	nan	nan	nan	nan	nan	nan	nan	nan	7.377
223615	125.09	11.84	23.51	352.8	0.04816	0.6578	0.0026685381489905667	0.04643818911212724	-1048.056352582376	-0.01059640467576745	-1.689182342358123	1.635581538183036e-05	48.72893768852161	0	-2.648356181379056e-05	0	0	-0	-0	-0	-2.586510975262214e-11	-0	0	success	ew_sym_res	success	627	2.227270702481179e-07	2.428410459649532e-07	0.000125549278091651	-1664282565461.612	nan	nan	nan	nan	nan	nan	nan	nan	nan	nan	nan	nan	nan	nan	nan	7.377
223615	125.09	11.84	23.51	352.8	0.04816	0.6578	0.0026685381489905667	0.04643818911212724	-1048.056352582376	-0.01059640467576745	-1.689182342358123	1.635581538183036e-05	48.72893768852161	0	-2.648356181379056e-05	0	0	-0	-0	-0	-2.586510975262214e-11	-0	0	success	ew_sym_res	success	628	2.227270702481179e-07	2.428410459649532e-07	0.000125549278091651	-1674924732921.487	nan	nan	nan	nan	nan	nan	nan	nan	nan	nan	nan	nan	nan	nan	nan	7.377
223615	125.09	11.84	23.51	352.8	0.04816	0.6578	0.0026685381489905667	0.04643818911212724	-1048.056352582376	-0.01059640467576745	-1.689182342358123	1.635581538183036e-05	48.72893768852161	0	-2.648356181379056e-05	0	0	-0	-0	-0	-2.586510975262214e-11	-0	0	success	ew_sym_res	success	629	2.227270702481179e-07	2.428410459649532e-07	0.000125549278091651	-1685617858221.388	nan	nan	nan	nan	nan	nan	nan	nan	nan	nan	nan	nan	nan	nan	nan	7.377
223615	125.09	11.84	23.51	352.8	0.04816	0.6578	0.0026685381489905667	0.04643818911212724	-1048.056352582376	-0.01059640467576745	-1.689182342358123	1.635581538183036e-05	48.72893768852161	0	-2.648356181379056e-05	0	0	-0	-0	-0	-2.586510975262214e-11	-0	0	success	ew_sym_res	success	630	2.227270702481179e-07	2.428410459649532e-07	0.000125549278091651	-1696362103773.147	nan	nan	nan	nan	nan	nan	nan	nan	nan	nan	nan	nan	nan	nan	nan	7.377
223615	125.09	11.84	23.51	352.8	0.04816	0.6578	0.0026685381489905667	0.04643818911212724	-1048.056352582376	-0.01059640467576745	-1.689182342358123	1.635581538183036e-05	48.72893768852161	0	-2.648356181379056e-05	0	0	-0	-0	-0	-2.586510975262214e-11	-0	0	success	ew_sym_res	success	631	2.227270702481179e-07	2.428410459649532e-07	0.000125549278091651	-1707157632246.997	nan	nan	nan	nan	nan	nan	nan	nan	nan	nan	nan	nan	nan	nan	nan	7.377
223615	125.09	11.84	23.51	352.8	0.04816	0.6578	0.0026685381489905667	0.04643818911212724	-1048.056352582376	-0.01059640467576745	-1.689182342358123	1.635581538183036e-05	48.72893768852161	0	-2.648356181379056e-05	0	0	-0	-0	-0	-2.586510975262214e-11	-0	0	success	ew_sym_res	success	632	2.227270702481179e-07	2.428410459649532e-07	0.000125549278091651	-1718004606571.594	nan	nan	nan	nan	nan	nan	nan	nan	nan	nan	nan	nan	nan	nan	nan	7.377
223615	125.09	11.84	23.51	352.8	0.04816	0.6578	0.0026685381489905667	0.04643818911212724	-1048.056352582376	-0.01059640467576745	-1.689182342358123	1.635581538183036e-05	48.72893768852161	0	-2.648356181379056e-05	0	0	-0	-0	-0	-2.586510975262214e-11	-0	0	success	ew_sym_res	success	633	2.227270702481179e-07	2.428410459649532e-07	0.000125549278091651	-1728903189933.999	nan	nan	nan	nan	nan	nan	nan	nan	nan	nan	nan	nan	nan	nan	nan	7.377
223615	125.09	11.84	23.51	352.8	0.04816	0.6578	0.0026685381489905667	0.04643818911212724	-1048.056352582376	-0.01059640467576745	-1.689182342358123	1.635581538183036e-05	48.72893768852161	0	-2.648356181379056e-05	0	0	-0	-0	-0	-2.586510975262214e-11	-0	0	success	ew_sym_res	success	634	2.227270702481179e-07	2.428410459649532e-07	0.000125549278091651	-1739853545779.688	nan	nan	nan	nan	nan	nan	nan	nan	nan	nan	nan	nan	nan	nan	nan	7.377
223615	125.09	11.84	23.51	352.8	0.04816	0.6578	0.0026685381489905667	0.04643818911212724	-1048.056352582376	-0.01059640467576745	-1.689182342358123	1.635581538183036e-05	48.72893768852161	0	-2.648356181379056e-05	0	0	-0	-0	-0	-2.586510975262214e-11	-0	0	success	ew_sym_res	success	635	2.227270702481179e-07	2.428410459649532e-07	0.000125549278091651	-1750855837812.547	nan	nan	nan	nan	nan	nan	nan	nan	nan	nan	nan	nan	nan	nan	nan	7.377
223615	125.09	11.84	23.51	352.8	0.04816	0.6578	0.0026685381489905667	0.04643818911212724	-1048.056352582376	-0.01059640467576745	-1.689182342358123	1.635581538183036e-05	48.72893768852161	0	-2.648356181379056e-05	0	0	-0	-0	-0	-2.586510975262214e-11	-0	0	success	ew_sym_res	success	636	2.227270702481179e-07	2.428410459649532e-07	0.000125549278091651	-1761910229994.877	nan	nan	nan	nan	nan	nan	nan	nan	nan	nan	nan	nan	nan	nan	nan	7.377
223615	125.09	11.84	23.51	352.8	0.04816	0.6578	0.0026685381489905667	0.04643818911212724	-1048.056352582376	-0.01059640467576745	-1.689182342358123	1.635581538183036e-05	48.72893768852161	0	-2.648356181379056e-05	0	0	-0	-0	-0	-2.586510975262214e-11	-0	0	success	ew_sym_res	success	636.3636363636364	2.227270702481179e-07	2.428410459649532e-07	0.000125549278091651	-1765942958433.845	nan	nan	nan	nan	nan	nan	nan	nan	nan	nan	nan	nan	nan	nan	nan	7.377
223615	125.09	11.84	23.51	352.8	0.04816	0.6578	0.0026685381489905667	0.04643818911212724	-1048.056352582376	-0.01059640467576745	-1.689182342358123	1.635581538183036e-05	48.72893768852161	0	-2.648356181379056e-05	0	0	-0	-0	-0	-2.586510975262214e-11	-0	0	success	ew_sym_res	success	637	2.227270702481179e-07	2.428410459649532e-07	0.000125549278091651	-1773016886547.384	nan	nan	nan	nan	nan	nan	nan	nan	nan	nan	nan	nan	nan	nan	nan	7.377
223615	125.09	11.84	23.51	352.8	0.04816	0.6578	0.0026685381489905667	0.04643818911212724	-1048.056352582376	-0.01059640467576745	-1.689182342358123	1.635581538183036e-05	48.72893768852161	0	-2.648356181379056e-05	0	0	-0	-0	-0	-2.586510975262214e-11	-0	0	success	ew_sym_res	success	638	2.227270702481179e-07	2.428410459649532e-07	0.000125549278091651	-1784175971949.196	nan	nan	nan	nan	nan	nan	nan	nan	nan	nan	nan	nan	nan	nan	nan	7.377
223615	125.09	11.84	23.51	352.8	0.04816	0.6578	0.0026685381489905667	0.04643818911212724	-1048.056352582376	-0.01059640467576745	-1.689182342358123	1.635581538183036e-05	48.72893768852161	0	-2.648356181379056e-05	0	0	-0	-0	-0	-2.586510975262214e-11	-0	0	success	ew_sym_res	success	639	2.227270702481179e-07	2.428410459649532e-07	0.000125549278091651	-1795387650937.842	nan	nan	nan	nan	nan	nan	nan	nan	nan	nan	nan	nan	nan	nan	nan	7.377
223615	125.09	11.84	23.51	352.8	0.04816	0.6578	0.0026685381489905667	0.04643818911212724	-1048.056352582376	-0.01059640467576745	-1.689182342358123	1.635581538183036e-05	48.72893768852161	0	-2.648356181379056e-05	0	0	-0	-0	-0	-2.586510975262214e-11	-0	0	success	ew_sym_res	success	640	2.227270702481179e-07	2.428410459649532e-07	0.000125549278091651	-1806652088509.273	nan	nan	nan	nan	nan	nan	nan	nan	nan	nan	nan	nan	nan	nan	nan	7.377
223615	125.09	11.84	23.51	352.8	0.04816	0.6578	0.0026685381489905667	0.04643818911212724	-1048.056352582376	-0.01059640467576745	-1.689182342358123	1.635581538183036e-05	48.72893768852161	0	-2.648356181379056e-05	0	0	-0	-0	-0	-2.586510975262214e-11	-0	0	success	ew_sym_res	success	641	2.227270702481179e-07	2.428410459649532e-07	0.000125549278091651	-1817969449917.843	nan	nan	nan	nan	nan	nan	nan	nan	nan	nan	nan	nan	nan	nan	nan	7.377
223615	125.09	11.84	23.51	352.8	0.04816	0.6578	0.0026685381489905667	0.04643818911212724	-1048.056352582376	-0.01059640467576745	-1.689182342358123	1.635581538183036e-05	48.72893768852161	0	-2.648356181379056e-05	0	0	-0	-0	-0	-2.586510975262214e-11	-0	0	success	ew_sym_res	success	642	2.227270702481179e-07	2.428410459649532e-07	0.000125549278091651	-1829339900676.321	nan	nan	nan	nan	nan	nan	nan	nan	nan	nan	nan	nan	nan	nan	nan	7.377
223615	125.09	11.84	23.51	352.8	0.04816	0.6578	0.0026685381489905667	0.04643818911212724	-1048.056352582376	-0.01059640467576745	-1.689182342358123	1.635581538183036e-05	48.72893768852161	0	-2.648356181379056e-05	0	0	-0	-0	-0	-2.586510975262214e-11	-0	0	success	ew_sym_res	success	643	2.227270702481179e-07	2.428410459649532e-07	0.000125549278091651	-1840763606555.894	nan	nan	nan	nan	nan	nan	nan	nan	nan	nan	nan	nan	nan	nan	nan	7.377
223615	125.09	11.84	23.51	352.8	0.04816	0.6578	0.0026685381489905667	0.04643818911212724	-1048.056352582376	-0.01059640467576745	-1.689182342358123	1.635581538183036e-05	48.72893768852161	0	-2.648356181379056e-05	0	0	-0	-0	-0	-2.586510975262214e-11	-0	0	success	ew_sym_res	success	644	2.227270702481179e-07	2.428410459649532e-07	0.000125549278091651	-1852240733586.151	nan	nan	nan	nan	nan	nan	nan	nan	nan	nan	nan	nan	nan	nan	nan	7.377
223615	125.09	11.84	23.51	352.8	0.04816	0.6578	0.0026685381489905667	0.04643818911212724	-1048.056352582376	-0.01059640467576745	-1.689182342358123	1.635581538183036e-05	48.72893768852161	0	-2.648356181379056e-05	0	0	-0	-0	-0	-2.586510975262214e-11	-0	0	success	ew_sym_res	success	645	2.227270702481179e-07	2.428410459649532e-07	0.000125549278091651	-1863771448055.101	nan	nan	nan	nan	nan	nan	nan	nan	nan	nan	nan	nan	nan	nan	nan	7.377
223615	125.09	11.84	23.51	352.8	0.04816	0.6578	0.0026685381489905667	0.04643818911212724	-1048.056352582376	-0.01059640467576745	-1.689182342358123	1.635581538183036e-05	48.72893768852161	0	-2.648356181379056e-05	0	0	-0	-0	-0	-2.586510975262214e-11	-0	0	success	ew_sym_res	success	646	2.227270702481179e-07	2.428410459649532e-07	0.000125549278091651	-1875355916509.156	nan	nan	nan	nan	nan	nan	nan	nan	nan	nan	nan	nan	nan	nan	nan	7.377
223615	125.09	11.84	23.51	352.8	0.04816	0.6578	0.0026685381489905667	0.04643818911212724	-1048.056352582376	-0.01059640467576745	-1.689182342358123	1.635581538183036e-05	48.72893768852161	0	-2.648356181379056e-05	0	0	-0	-0	-0	-2.586510975262214e-11	-0	0	success	ew_sym_res	success	647	2.227270702481179e-07	2.428410459649532e-07	0.000125549278091651	-1886994305753.15	nan	nan	nan	nan	nan	nan	nan	nan	nan	nan	nan	nan	nan	nan	nan	7.377
223615	125.09	11.84	23.51	352.8	0.04816	0.6578	0.0026685381489905667	0.04643818911212724	-1048.056352582376	-0.01059640467576745	-1.689182342358123	1.635581538183036e-05	48.72893768852161	0	-2.648356181379056e-05	0	0	-0	-0	-0	-2.586510975262214e-11	-0	0	success	ew_sym_res	success	648	2.227270702481179e-07	2.428410459649532e-07	0.000125549278091651	-1898686782850.321	nan	nan	nan	nan	nan	nan	nan	nan	nan	nan	nan	nan	nan	nan	nan	7.377
223615	125.09	11.84	23.51	352.8	0.04816	0.6578	0.0026685381489905667	0.04643818911212724	-1048.056352582376	-0.01059640467576745	-1.689182342358123	1.635581538183036e-05	48.72893768852161	0	-2.648356181379056e-05	0	0	-0	-0	-0	-2.586510975262214e-11	-0	0	success	ew_sym_res	success	649	2.227270702481179e-07	2.428410459649532e-07	0.000125549278091651	-1910433515122.323	nan	nan	nan	nan	nan	nan	nan	nan	nan	nan	nan	nan	nan	nan	nan	7.377
223615	125.09	11.84	23.51	352.8	0.04816	0.6578	0.0026685381489905667	0.04643818911212724	-1048.056352582376	-0.01059640467576745	-1.689182342358123	1.635581538183036e-05	48.72893768852161	0	-2.648356181379056e-05	0	0	-0	-0	-0	-2.586510975262214e-11	-0	0	success	ew_sym_res	success	650	2.227270702481179e-07	2.428410459649532e-07	0.000125549278091651	-1922234670149.22	nan	nan	nan	nan	nan	nan	nan	nan	nan	nan	nan	nan	nan	nan	nan	7.377
223615	125.09	11.84	23.51	352.8	0.04816	0.6578	0.0026685381489905667	0.04643818911212724	-1048.056352582376	-0.01059640467576745	-1.689182342358123	1.635581538183036e-05	48.72893768852161	0	-2.648356181379056e-05	0	0	-0	-0	-0	-2.586510975262214e-11	-0	0	success	ew_sym_res	success	651	2.227270702481179e-07	2.428410459649532e-07	0.000125549278091651	-1934090415769.489	nan	nan	nan	nan	nan	nan	nan	nan	nan	nan	nan	nan	nan	nan	nan	7.377
223615	125.09	11.84	23.51	352.8	0.04816	0.6578	0.0026685381489905667	0.04643818911212724	-1048.056352582376	-0.01059640467576745	-1.689182342358123	1.635581538183036e-05	48.72893768852161	0	-2.648356181379056e-05	0	0	-0	-0	-0	-2.586510975262214e-11	-0	0	success	ew_sym_res	success	652	2.227270702481179e-07	2.428410459649532e-07	0.000125549278091651	-1946000920080.016	nan	nan	nan	nan	nan	nan	nan	nan	nan	nan	nan	nan	nan	nan	nan	7.377
223615	125.09	11.84	23.51	352.8	0.04816	0.6578	0.0026685381489905667	0.04643818911212724	-1048.056352582376	-0.01059640467576745	-1.689182342358123	1.635581538183036e-05	48.72893768852161	0	-2.648356181379056e-05	0	0	-0	-0	-0	-2.586510975262214e-11	-0	0	success	ew_sym_res	success	653	2.227270702481179e-07	2.428410459649532e-07	0.000125549278091651	-1957966351436.104	nan	nan	nan	nan	nan	nan	nan	nan	nan	nan	nan	nan	nan	nan	nan	7.377
223615	125.09	11.84	23.51	352.8	0.04816	0.6578	0.0026685381489905667	0.04643818911212724	-1048.056352582376	-0.01059640467576745	-1.689182342358123	1.635581538183036e-05	48.72893768852161	0	-2.648356181379056e-05	0	0	-0	-0	-0	-2.586510975262214e-11	-0	0	success	ew_sym_res	success	654	2.227270702481179e-07	2.428410459649532e-07	0.000125549278091651	-1969986878451.466	nan	nan	nan	nan	nan	nan	nan	nan	nan	nan	nan	nan	nan	nan	nan	7.377
223615	125.09	11.84	23.51	352.8	0.04816	0.6578	0.0026685381489905667	0.04643818911212724	-1048.056352582376	-0.01059640467576745	-1.689182342358123	1.635581538183036e-05	48.72893768852161	0	-2.648356181379056e-05	0	0	-0	-0	-0	-2.586510975262214e-11	-0	0	success	ew_sym_res	success	655	2.227270702481179e-07	2.428410459649532e-07	0.000125549278091651	-1982062669998.221	nan	nan	nan	nan	nan	nan	nan	nan	nan	nan	nan	nan	nan	nan	nan	7.377
223615	125.09	11.84	23.51	352.8	0.04816	0.6578	0.0026685381489905667	0.04643818911212724	-1048.056352582376	-0.01059640467576745	-1.689182342358123	1.635581538183036e-05	48.72893768852161	0	-2.648356181379056e-05	0	0	-0	-0	-0	-2.586510975262214e-11	-0	0	success	ew_sym_res	success	656	2.227270702481179e-07	2.428410459649532e-07	0.000125549278091651	-1994193895206.908	nan	nan	nan	nan	nan	nan	nan	nan	nan	nan	nan	nan	nan	nan	nan	7.377
223615	125.09	11.84	23.51	352.8	0.04816	0.6578	0.0026685381489905667	0.04643818911212724	-1048.056352582376	-0.01059640467576745	-1.689182342358123	1.635581538183036e-05	48.72893768852161	0	-2.648356181379056e-05	0	0	-0	-0	-0	-2.586510975262214e-11	-0	0	success	ew_sym_res	success	657	2.227270702481179e-07	2.428410459649532e-07	0.000125549278091651	-2006380723466.474	nan	nan	nan	nan	nan	nan	nan	nan	nan	nan	nan	nan	nan	nan	nan	7.377
223615	125.09	11.84	23.51	352.8	0.04816	0.6578	0.0026685381489905667	0.04643818911212724	-1048.056352582376	-0.01059640467576745	-1.689182342358123	1.635581538183036e-05	48.72893768852161	0	-2.648356181379056e-05	0	0	-0	-0	-0	-2.586510975262214e-11	-0	0	success	ew_sym_res	success	658	2.227270702481179e-07	2.428410459649532e-07	0.000125549278091651	-2018623324424.279	nan	nan	nan	nan	nan	nan	nan	nan	nan	nan	nan	nan	nan	nan	nan	7.377
223615	125.09	11.84	23.51	352.8	0.04816	0.6578	0.0026685381489905667	0.04643818911212724	-1048.056352582376	-0.01059640467576745	-1.689182342358123	1.635581538183036e-05	48.72893768852161	0	-2.648356181379056e-05	0	0	-0	-0	-0	-2.586510975262214e-11	-0	0	success	ew_sym_res	success	659	2.227270702481179e-07	2.428410459649532e-07	0.000125549278091651	-2030921867986.092	nan	nan	nan	nan	nan	nan	nan	nan	nan	nan	nan	nan	nan	nan	nan	7.377
223615	125.09	11.84	23.51	352.8	0.04816	0.6578	0.0026685381489905667	0.04643818911212724	-1048.056352582376	-0.01059640467576745	-1.689182342358123	1.635581538183036e-05	48.72893768852161	0	-2.648356181379056e-05	0	0	-0	-0	-0	-2.586510975262214e-11	-0	0	success	ew_sym_res	success	660	2.227270702481179e-07	2.428410459649532e-07	0.000125549278091651	-2043276524316.098	nan	nan	nan	nan	nan	nan	nan	nan	nan	nan	nan	nan	nan	nan	nan	7.377
223615	125.09	11.84	23.51	352.8	0.04816	0.6578	0.0026685381489905667	0.04643818911212724	-1048.056352582376	-0.01059640467576745	-1.689182342358123	1.635581538183036e-05	48.72893768852161	0	-2.648356181379056e-05	0	0	-0	-0	-0	-2.586510975262214e-11	-0	0	success	ew_sym_res	success	661	2.227270702481179e-07	2.428410459649532e-07	0.000125549278091651	-2055687463836.892	nan	nan	nan	nan	nan	nan	nan	nan	nan	nan	nan	nan	nan	nan	nan	7.377
223615	125.09	11.84	23.51	352.8	0.04816	0.6578	0.0026685381489905667	0.04643818911212724	-1048.056352582376	-0.01059640467576745	-1.689182342358123	1.635581538183036e-05	48.72893768852161	0	-2.648356181379056e-05	0	0	-0	-0	-0	-2.586510975262214e-11	-0	0	success	ew_sym_res	success	662	2.227270702481179e-07	2.428410459649532e-07	0.000125549278091651	-2068154857229.481	nan	nan	nan	nan	nan	nan	nan	nan	nan	nan	nan	nan	nan	nan	nan	7.377
223615	125.09	11.84	23.51	352.8	0.04816	0.6578	0.0026685381489905667	0.04643818911212724	-1048.056352582376	-0.01059640467576745	-1.689182342358123	1.635581538183036e-05	48.72893768852161	0	-2.648356181379056e-05	0	0	-0	-0	-0	-2.586510975262214e-11	-0	0	success	ew_sym_res	success	663	2.227270702481179e-07	2.428410459649532e-07	0.000125549278091651	-2080678875433.279	nan	nan	nan	nan	nan	nan	nan	nan	nan	nan	nan	nan	nan	nan	nan	7.377
223615	125.09	11.84	23.51	352.8	0.04816	0.6578	0.0026685381489905667	0.04643818911212724	-1048.056352582376	-0.01059640467576745	-1.689182342358123	1.635581538183036e-05	48.72893768852161	0	-2.648356181379056e-05	0	0	-0	-0	-0	-2.586510975262214e-11	-0	0	success	ew_sym_res	success	664	2.227270702481179e-07	2.428410459649532e-07	0.000125549278091651	-2093259689646.122	nan	nan	nan	nan	nan	nan	nan	nan	nan	nan	nan	nan	nan	nan	nan	7.377
223615	125.09	11.84	23.51	352.8	0.04816	0.6578	0.0026685381489905667	0.04643818911212724	-1048.056352582376	-0.01059640467576745	-1.689182342358123	1.635581538183036e-05	48.72893768852161	0	-2.648356181379056e-05	0	0	-0	-0	-0	-2.586510975262214e-11	-0	0	success	ew_sym_res	success	665	2.227270702481179e-07	2.428410459649532e-07	0.000125549278091651	-2105897471324.249	nan	nan	nan	nan	nan	nan	nan	nan	nan	nan	nan	nan	nan	nan	nan	7.377
223615	125.09	11.84	23.51	352.8	0.04816	0.6578	0.0026685381489905667	0.04643818911212724	-1048.056352582376	-0.01059640467576745	-1.689182342358123	1.635581538183036e-05	48.72893768852161	0	-2.648356181379056e-05	0	0	-0	-0	-0	-2.586510975262214e-11	-0	0	success	ew_sym_res	success	666	2.227270702481179e-07	2.428410459649532e-07	0.000125549278091651	-2118592392182.315	nan	nan	nan	nan	nan	nan	nan	nan	nan	nan	nan	nan	nan	nan	nan	7.377
223615	125.09	11.84	23.51	352.8	0.04816	0.6578	0.0026685381489905667	0.04643818911212724	-1048.056352582376	-0.01059640467576745	-1.689182342358123	1.635581538183036e-05	48.72893768852161	0	-2.648356181379056e-05	0	0	-0	-0	-0	-2.586510975262214e-11	-0	0	success	ew_sym_res	success	667	2.227270702481179e-07	2.428410459649532e-07	0.000125549278091651	-2131344624193.388	nan	nan	nan	nan	nan	nan	nan	nan	nan	nan	nan	nan	nan	nan	nan	7.377
223615	125.09	11.84	23.51	352.8	0.04816	0.6578	0.0026685381489905667	0.04643818911212724	-1048.056352582376	-0.01059640467576745	-1.689182342358123	1.635581538183036e-05	48.72893768852161	0	-2.648356181379056e-05	0	0	-0	-0	-0	-2.586510975262214e-11	-0	0	success	ew_sym_res	success	668	2.227270702481179e-07	2.428410459649532e-07	0.000125549278091651	-2144154339588.942	nan	nan	nan	nan	nan	nan	nan	nan	nan	nan	nan	nan	nan	nan	nan	7.377
223615	125.09	11.84	23.51	352.8	0.04816	0.6578	0.0026685381489905667	0.04643818911212724	-1048.056352582376	-0.01059640467576745	-1.689182342358123	1.635581538183036e-05	48.72893768852161	0	-2.648356181379056e-05	0	0	-0	-0	-0	-2.586510975262214e-11	-0	0	success	ew_sym_res	success	669	2.227270702481179e-07	2.428410459649532e-07	0.000125549278091651	-2157021710858.869	nan	nan	nan	nan	nan	nan	nan	nan	nan	nan	nan	nan	nan	nan	nan	7.377
223615	125.09	11.84	23.51	352.8	0.04816	0.6578	0.0026685381489905667	0.04643818911212724	-1048.056352582376	-0.01059640467576745	-1.689182342358123	1.635581538183036e-05	48.72893768852161	0	-2.648356181379056e-05	0	0	-0	-0	-0	-2.586510975262214e-11	-0	0	success	ew_sym_res	success	670	2.227270702481179e-07	2.428410459649532e-07	0.000125549278091651	-2169946910751.47	nan	nan	nan	nan	nan	nan	nan	nan	nan	nan	nan	nan	nan	nan	nan	7.377
223615	125.09	11.84	23.51	352.8	0.04816	0.6578	0.0026685381489905667	0.04643818911212724	-1048.056352582376	-0.01059640467576745	-1.689182342358123	1.635581538183036e-05	48.72893768852161	0	-2.648356181379056e-05	0	0	-0	-0	-0	-2.586510975262214e-11	-0	0	success	ew_sym_res	success	671	2.227270702481179e-07	2.428410459649532e-07	0.000125549278091651	-2182930112273.46	nan	nan	nan	nan	nan	nan	nan	nan	nan	nan	nan	nan	nan	nan	nan	7.377
223615	125.09	11.84	23.51	352.8	0.04816	0.6578	0.0026685381489905667	0.04643818911212724	-1048.056352582376	-0.01059640467576745	-1.689182342358123	1.635581538183036e-05	48.72893768852161	0	-2.648356181379056e-05	0	0	-0	-0	-0	-2.586510975262214e-11	-0	0	success	ew_sym_res	success	672	2.227270702481179e-07	2.428410459649532e-07	0.000125549278091651	-2195971488689.961	nan	nan	nan	nan	nan	nan	nan	nan	nan	nan	nan	nan	nan	nan	nan	7.377
223615	125.09	11.84	23.51	352.8	0.04816	0.6578	0.0026685381489905667	0.04643818911212724	-1048.056352582376	-0.01059640467576745	-1.689182342358123	1.635581538183036e-05	48.72893768852161	0	-2.648356181379056e-05	0	0	-0	-0	-0	-2.586510975262214e-11	-0	0	success	ew_sym_res	success	673	2.227270702481179e-07	2.428410459649532e-07	0.000125549278091651	-2209071213524.51	nan	nan	nan	nan	nan	nan	nan	nan	nan	nan	nan	nan	nan	nan	nan	7.377
223615	125.09	11.84	23.51	352.8	0.04816	0.6578	0.0026685381489905667	0.04643818911212724	-1048.056352582376	-0.01059640467576745	-1.689182342358123	1.635581538183036e-05	48.72893768852161	0	-2.648356181379056e-05	0	0	-0	-0	-0	-2.586510975262214e-11	-0	0	success	ew_sym_res	success	674	2.227270702481179e-07	2.428410459649532e-07	0.000125549278091651	-2222229460559.059	nan	nan	nan	nan	nan	nan	nan	nan	nan	nan	nan	nan	nan	nan	nan	7.377
223615	125.09	11.84	23.51	352.8	0.04816	0.6578	0.0026685381489905667	0.04643818911212724	-1048.056352582376	-0.01059640467576745	-1.689182342358123	1.635581538183036e-05	48.72893768852161	0	-2.648356181379056e-05	0	0	-0	-0	-0	-2.586510975262214e-11	-0	0	success	ew_sym_res	success	675	2.227270702481179e-07	2.428410459649532e-07	0.000125549278091651	-2235446403833.964	nan	nan	nan	nan	nan	nan	nan	nan	nan	nan	nan	nan	nan	nan	nan	7.377
223615	125.09	11.84	23.51	352.8	0.04816	0.6578	0.0026685381489905667	0.04643818911212724	-1048.056352582376	-0.01059640467576745	-1.689182342358123	1.635581538183036e-05	48.72893768852161	0	-2.648356181379056e-05	0	0	-0	-0	-0	-2.586510975262214e-11	-0	0	success	ew_sym_res	success	676	2.227270702481179e-07	2.428410459649532e-07	0.000125549278091651	-2248722217648.003	nan	nan	nan	nan	nan	nan	nan	nan	nan	nan	nan	nan	nan	nan	nan	7.377
223615	125.09	11.84	23.51	352.8	0.04816	0.6578	0.0026685381489905667	0.04643818911212724	-1048.056352582376	-0.01059640467576745	-1.689182342358123	1.635581538183036e-05	48.72893768852161	0	-2.648356181379056e-05	0	0	-0	-0	-0	-2.586510975262214e-11	-0	0	success	ew_sym_res	success	677	2.227270702481179e-07	2.428410459649532e-07	0.000125549278091651	-2262057076558.357	nan	nan	nan	nan	nan	nan	nan	nan	nan	nan	nan	nan	nan	nan	nan	7.377
223615	125.09	11.84	23.51	352.8	0.04816	0.6578	0.0026685381489905667	0.04643818911212724	-1048.056352582376	-0.01059640467576745	-1.689182342358123	1.635581538183036e-05	48.72893768852161	0	-2.648356181379056e-05	0	0	-0	-0	-0	-2.586510975262214e-11	-0	0	success	ew_sym_res	success	678	2.227270702481179e-07	2.428410459649532e-07	0.000125549278091651	-2275451155380.623	nan	nan	nan	nan	nan	nan	nan	nan	nan	nan	nan	nan	nan	nan	nan	7.377
223615	125.09	11.84	23.51	352.8	0.04816	0.6578	0.0026685381489905667	0.04643818911212724	-1048.056352582376	-0.01059640467576745	-1.689182342358123	1.635581538183036e-05	48.72893768852161	0	-2.648356181379056e-05	0	0	-0	-0	-0	-2.586510975262214e-11	-0	0	success	ew_sym_res	success	679	2.227270702481179e-07	2.428410459649532e-07	0.000125549278091651	-2288904629188.808	nan	nan	nan	nan	nan	nan	nan	nan	nan	nan	nan	nan	nan	nan	nan	7.377
223615	125.09	11.84	23.51	352.8	0.04816	0.6578	0.0026685381489905667	0.04643818911212724	-1048.056352582376	-0.01059640467576745	-1.689182342358123	1.635581538183036e-05	48.72893768852161	0	-2.648356181379056e-05	0	0	-0	-0	-0	-2.586510975262214e-11	-0	0	success	ew_sym_res	success	680	2.227270702481179e-07	2.428410459649532e-07	0.000125549278091651	-2302417673315.333	nan	nan	nan	nan	nan	nan	nan	nan	nan	nan	nan	nan	nan	nan	nan	7.377
223615	125.09	11.84	23.51	352.8	0.04816	0.6578	0.0026685381489905667	0.04643818911212724	-1048.056352582376	-0.01059640467576745	-1.689182342358123	1.635581538183036e-05	48.72893768852161	0	-2.648356181379056e-05	0	0	-0	-0	-0	-2.586510975262214e-11	-0	0	success	ew_sym_res	success	681	2.227270702481179e-07	2.428410459649532e-07	0.000125549278091651	-2315990463351.028	nan	nan	nan	nan	nan	nan	nan	nan	nan	nan	nan	nan	nan	nan	nan	7.377
223615	125.09	11.84	23.51	352.8	0.04816	0.6578	0.0026685381489905667	0.04643818911212724	-1048.056352582376	-0.01059640467576745	-1.689182342358123	1.635581538183036e-05	48.72893768852161	0	-2.648356181379056e-05	0	0	-0	-0	-0	-2.586510975262214e-11	-0	0	success	ew_sym_res	success	682	2.227270702481179e-07	2.428410459649532e-07	0.000125549278091651	-2329623175145.139	nan	nan	nan	nan	nan	nan	nan	nan	nan	nan	nan	nan	nan	nan	nan	7.377
223615	125.09	11.84	23.51	352.8	0.04816	0.6578	0.0026685381489905667	0.04643818911212724	-1048.056352582376	-0.01059640467576745	-1.689182342358123	1.635581538183036e-05	48.72893768852161	0	-2.648356181379056e-05	0	0	-0	-0	-0	-2.586510975262214e-11	-0	0	success	ew_sym_res	success	683	2.227270702481179e-07	2.428410459649532e-07	0.000125549278091651	-2343315984805.321	nan	nan	nan	nan	nan	nan	nan	nan	nan	nan	nan	nan	nan	nan	nan	7.377
223615	125.09	11.84	23.51	352.8	0.04816	0.6578	0.0026685381489905667	0.04643818911212724	-1048.056352582376	-0.01059640467576745	-1.689182342358123	1.635581538183036e-05	48.72893768852161	0	-2.648356181379056e-05	0	0	-0	-0	-0	-2.586510975262214e-11	-0	0	success	ew_sym_res	success	684	2.227270702481179e-07	2.428410459649532e-07	0.000125549278091651	-2357069068697.641	nan	nan	nan	nan	nan	nan	nan	nan	nan	nan	nan	nan	nan	nan	nan	7.377
223615	125.09	11.84	23.51	352.8	0.04816	0.6578	0.0026685381489905667	0.04643818911212724	-1048.056352582376	-0.01059640467576745	-1.689182342358123	1.635581538183036e-05	48.72893768852161	0	-2.648356181379056e-05	0	0	-0	-0	-0	-2.586510975262214e-11	-0	0	success	ew_sym_res	success	685	2.227270702481179e-07	2.428410459649532e-07	0.000125549278091651	-2370882603446.575	nan	nan	nan	nan	nan	nan	nan	nan	nan	nan	nan	nan	nan	nan	nan	7.377
223615	125.09	11.84	23.51	352.8	0.04816	0.6578	0.0026685381489905667	0.04643818911212724	-1048.056352582376	-0.01059640467576745	-1.689182342358123	1.635581538183036e-05	48.72893768852161	0	-2.648356181379056e-05	0	0	-0	-0	-0	-2.586510975262214e-11	-0	0	success	ew_sym_res	success	686	2.227270702481179e-07	2.428410459649532e-07	0.000125549278091651	-2384756765935.018	nan	nan	nan	nan	nan	nan	nan	nan	nan	nan	nan	nan	nan	nan	nan	7.377
223615	125.09	11.84	23.51	352.8	0.04816	0.6578	0.0026685381489905667	0.04643818911212724	-1048.056352582376	-0.01059640467576745	-1.689182342358123	1.635581538183036e-05	48.72893768852161	0	-2.648356181379056e-05	0	0	-0	-0	-0	-2.586510975262214e-11	-0	0	success	ew_sym_res	success	687	2.227270702481179e-07	2.428410459649532e-07	0.000125549278091651	-2398691733304.271	nan	nan	nan	nan	nan	nan	nan	nan	nan	nan	nan	nan	nan	nan	nan	7.377
223615	125.09	11.84	23.51	352.8	0.04816	0.6578	0.0026685381489905667	0.04643818911212724	-1048.056352582376	-0.01059640467576745	-1.689182342358123	1.635581538183036e-05	48.72893768852161	0	-2.648356181379056e-05	0	0	-0	-0	-0	-2.586510975262214e-11	-0	0	success	ew_sym_res	success	688	2.227270702481179e-07	2.428410459649532e-07	0.000125549278091651	-2412687682954.049	nan	nan	nan	nan	nan	nan	nan	nan	nan	nan	nan	nan	nan	nan	nan	7.377
223615	125.09	11.84	23.51	352.8	0.04816	0.6578	0.0026685381489905667	0.04643818911212724	-1048.056352582376	-0.01059640467576745	-1.689182342358123	1.635581538183036e-05	48.72893768852161	0	-2.648356181379056e-05	0	0	-0	-0	-0	-2.586510975262214e-11	-0	0	success	ew_sym_res	success	689	2.227270702481179e-07	2.428410459649532e-07	0.000125549278091651	-2426744792542.476	nan	nan	nan	nan	nan	nan	nan	nan	nan	nan	nan	nan	nan	nan	nan	7.377
223615	125.09	11.84	23.51	352.8	0.04816	0.6578	0.0026685381489905667	0.04643818911212724	-1048.056352582376	-0.01059640467576745	-1.689182342358123	1.635581538183036e-05	48.72893768852161	0	-2.648356181379056e-05	0	0	-0	-0	-0	-2.586510975262214e-11	-0	0	success	ew_sym_res	success	690	2.227270702481179e-07	2.428410459649532e-07	0.000125549278091651	-2440863239986.095	nan	nan	nan	nan	nan	nan	nan	nan	nan	nan	nan	nan	nan	nan	nan	7.377
223615	125.09	11.84	23.51	352.8	0.04816	0.6578	0.0026685381489905667	0.04643818911212724	-1048.056352582376	-0.01059640467576745	-1.689182342358123	1.635581538183036e-05	48.72893768852161	0	-2.648356181379056e-05	0	0	-0	-0	-0	-2.586510975262214e-11	-0	0	success	ew_sym_res	success	691	2.227270702481179e-07	2.428410459649532e-07	0.000125549278091651	-2455043203459.853	nan	nan	nan	nan	nan	nan	nan	nan	nan	nan	nan	nan	nan	nan	nan	7.377
223615	125.09	11.84	23.51	352.8	0.04816	0.6578	0.0026685381489905667	0.04643818911212724	-1048.056352582376	-0.01059640467576745	-1.689182342358123	1.635581538183036e-05	48.72893768852161	0	-2.648356181379056e-05	0	0	-0	-0	-0	-2.586510975262214e-11	-0	0	success	ew_sym_res	success	692	2.227270702481179e-07	2.428410459649532e-07	0.000125549278091651	-2469284861397.11	nan	nan	nan	nan	nan	nan	nan	nan	nan	nan	nan	nan	nan	nan	nan	7.377
223615	125.09	11.84	23.51	352.8	0.04816	0.6578	0.0026685381489905667	0.04643818911212724	-1048.056352582376	-0.01059640467576745	-1.689182342358123	1.635581538183036e-05	48.72893768852161	0	-2.648356181379056e-05	0	0	-0	-0	-0	-2.586510975262214e-11	-0	0	success	ew_sym_res	success	693	2.227270702481179e-07	2.428410459649532e-07	0.000125549278091651	-2483588392489.644	nan	nan	nan	nan	nan	nan	nan	nan	nan	nan	nan	nan	nan	nan	nan	7.377
223615	125.09	11.84	23.51	352.8	0.04816	0.6578	0.0026685381489905667	0.04643818911212724	-1048.056352582376	-0.01059640467576745	-1.689182342358123	1.635581538183036e-05	48.72893768852161	0	-2.648356181379056e-05	0	0	-0	-0	-0	-2.586510975262214e-11	-0	0	success	ew_sym_res	success	694	2.227270702481179e-07	2.428410459649532e-07	0.000125549278091651	-2497953975687.64	nan	nan	nan	nan	nan	nan	nan	nan	nan	nan	nan	nan	nan	nan	nan	7.377
223615	125.09	11.84	23.51	352.8	0.04816	0.6578	0.0026685381489905667	0.04643818911212724	-1048.056352582376	-0.01059640467576745	-1.689182342358123	1.635581538183036e-05	48.72893768852161	0	-2.648356181379056e-05	0	0	-0	-0	-0	-2.586510975262214e-11	-0	0	success	ew_sym_res	success	695	2.227270702481179e-07	2.428410459649532e-07	0.000125549278091651	-2512381790199.692	nan	nan	nan	nan	nan	nan	nan	nan	nan	nan	nan	nan	nan	nan	nan	7.377
223615	125.09	11.84	23.51	352.8	0.04816	0.6578	0.0026685381489905667	0.04643818911212724	-1048.056352582376	-0.01059640467576745	-1.689182342358123	1.635581538183036e-05	48.72893768852161	0	-2.648356181379056e-05	0	0	-0	-0	-0	-2.586510975262214e-11	-0	0	success	ew_sym_res	success	696	2.227270702481179e-07	2.428410459649532e-07	0.000125549278091651	-2526872015492.812	nan	nan	nan	nan	nan	nan	nan	nan	nan	nan	nan	nan	nan	nan	nan	7.377
223615	125.09	11.84	23.51	352.8	0.04816	0.6578	0.0026685381489905667	0.04643818911212724	-1048.056352582376	-0.01059640467576745	-1.689182342358123	1.635581538183036e-05	48.72893768852161	0	-2.648356181379056e-05	0	0	-0	-0	-0	-2.586510975262214e-11	-0	0	success	ew_sym_res	success	697	2.227270702481179e-07	2.428410459649532e-07	0.000125549278091651	-2541424831292.421	nan	nan	nan	nan	nan	nan	nan	nan	nan	nan	nan	nan	nan	nan	nan	7.377
223615	125.09	11.84	23.51	352.8	0.04816	0.6578	0.0026685381489905667	0.04643818911212724	-1048.056352582376	-0.01059640467576745	-1.689182342358123	1.635581538183036e-05	48.72893768852161	0	-2.648356181379056e-05	0	0	-0	-0	-0	-2.586510975262214e-11	-0	0	success	ew_sym_res	success	698	2.227270702481179e-07	2.428410459649532e-07	0.000125549278091651	-2556040417582.351	nan	nan	nan	nan	nan	nan	nan	nan	nan	nan	nan	nan	nan	nan	nan	7.377
223615	125.09	11.84	23.51	352.8	0.04816	0.6578	0.0026685381489905667	0.04643818911212724	-1048.056352582376	-0.01059640467576745	-1.689182342358123	1.635581538183036e-05	48.72893768852161	0	-2.648356181379056e-05	0	0	-0	-0	-0	-2.586510975262214e-11	-0	0	success	ew_sym_res	success	699	2.227270702481179e-07	2.428410459649532e-07	0.000125549278091651	-2570718954604.846	nan	nan	nan	nan	nan	nan	nan	nan	nan	nan	nan	nan	nan	nan	nan	7.377
223615	125.09	11.84	23.51	352.8	0.04816	0.6578	0.0026685381489905667	0.04643818911212724	-1048.056352582376	-0.01059640467576745	-1.689182342358123	1.635581538183036e-05	48.72893768852161	0	-2.648356181379056e-05	0	0	-0	-0	-0	-2.586510975262214e-11	-0	0	success	ew_sym_res	success	700	2.227270702481179e-07	2.428410459649532e-07	0.000125549278091651	-2585460622860.569	nan	nan	nan	nan	nan	nan	nan	nan	nan	nan	nan	nan	nan	nan	nan	7.377
223615	125.09	11.84	23.51	352.8	0.04816	0.6578	0.0026685381489905667	0.04643818911212724	-1048.056352582376	-0.01059640467576745	-1.689182342358123	1.635581538183036e-05	48.72893768852161	0	-2.648356181379056e-05	0	0	-0	-0	-0	-2.586510975262214e-11	-0	0	success	ew_sym_res	success	701	2.227270702481179e-07	2.428410459649532e-07	0.000125549278091651	-2600265603108.58	nan	nan	nan	nan	nan	nan	nan	nan	nan	nan	nan	nan	nan	nan	nan	7.377
223615	125.09	11.84	23.51	352.8	0.04816	0.6578	0.0026685381489905667	0.04643818911212724	-1048.056352582376	-0.01059640467576745	-1.689182342358123	1.635581538183036e-05	48.72893768852161	0	-2.648356181379056e-05	0	0	-0	-0	-0	-2.586510975262214e-11	-0	0	success	ew_sym_res	success	702	2.227270702481179e-07	2.428410459649532e-07	0.000125549278091651	-2615134076366.361	nan	nan	nan	nan	nan	nan	nan	nan	nan	nan	nan	nan	nan	nan	nan	7.377
223615	125.09	11.84	23.51	352.8	0.04816	0.6578	0.0026685381489905667	0.04643818911212724	-1048.056352582376	-0.01059640467576745	-1.689182342358123	1.635581538183036e-05	48.72893768852161	0	-2.648356181379056e-05	0	0	-0	-0	-0	-2.586510975262214e-11	-0	0	success	ew_sym_res	success	703	2.227270702481179e-07	2.428410459649532e-07	0.000125549278091651	-2630066223909.807	nan	nan	nan	nan	nan	nan	nan	nan	nan	nan	nan	nan	nan	nan	nan	7.377
223615	125.09	11.84	23.51	352.8	0.04816	0.6578	0.0026685381489905667	0.04643818911212724	-1048.056352582376	-0.01059640467576745	-1.689182342358123	1.635581538183036e-05	48.72893768852161	0	-2.648356181379056e-05	0	0	-0	-0	-0	-2.586510975262214e-11	-0	0	success	ew_sym_res	success	704	2.227270702481179e-07	2.428410459649532e-07	0.000125549278091651	-2645062227273.224	nan	nan	nan	nan	nan	nan	nan	nan	nan	nan	nan	nan	nan	nan	nan	7.377
223615	125.09	11.84	23.51	352.8	0.04816	0.6578	0.0026685381489905667	0.04643818911212724	-1048.056352582376	-0.01059640467576745	-1.689182342358123	1.635581538183036e-05	48.72893768852161	0	-2.648356181379056e-05	0	0	-0	-0	-0	-2.586510975262214e-11	-0	0	success	ew_sym_res	success	705	2.227270702481179e-07	2.428410459649532e-07	0.000125549278091651	-2660122268249.322	nan	nan	nan	nan	nan	nan	nan	nan	nan	nan	nan	nan	nan	nan	nan	7.377
223615	125.09	11.84	23.51	352.8	0.04816	0.6578	0.0026685381489905667	0.04643818911212724	-1048.056352582376	-0.01059640467576745	-1.689182342358123	1.635581538183036e-05	48.72893768852161	0	-2.648356181379056e-05	0	0	-0	-0	-0	-2.586510975262214e-11	-0	0	success	ew_sym_res	success	706	2.227270702481179e-07	2.428410459649532e-07	0.000125549278091651	-2675246528889.228	nan	nan	nan	nan	nan	nan	nan	nan	nan	nan	nan	nan	nan	nan	nan	7.377
223615	125.09	11.84	23.51	352.8	0.04816	0.6578	0.0026685381489905667	0.04643818911212724	-1048.056352582376	-0.01059640467576745	-1.689182342358123	1.635581538183036e-05	48.72893768852161	0	-2.648356181379056e-05	0	0	-0	-0	-0	-2.586510975262214e-11	-0	0	success	ew_sym_res	success	707	2.227270702481179e-07	2.428410459649532e-07	0.000125549278091651	-2690435191502.491	nan	nan	nan	nan	nan	nan	nan	nan	nan	nan	nan	nan	nan	nan	nan	7.377
223615	125.09	11.84	23.51	352.8	0.04816	0.6578	0.0026685381489905667	0.04643818911212724	-1048.056352582376	-0.01059640467576745	-1.689182342358123	1.635581538183036e-05	48.72893768852161	0	-2.648356181379056e-05	0	0	-0	-0	-0	-2.586510975262214e-11	-0	0	success	ew_sym_res	success	708	2.227270702481179e-07	2.428410459649532e-07	0.000125549278091651	-2705688438657.051	nan	nan	nan	nan	nan	nan	nan	nan	nan	nan	nan	nan	nan	nan	nan	7.377
223615	125.09	11.84	23.51	352.8	0.04816	0.6578	0.0026685381489905667	0.04643818911212724	-1048.056352582376	-0.01059640467576745	-1.689182342358123	1.635581538183036e-05	48.72893768852161	0	-2.648356181379056e-05	0	0	-0	-0	-0	-2.586510975262214e-11	-0	0	success	ew_sym_res	success	709	2.227270702481179e-07	2.428410459649532e-07	0.000125549278091651	-2721006453179.282	nan	nan	nan	nan	nan	nan	nan	nan	nan	nan	nan	nan	nan	nan	nan	7.377
223615	125.09	11.84	23.51	352.8	0.04816	0.6578	0.0026685381489905667	0.04643818911212724	-1048.056352582376	-0.01059640467576745	-1.689182342358123	1.635581538183036e-05	48.72893768852161	0	-2.648356181379056e-05	0	0	-0	-0	-0	-2.586510975262214e-11	-0	0	success	ew_sym_res	success	710	2.227270702481179e-07	2.428410459649532e-07	0.000125549278091651	-2736389418153.95	nan	nan	nan	nan	nan	nan	nan	nan	nan	nan	nan	nan	nan	nan	nan	7.377
223615	125.09	11.84	23.51	352.8	0.04816	0.6578	0.0026685381489905667	0.04643818911212724	-1048.056352582376	-0.01059640467576745	-1.689182342358123	1.635581538183036e-05	48.72893768852161	0	-2.648356181379056e-05	0	0	-0	-0	-0	-2.586510975262214e-11	-0	0	success	ew_sym_res	success	711	2.227270702481179e-07	2.428410459649532e-07	0.000125549278091651	-2751837516924.241	nan	nan	nan	nan	nan	nan	nan	nan	nan	nan	nan	nan	nan	nan	nan	7.377
223615	125.09	11.84	23.51	352.8	0.04816	0.6578	0.0026685381489905667	0.04643818911212724	-1048.056352582376	-0.01059640467576745	-1.689182342358123	1.635581538183036e-05	48.72893768852161	0	-2.648356181379056e-05	0	0	-0	-0	-0	-2.586510975262214e-11	-0	0	success	ew_sym_res	success	712	2.227270702481179e-07	2.428410459649532e-07	0.000125549278091651	-2767350933091.763	nan	nan	nan	nan	nan	nan	nan	nan	nan	nan	nan	nan	nan	nan	nan	7.377
223615	125.09	11.84	23.51	352.8	0.04816	0.6578	0.0026685381489905667	0.04643818911212724	-1048.056352582376	-0.01059640467576745	-1.689182342358123	1.635581538183036e-05	48.72893768852161	0	-2.648356181379056e-05	0	0	-0	-0	-0	-2.586510975262214e-11	-0	0	success	ew_sym_res	success	713	2.227270702481179e-07	2.428410459649532e-07	0.000125549278091651	-2782929850516.521	nan	nan	nan	nan	nan	nan	nan	nan	nan	nan	nan	nan	nan	nan	nan	7.377
223615	125.09	11.84	23.51	352.8	0.04816	0.6578	0.0026685381489905667	0.04643818911212724	-1048.056352582376	-0.01059640467576745	-1.689182342358123	1.635581538183036e-05	48.72893768852161	0	-2.648356181379056e-05	0	0	-0	-0	-0	-2.586510975262214e-11	-0	0	success	ew_sym_res	success	714	2.227270702481179e-07	2.428410459649532e-07	0.000125549278091651	-2798574453316.937	nan	nan	nan	nan	nan	nan	nan	nan	nan	nan	nan	nan	nan	nan	nan	7.377
223615	125.09	11.84	23.51	352.8	0.04816	0.6578	0.0026685381489905667	0.04643818911212724	-1048.056352582376	-0.01059640467576745	-1.689182342358123	1.635581538183036e-05	48.72893768852161	0	-2.648356181379056e-05	0	0	-0	-0	-0	-2.586510975262214e-11	-0	0	success	ew_sym_res	success	715	2.227270702481179e-07	2.428410459649532e-07	0.000125549278091651	-2814284925869.844	nan	nan	nan	nan	nan	nan	nan	nan	nan	nan	nan	nan	nan	nan	nan	7.377
223615	125.09	11.84	23.51	352.8	0.04816	0.6578	0.0026685381489905667	0.04643818911212724	-1048.056352582376	-0.01059640467576745	-1.689182342358123	1.635581538183036e-05	48.72893768852161	0	-2.648356181379056e-05	0	0	-0	-0	-0	-2.586510975262214e-11	-0	0	success	ew_sym_res	success	716	2.227270702481179e-07	2.428410459649532e-07	0.000125549278091651	-2830061452810.492	nan	nan	nan	nan	nan	nan	nan	nan	nan	nan	nan	nan	nan	nan	nan	7.377
223615	125.09	11.84	23.51	352.8	0.04816	0.6578	0.0026685381489905667	0.04643818911212724	-1048.056352582376	-0.01059640467576745	-1.689182342358123	1.635581538183036e-05	48.72893768852161	0	-2.648356181379056e-05	0	0	-0	-0	-0	-2.586510975262214e-11	-0	0	success	ew_sym_res	success	717	2.227270702481179e-07	2.428410459649532e-07	0.000125549278091651	-2845904219032.536	nan	nan	nan	nan	nan	nan	nan	nan	nan	nan	nan	nan	nan	nan	nan	7.377
223615	125.09	11.84	23.51	352.8	0.04816	0.6578	0.0026685381489905667	0.04643818911212724	-1048.056352582376	-0.01059640467576745	-1.689182342358123	1.635581538183036e-05	48.72893768852161	0	-2.648356181379056e-05	0	0	-0	-0	-0	-2.586510975262214e-11	-0	0	success	ew_sym_res	success	718	2.227270702481179e-07	2.428410459649532e-07	0.000125549278091651	-2861813409688.044	nan	nan	nan	nan	nan	nan	nan	nan	nan	nan	nan	nan	nan	nan	nan	7.377
223615	125.09	11.84	23.51	352.8	0.04816	0.6578	0.0026685381489905667	0.04643818911212724	-1048.056352582376	-0.01059640467576745	-1.689182342358123	1.635581538183036e-05	48.72893768852161	0	-2.648356181379056e-05	0	0	-0	-0	-0	-2.586510975262214e-11	-0	0	success	ew_sym_res	success	719	2.227270702481179e-07	2.428410459649532e-07	0.000125549278091651	-2877789210187.504	nan	nan	nan	nan	nan	nan	nan	nan	nan	nan	nan	nan	nan	nan	nan	7.377
223615	125.09	11.84	23.51	352.8	0.04816	0.6578	0.0026685381489905667	0.04643818911212724	-1048.056352582376	-0.01059640467576745	-1.689182342358123	1.635581538183036e-05	48.72893768852161	0	-2.648356181379056e-05	0	0	-0	-0	-0	-2.586510975262214e-11	-0	0	success	ew_sym_res	success	720	2.227270702481179e-07	2.428410459649532e-07	0.000125549278091651	-2893831806199.803	nan	nan	nan	nan	nan	nan	nan	nan	nan	nan	nan	nan	nan	nan	nan	7.377
223615	125.09	11.84	23.51	352.8	0.04816	0.6578	0.0026685381489905667	0.04643818911212724	-1048.056352582376	-0.01059640467576745	-1.689182342358123	1.635581538183036e-05	48.72893768852161	0	-2.648356181379056e-05	0	0	-0	-0	-0	-2.586510975262214e-11	-0	0	success	ew_sym_res	success	721	2.227270702481179e-07	2.428410459649532e-07	0.000125549278091651	-2909941383652.248	nan	nan	nan	nan	nan	nan	nan	nan	nan	nan	nan	nan	nan	nan	nan	7.377
223615	125.09	11.84	23.51	352.8	0.04816	0.6578	0.0026685381489905667	0.04643818911212724	-1048.056352582376	-0.01059640467576745	-1.689182342358123	1.635581538183036e-05	48.72893768852161	0	-2.648356181379056e-05	0	0	-0	-0	-0	-2.586510975262214e-11	-0	0	success	ew_sym_res	success	722	2.227270702481179e-07	2.428410459649532e-07	0.000125549278091651	-2926118128730.559	nan	nan	nan	nan	nan	nan	nan	nan	nan	nan	nan	nan	nan	nan	nan	7.377
223615	125.09	11.84	23.51	352.8	0.04816	0.6578	0.0026685381489905667	0.04643818911212724	-1048.056352582376	-0.01059640467576745	-1.689182342358123	1.635581538183036e-05	48.72893768852161	0	-2.648356181379056e-05	0	0	-0	-0	-0	-2.586510975262214e-11	-0	0	success	ew_sym_res	success	723	2.227270702481179e-07	2.428410459649532e-07	0.000125549278091651	-2942362227878.858	nan	nan	nan	nan	nan	nan	nan	nan	nan	nan	nan	nan	nan	nan	nan	7.377
223615	125.09	11.84	23.51	352.8	0.04816	0.6578	0.0026685381489905667	0.04643818911212724	-1048.056352582376	-0.01059640467576745	-1.689182342358123	1.635581538183036e-05	48.72893768852161	0	-2.648356181379056e-05	0	0	-0	-0	-0	-2.586510975262214e-11	-0	0	success	ew_sym_res	success	724	2.227270702481179e-07	2.428410459649532e-07	0.000125549278091651	-2958673867799.69	nan	nan	nan	nan	nan	nan	nan	nan	nan	nan	nan	nan	nan	nan	nan	7.377
223615	125.09	11.84	23.51	352.8	0.04816	0.6578	0.0026685381489905667	0.04643818911212724	-1048.056352582376	-0.01059640467576745	-1.689182342358123	1.635581538183036e-05	48.72893768852161	0	-2.648356181379056e-05	0	0	-0	-0	-0	-2.586510975262214e-11	-0	0	success	ew_sym_res	success	725	2.227270702481179e-07	2.428410459649532e-07	0.000125549278091651	-2975053235454.013	nan	nan	nan	nan	nan	nan	nan	nan	nan	nan	nan	nan	nan	nan	nan	7.377
223615	125.09	11.84	23.51	352.8	0.04816	0.6578	0.0026685381489905667	0.04643818911212724	-1048.056352582376	-0.01059640467576745	-1.689182342358123	1.635581538183036e-05	48.72893768852161	0	-2.648356181379056e-05	0	0	-0	-0	-0	-2.586510975262214e-11	-0	0	success	ew_sym_res	success	726	2.227270702481179e-07	2.428410459649532e-07	0.000125549278091651	-2991500518061.18	nan	nan	nan	nan	nan	nan	nan	nan	nan	nan	nan	nan	nan	nan	nan	7.377
223615	125.09	11.84	23.51	352.8	0.04816	0.6578	0.0026685381489905667	0.04643818911212724	-1048.056352582376	-0.01059640467576745	-1.689182342358123	1.635581538183036e-05	48.72893768852161	0	-2.648356181379056e-05	0	0	-0	-0	-0	-2.586510975262214e-11	-0	0	success	ew_sym_res	success	727	2.227270702481179e-07	2.428410459649532e-07	0.000125549278091651	-3008015903098.979	nan	nan	nan	nan	nan	nan	nan	nan	nan	nan	nan	nan	nan	nan	nan	7.377
223615	125.09	11.84	23.51	352.8	0.04816	0.6578	0.0026685381489905667	0.04643818911212724	-1048.056352582376	-0.01059640467576745	-1.689182342358123	1.635581538183036e-05	48.72893768852161	0	-2.648356181379056e-05	0	0	-0	-0	-0	-2.586510975262214e-11	-0	0	success	ew_sym_res	success	727.2727272727273	2.227270702481179e-07	2.428410459649532e-07	0.000125549278091651	-3012531943125.876	nan	nan	nan	nan	nan	nan	nan	nan	nan	nan	nan	nan	nan	nan	nan	7.377
223615	125.09	11.84	23.51	352.8	0.04816	0.6578	0.0026685381489905667	0.04643818911212724	-1048.056352582376	-0.01059640467576745	-1.689182342358123	1.635581538183036e-05	48.72893768852161	0	-2.648356181379056e-05	0	0	-0	-0	-0	-2.586510975262214e-11	-0	0	success	ew_sym_res	success	728	2.227270702481179e-07	2.428410459649532e-07	0.000125549278091651	-3024599578303.585	nan	nan	nan	nan	nan	nan	nan	nan	nan	nan	nan	nan	nan	nan	nan	7.377
223615	125.09	11.84	23.51	352.8	0.04816	0.6578	0.0026685381489905667	0.04643818911212724	-1048.056352582376	-0.01059640467576745	-1.689182342358123	1.635581538183036e-05	48.72893768852161	0	-2.648356181379056e-05	0	0	-0	-0	-0	-2.586510975262214e-11	-0	0	success	ew_sym_res	success	729	2.227270702481179e-07	2.428410459649532e-07	0.000125549278091651	-3041251731669.609	nan	nan	nan	nan	nan	nan	nan	nan	nan	nan	nan	nan	nan	nan	nan	7.377
223615	125.09	11.84	23.51	352.8	0.04816	0.6578	0.0026685381489905667	0.04643818911212724	-1048.056352582376	-0.01059640467576745	-1.689182342358123	1.635581538183036e-05	48.72893768852161	0	-2.648356181379056e-05	0	0	-0	-0	-0	-2.586510975262214e-11	-0	0	success	ew_sym_res	success	730	2.227270702481179e-07	2.428410459649532e-07	0.000125549278091651	-3057972551450.061	nan	nan	nan	nan	nan	nan	nan	nan	nan	nan	nan	nan	nan	nan	nan	7.377
223615	125.09	11.84	23.51	352.8	0.04816	0.6578	0.0026685381489905667	0.04643818911212724	-1048.056352582376	-0.01059640467576745	-1.689182342358123	1.635581538183036e-05	48.72893768852161	0	-2.648356181379056e-05	0	0	-0	-0	-0	-2.586510975262214e-11	-0	0	success	ew_sym_res	success	731	2.227270702481179e-07	2.428410459649532e-07	0.000125549278091651	-3074762226156.358	nan	nan	nan	nan	nan	nan	nan	nan	nan	nan	nan	nan	nan	nan	nan	7.377
223615	125.09	11.84	23.51	352.8	0.04816	0.6578	0.0026685381489905667	0.04643818911212724	-1048.056352582376	-0.01059640467576745	-1.689182342358123	1.635581538183036e-05	48.72893768852161	0	-2.648356181379056e-05	0	0	-0	-0	-0	-2.586510975262214e-11	-0	0	success	ew_sym_res	success	732	2.227270702481179e-07	2.428410459649532e-07	0.000125549278091651	-3091620944558.34	nan	nan	nan	nan	nan	nan	nan	nan	nan	nan	nan	nan	nan	nan	nan	7.377
223615	125.09	11.84	23.51	352.8	0.04816	0.6578	0.0026685381489905667	0.04643818911212724	-1048.056352582376	-0.01059640467576745	-1.689182342358123	1.635581538183036e-05	48.72893768852161	0	-2.648356181379056e-05	0	0	-0	-0	-0	-2.586510975262214e-11	-0	0	success	ew_sym_res	success	733	2.227270702481179e-07	2.428410459649532e-07	0.000125549278091651	-3108548895684.257	nan	nan	nan	nan	nan	nan	nan	nan	nan	nan	nan	nan	nan	nan	nan	7.377
223615	125.09	11.84	23.51	352.8	0.04816	0.6578	0.0026685381489905667	0.04643818911212724	-1048.056352582376	-0.01059640467576745	-1.689182342358123	1.635581538183036e-05	48.72893768852161	0	-2.648356181379056e-05	0	0	-0	-0	-0	-2.586510975262214e-11	-0	0	success	ew_sym_res	success	734	2.227270702481179e-07	2.428410459649532e-07	0.000125549278091651	-3125546268820.761	nan	nan	nan	nan	nan	nan	nan	nan	nan	nan	nan	nan	nan	nan	nan	7.377
223615	125.09	11.84	23.51	352.8	0.04816	0.6578	0.0026685381489905667	0.04643818911212724	-1048.056352582376	-0.01059640467576745	-1.689182342358123	1.635581538183036e-05	48.72893768852161	0	-2.648356181379056e-05	0	0	-0	-0	-0	-2.586510975262214e-11	-0	0	success	ew_sym_res	success	735	2.227270702481179e-07	2.428410459649532e-07	0.000125549278091651	-3142613253512.93	nan	nan	nan	nan	nan	nan	nan	nan	nan	nan	nan	nan	nan	nan	nan	7.377
223615	125.09	11.84	23.51	352.8	0.04816	0.6578	0.0026685381489905667	0.04643818911212724	-1048.056352582376	-0.01059640467576745	-1.689182342358123	1.635581538183036e-05	48.72893768852161	0	-2.648356181379056e-05	0	0	-0	-0	-0	-2.586510975262214e-11	-0	0	success	ew_sym_res	success	736	2.227270702481179e-07	2.428410459649532e-07	0.000125549278091651	-3159750039564.239	nan	nan	nan	nan	nan	nan	nan	nan	nan	nan	nan	nan	nan	nan	nan	7.377
223615	125.09	11.84	23.51	352.8	0.04816	0.6578	0.0026685381489905667	0.04643818911212724	-1048.056352582376	-0.01059640467576745	-1.689182342358123	1.635581538183036e-05	48.72893768852161	0	-2.648356181379056e-05	0	0	-0	-0	-0	-2.586510975262214e-11	-0	0	success	ew_sym_res	success	737	2.227270702481179e-07	2.428410459649532e-07	0.000125549278091651	-3176956817036.588	nan	nan	nan	nan	nan	nan	nan	nan	nan	nan	nan	nan	nan	nan	nan	7.377
223615	125.09	11.84	23.51	352.8	0.04816	0.6578	0.0026685381489905667	0.04643818911212724	-1048.056352582376	-0.01059640467576745	-1.689182342358123	1.635581538183036e-05	48.72893768852161	0	-2.648356181379056e-05	0	0	-0	-0	-0	-2.586510975262214e-11	-0	0	success	ew_sym_res	success	738	2.227270702481179e-07	2.428410459649532e-07	0.000125549278091651	-3194233776250.286	nan	nan	nan	nan	nan	nan	nan	nan	nan	nan	nan	nan	nan	nan	nan	7.377
223615	125.09	11.84	23.51	352.8	0.04816	0.6578	0.0026685381489905667	0.04643818911212724	-1048.056352582376	-0.01059640467576745	-1.689182342358123	1.635581538183036e-05	48.72893768852161	0	-2.648356181379056e-05	0	0	-0	-0	-0	-2.586510975262214e-11	-0	0	success	ew_sym_res	success	739	2.227270702481179e-07	2.428410459649532e-07	0.000125549278091651	-3211581107784.046	nan	nan	nan	nan	nan	nan	nan	nan	nan	nan	nan	nan	nan	nan	nan	7.377
223615	125.09	11.84	23.51	352.8	0.04816	0.6578	0.0026685381489905667	0.04643818911212724	-1048.056352582376	-0.01059640467576745	-1.689182342358123	1.635581538183036e-05	48.72893768852161	0	-2.648356181379056e-05	0	0	-0	-0	-0	-2.586510975262214e-11	-0	0	success	ew_sym_res	success	740	2.227270702481179e-07	2.428410459649532e-07	0.000125549278091651	-3228999002474.999	nan	nan	nan	nan	nan	nan	nan	nan	nan	nan	nan	nan	nan	nan	nan	7.377
223615	125.09	11.84	23.51	352.8	0.04816	0.6578	0.0026685381489905667	0.04643818911212724	-1048.056352582376	-0.01059640467576745	-1.689182342358123	1.635581538183036e-05	48.72893768852161	0	-2.648356181379056e-05	0	0	-0	-0	-0	-2.586510975262214e-11	-0	0	success	ew_sym_res	success	741	2.227270702481179e-07	2.428410459649532e-07	0.000125549278091651	-3246487651418.685	nan	nan	nan	nan	nan	nan	nan	nan	nan	nan	nan	nan	nan	nan	nan	7.377
223615	125.09	11.84	23.51	352.8	0.04816	0.6578	0.0026685381489905667	0.04643818911212724	-1048.056352582376	-0.01059640467576745	-1.689182342358123	1.635581538183036e-05	48.72893768852161	0	-2.648356181379056e-05	0	0	-0	-0	-0	-2.586510975262214e-11	-0	0	success	ew_sym_res	success	742	2.227270702481179e-07	2.428410459649532e-07	0.000125549278091651	-3264047245969.061	nan	nan	nan	nan	nan	nan	nan	nan	nan	nan	nan	nan	nan	nan	nan	7.377
223615	125.09	11.84	23.51	352.8	0.04816	0.6578	0.0026685381489905667	0.04643818911212724	-1048.056352582376	-0.01059640467576745	-1.689182342358123	1.635581538183036e-05	48.72893768852161	0	-2.648356181379056e-05	0	0	-0	-0	-0	-2.586510975262214e-11	-0	0	success	ew_sym_res	success	743	2.227270702481179e-07	2.428410459649532e-07	0.000125549278091651	-3281677977738.492	nan	nan	nan	nan	nan	nan	nan	nan	nan	nan	nan	nan	nan	nan	nan	7.377
223615	125.09	11.84	23.51	352.8	0.04816	0.6578	0.0026685381489905667	0.04643818911212724	-1048.056352582376	-0.01059640467576745	-1.689182342358123	1.635581538183036e-05	48.72893768852161	0	-2.648356181379056e-05	0	0	-0	-0	-0	-2.586510975262214e-11	-0	0	success	ew_sym_res	success	744	2.227270702481179e-07	2.428410459649532e-07	0.000125549278091651	-3299380038597.759	nan	nan	nan	nan	nan	nan	nan	nan	nan	nan	nan	nan	nan	nan	nan	7.377
223615	125.09	11.84	23.51	352.8	0.04816	0.6578	0.0026685381489905667	0.04643818911212724	-1048.056352582376	-0.01059640467576745	-1.689182342358123	1.635581538183036e-05	48.72893768852161	0	-2.648356181379056e-05	0	0	-0	-0	-0	-2.586510975262214e-11	-0	0	success	ew_sym_res	success	745	2.227270702481179e-07	2.428410459649532e-07	0.000125549278091651	-3317153620676.043	nan	nan	nan	nan	nan	nan	nan	nan	nan	nan	nan	nan	nan	nan	nan	7.377
223615	125.09	11.84	23.51	352.8	0.04816	0.6578	0.0026685381489905667	0.04643818911212724	-1048.056352582376	-0.01059640467576745	-1.689182342358123	1.635581538183036e-05	48.72893768852161	0	-2.648356181379056e-05	0	0	-0	-0	-0	-2.586510975262214e-11	-0	0	success	ew_sym_res	success	746	2.227270702481179e-07	2.428410459649532e-07	0.000125549278091651	-3334998916360.95	nan	nan	nan	nan	nan	nan	nan	nan	nan	nan	nan	nan	nan	nan	nan	7.377
223615	125.09	11.84	23.51	352.8	0.04816	0.6578	0.0026685381489905667	0.04643818911212724	-1048.056352582376	-0.01059640467576745	-1.689182342358123	1.635581538183036e-05	48.72893768852161	0	-2.648356181379056e-05	0	0	-0	-0	-0	-2.586510975262214e-11	-0	0	success	ew_sym_res	success	747	2.227270702481179e-07	2.428410459649532e-07	0.000125549278091651	-3352916118298.49	nan	nan	nan	nan	nan	nan	nan	nan	nan	nan	nan	nan	nan	nan	nan	7.377
223615	125.09	11.84	23.51	352.8	0.04816	0.6578	0.0026685381489905667	0.04643818911212724	-1048.056352582376	-0.01059640467576745	-1.689182342358123	1.635581538183036e-05	48.72893768852161	0	-2.648356181379056e-05	0	0	-0	-0	-0	-2.586510975262214e-11	-0	0	success	ew_sym_res	success	748	2.227270702481179e-07	2.428410459649532e-07	0.000125549278091651	-3370905419393.093	nan	nan	nan	nan	nan	nan	nan	nan	nan	nan	nan	nan	nan	nan	nan	7.377
223615	125.09	11.84	23.51	352.8	0.04816	0.6578	0.0026685381489905667	0.04643818911212724	-1048.056352582376	-0.01059640467576745	-1.689182342358123	1.635581538183036e-05	48.72893768852161	0	-2.648356181379056e-05	0	0	-0	-0	-0	-2.586510975262214e-11	-0	0	success	ew_sym_res	success	749	2.227270702481179e-07	2.428410459649532e-07	0.000125549278091651	-3388967012807.589	nan	nan	nan	nan	nan	nan	nan	nan	nan	nan	nan	nan	nan	nan	nan	7.377
223615	125.09	11.84	23.51	352.8	0.04816	0.6578	0.0026685381489905667	0.04643818911212724	-1048.056352582376	-0.01059640467576745	-1.689182342358123	1.635581538183036e-05	48.72893768852161	0	-2.648356181379056e-05	0	0	-0	-0	-0	-2.586510975262214e-11	-0	0	success	ew_sym_res	success	750	2.227270702481179e-07	2.428410459649532e-07	0.000125549278091651	-3407101091963.231	nan	nan	nan	nan	nan	nan	nan	nan	nan	nan	nan	nan	nan	nan	nan	7.377
223615	125.09	11.84	23.51	352.8	0.04816	0.6578	0.0026685381489905667	0.04643818911212724	-1048.056352582376	-0.01059640467576745	-1.689182342358123	1.635581538183036e-05	48.72893768852161	0	-2.648356181379056e-05	0	0	-0	-0	-0	-2.586510975262214e-11	-0	0	success	ew_sym_res	success	751	2.227270702481179e-07	2.428410459649532e-07	0.000125549278091651	-3425307850539.682	nan	nan	nan	nan	nan	nan	nan	nan	nan	nan	nan	nan	nan	nan	nan	7.377
223615	125.09	11.84	23.51	352.8	0.04816	0.6578	0.0026685381489905667	0.04643818911212724	-1048.056352582376	-0.01059640467576745	-1.689182342358123	1.635581538183036e-05	48.72893768852161	0	-2.648356181379056e-05	0	0	-0	-0	-0	-2.586510975262214e-11	-0	0	success	ew_sym_res	success	752	2.227270702481179e-07	2.428410459649532e-07	0.000125549278091651	-3443587482475.008	nan	nan	nan	nan	nan	nan	nan	nan	nan	nan	nan	nan	nan	nan	nan	7.377
223615	125.09	11.84	23.51	352.8	0.04816	0.6578	0.0026685381489905667	0.04643818911212724	-1048.056352582376	-0.01059640467576745	-1.689182342358123	1.635581538183036e-05	48.72893768852161	0	-2.648356181379056e-05	0	0	-0	-0	-0	-2.586510975262214e-11	-0	0	success	ew_sym_res	success	753	2.227270702481179e-07	2.428410459649532e-07	0.000125549278091651	-3461940181965.688	nan	nan	nan	nan	nan	nan	nan	nan	nan	nan	nan	nan	nan	nan	nan	7.377
223615	125.09	11.84	23.51	352.8	0.04816	0.6578	0.0026685381489905667	0.04643818911212724	-1048.056352582376	-0.01059640467576745	-1.689182342358123	1.635581538183036e-05	48.72893768852161	0	-2.648356181379056e-05	0	0	-0	-0	-0	-2.586510975262214e-11	-0	0	success	ew_sym_res	success	754	2.227270702481179e-07	2.428410459649532e-07	0.000125549278091651	-3480366143466.63	nan	nan	nan	nan	nan	nan	nan	nan	nan	nan	nan	nan	nan	nan	nan	7.378
223615	125.09	11.84	23.51	352.8	0.04816	0.6578	0.0026685381489905667	0.04643818911212724	-1048.056352582376	-0.01059640467576745	-1.689182342358123	1.635581538183036e-05	48.72893768852161	0	-2.648356181379056e-05	0	0	-0	-0	-0	-2.586510975262214e-11	-0	0	success	ew_sym_res	success	755	2.227270702481179e-07	2.428410459649532e-07	0.000125549278091651	-3498865561691.135	nan	nan	nan	nan	nan	nan	nan	nan	nan	nan	nan	nan	nan	nan	nan	7.378
223615	125.09	11.84	23.51	352.8	0.04816	0.6578	0.0026685381489905667	0.04643818911212724	-1048.056352582376	-0.01059640467576745	-1.689182342358123	1.635581538183036e-05	48.72893768852161	0	-2.648356181379056e-05	0	0	-0	-0	-0	-2.586510975262214e-11	-0	0	success	ew_sym_res	success	756	2.227270702481179e-07	2.428410459649532e-07	0.000125549278091651	-3517438631610.925	nan	nan	nan	nan	nan	nan	nan	nan	nan	nan	nan	nan	nan	nan	nan	7.378
223615	125.09	11.84	23.51	352.8	0.04816	0.6578	0.0026685381489905667	0.04643818911212724	-1048.056352582376	-0.01059640467576745	-1.689182342358123	1.635581538183036e-05	48.72893768852161	0	-2.648356181379056e-05	0	0	-0	-0	-0	-2.586510975262214e-11	-0	0	success	ew_sym_res	success	757	2.227270702481179e-07	2.428410459649532e-07	0.000125549278091651	-3536085548456.131	nan	nan	nan	nan	nan	nan	nan	nan	nan	nan	nan	nan	nan	nan	nan	7.378
223615	125.09	11.84	23.51	352.8	0.04816	0.6578	0.0026685381489905667	0.04643818911212724	-1048.056352582376	-0.01059640467576745	-1.689182342358123	1.635581538183036e-05	48.72893768852161	0	-2.648356181379056e-05	0	0	-0	-0	-0	-2.586510975262214e-11	-0	0	success	ew_sym_res	success	758	2.227270702481179e-07	2.428410459649532e-07	0.000125549278091651	-3554806507715.292	nan	nan	nan	nan	nan	nan	nan	nan	nan	nan	nan	nan	nan	nan	nan	7.378
223615	125.09	11.84	23.51	352.8	0.04816	0.6578	0.0026685381489905667	0.04643818911212724	-1048.056352582376	-0.01059640467576745	-1.689182342358123	1.635581538183036e-05	48.72893768852161	0	-2.648356181379056e-05	0	0	-0	-0	-0	-2.586510975262214e-11	-0	0	success	ew_sym_res	success	759	2.227270702481179e-07	2.428410459649532e-07	0.000125549278091651	-3573601705135.363	nan	nan	nan	nan	nan	nan	nan	nan	nan	nan	nan	nan	nan	nan	nan	7.378
223615	125.09	11.84	23.51	352.8	0.04816	0.6578	0.0026685381489905667	0.04643818911212724	-1048.056352582376	-0.01059640467576745	-1.689182342358123	1.635581538183036e-05	48.72893768852161	0	-2.648356181379056e-05	0	0	-0	-0	-0	-2.586510975262214e-11	-0	0	success	ew_sym_res	success	760	2.227270702481179e-07	2.428410459649532e-07	0.000125549278091651	-3592471336721.716	nan	nan	nan	nan	nan	nan	nan	nan	nan	nan	nan	nan	nan	nan	nan	7.378
223615	125.09	11.84	23.51	352.8	0.04816	0.6578	0.0026685381489905667	0.04643818911212724	-1048.056352582376	-0.01059640467576745	-1.689182342358123	1.635581538183036e-05	48.72893768852161	0	-2.648356181379056e-05	0	0	-0	-0	-0	-2.586510975262214e-11	-0	0	success	ew_sym_res	success	761	2.227270702481179e-07	2.428410459649532e-07	0.000125549278091651	-3611415598738.126	nan	nan	nan	nan	nan	nan	nan	nan	nan	nan	nan	nan	nan	nan	nan	7.378
223615	125.09	11.84	23.51	352.8	0.04816	0.6578	0.0026685381489905667	0.04643818911212724	-1048.056352582376	-0.01059640467576745	-1.689182342358123	1.635581538183036e-05	48.72893768852161	0	-2.648356181379056e-05	0	0	-0	-0	-0	-2.586510975262214e-11	-0	0	success	ew_sym_res	success	762	2.227270702481179e-07	2.428410459649532e-07	0.000125549278091651	-3630434687706.784	nan	nan	nan	nan	nan	nan	nan	nan	nan	nan	nan	nan	nan	nan	nan	7.378
223615	125.09	11.84	23.51	352.8	0.04816	0.6578	0.0026685381489905667	0.04643818911212724	-1048.056352582376	-0.01059640467576745	-1.689182342358123	1.635581538183036e-05	48.72893768852161	0	-2.648356181379056e-05	0	0	-0	-0	-0	-2.586510975262214e-11	-0	0	success	ew_sym_res	success	763	2.227270702481179e-07	2.428410459649532e-07	0.000125549278091651	-3649528800408.295	nan	nan	nan	nan	nan	nan	nan	nan	nan	nan	nan	nan	nan	nan	nan	7.378
223615	125.09	11.84	23.51	352.8	0.04816	0.6578	0.0026685381489905667	0.04643818911212724	-1048.056352582376	-0.01059640467576745	-1.689182342358123	1.635581538183036e-05	48.72893768852161	0	-2.648356181379056e-05	0	0	-0	-0	-0	-2.586510975262214e-11	-0	0	success	ew_sym_res	success	764	2.227270702481179e-07	2.428410459649532e-07	0.000125549278091651	-3668698133881.667	nan	nan	nan	nan	nan	nan	nan	nan	nan	nan	nan	nan	nan	nan	nan	7.378
223615	125.09	11.84	23.51	352.8	0.04816	0.6578	0.0026685381489905667	0.04643818911212724	-1048.056352582376	-0.01059640467576745	-1.689182342358123	1.635581538183036e-05	48.72893768852161	0	-2.648356181379056e-05	0	0	-0	-0	-0	-2.586510975262214e-11	-0	0	success	ew_sym_res	success	765	2.227270702481179e-07	2.428410459649532e-07	0.000125549278091651	-3687942885424.325	nan	nan	nan	nan	nan	nan	nan	nan	nan	nan	nan	nan	nan	nan	nan	7.378
223615	125.09	11.84	23.51	352.8	0.04816	0.6578	0.0026685381489905667	0.04643818911212724	-1048.056352582376	-0.01059640467576745	-1.689182342358123	1.635581538183036e-05	48.72893768852161	0	-2.648356181379056e-05	0	0	-0	-0	-0	-2.586510975262214e-11	-0	0	success	ew_sym_res	success	766	2.227270702481179e-07	2.428410459649532e-07	0.000125549278091651	-3707263252592.12	nan	nan	nan	nan	nan	nan	nan	nan	nan	nan	nan	nan	nan	nan	nan	7.378
223615	125.09	11.84	23.51	352.8	0.04816	0.6578	0.0026685381489905667	0.04643818911212724	-1048.056352582376	-0.01059640467576745	-1.689182342358123	1.635581538183036e-05	48.72893768852161	0	-2.648356181379056e-05	0	0	-0	-0	-0	-2.586510975262214e-11	-0	0	success	ew_sym_res	success	767	2.227270702481179e-07	2.428410459649532e-07	0.000125549278091651	-3726659433199.286	nan	nan	nan	nan	nan	nan	nan	nan	nan	nan	nan	nan	nan	nan	nan	7.378
223615	125.09	11.84	23.51	352.8	0.04816	0.6578	0.0026685381489905667	0.04643818911212724	-1048.056352582376	-0.01059640467576745	-1.689182342358123	1.635581538183036e-05	48.72893768852161	0	-2.648356181379056e-05	0	0	-0	-0	-0	-2.586510975262214e-11	-0	0	success	ew_sym_res	success	768	2.227270702481179e-07	2.428410459649532e-07	0.000125549278091651	-3746131625318.49	nan	nan	nan	nan	nan	nan	nan	nan	nan	nan	nan	nan	nan	nan	nan	7.378
223615	125.09	11.84	23.51	352.8	0.04816	0.6578	0.0026685381489905667	0.04643818911212724	-1048.056352582376	-0.01059640467576745	-1.689182342358123	1.635581538183036e-05	48.72893768852161	0	-2.648356181379056e-05	0	0	-0	-0	-0	-2.586510975262214e-11	-0	0	success	ew_sym_res	success	769	2.227270702481179e-07	2.428410459649532e-07	0.000125549278091651	-3765680027280.807	nan	nan	nan	nan	nan	nan	nan	nan	nan	nan	nan	nan	nan	nan	nan	7.378
223615	125.09	11.84	23.51	352.8	0.04816	0.6578	0.0026685381489905667	0.04643818911212724	-1048.056352582376	-0.01059640467576745	-1.689182342358123	1.635581538183036e-05	48.72893768852161	0	-2.648356181379056e-05	0	0	-0	-0	-0	-2.586510975262214e-11	-0	0	success	ew_sym_res	success	770	2.227270702481179e-07	2.428410459649532e-07	0.000125549278091651	-3785304837675.724	nan	nan	nan	nan	nan	nan	nan	nan	nan	nan	nan	nan	nan	nan	nan	7.378
223615	125.09	11.84	23.51	352.8	0.04816	0.6578	0.0026685381489905667	0.04643818911212724	-1048.056352582376	-0.01059640467576745	-1.689182342358123	1.635581538183036e-05	48.72893768852161	0	-2.648356181379056e-05	0	0	-0	-0	-0	-2.586510975262214e-11	-0	0	success	ew_sym_res	success	771	2.227270702481179e-07	2.428410459649532e-07	0.000125549278091651	-3805006255351.129	nan	nan	nan	nan	nan	nan	nan	nan	nan	nan	nan	nan	nan	nan	nan	7.378
223615	125.09	11.84	23.51	352.8	0.04816	0.6578	0.0026685381489905667	0.04643818911212724	-1048.056352582376	-0.01059640467576745	-1.689182342358123	1.635581538183036e-05	48.72893768852161	0	-2.648356181379056e-05	0	0	-0	-0	-0	-2.586510975262214e-11	-0	0	success	ew_sym_res	success	772	2.227270702481179e-07	2.428410459649532e-07	0.000125549278091651	-3824784479413.337	nan	nan	nan	nan	nan	nan	nan	nan	nan	nan	nan	nan	nan	nan	nan	7.378
223615	125.09	11.84	23.51	352.8	0.04816	0.6578	0.0026685381489905667	0.04643818911212724	-1048.056352582376	-0.01059640467576745	-1.689182342358123	1.635581538183036e-05	48.72893768852161	0	-2.648356181379056e-05	0	0	-0	-0	-0	-2.586510975262214e-11	-0	0	success	ew_sym_res	success	773	2.227270702481179e-07	2.428410459649532e-07	0.000125549278091651	-3844639709227.07	nan	nan	nan	nan	nan	nan	nan	nan	nan	nan	nan	nan	nan	nan	nan	7.378
223615	125.09	11.84	23.51	352.8	0.04816	0.6578	0.0026685381489905667	0.04643818911212724	-1048.056352582376	-0.01059640467576745	-1.689182342358123	1.635581538183036e-05	48.72893768852161	0	-2.648356181379056e-05	0	0	-0	-0	-0	-2.586510975262214e-11	-0	0	success	ew_sym_res	success	774	2.227270702481179e-07	2.428410459649532e-07	0.000125549278091651	-3864572144415.459	nan	nan	nan	nan	nan	nan	nan	nan	nan	nan	nan	nan	nan	nan	nan	7.378
223615	125.09	11.84	23.51	352.8	0.04816	0.6578	0.0026685381489905667	0.04643818911212724	-1048.056352582376	-0.01059640467576745	-1.689182342358123	1.635581538183036e-05	48.72893768852161	0	-2.648356181379056e-05	0	0	-0	-0	-0	-2.586510975262214e-11	-0	0	success	ew_sym_res	success	775	2.227270702481179e-07	2.428410459649532e-07	0.000125549278091651	-3884581984860.045	nan	nan	nan	nan	nan	nan	nan	nan	nan	nan	nan	nan	nan	nan	nan	7.378
223615	125.09	11.84	23.51	352.8	0.04816	0.6578	0.0026685381489905667	0.04643818911212724	-1048.056352582376	-0.01059640467576745	-1.689182342358123	1.635581538183036e-05	48.72893768852161	0	-2.648356181379056e-05	0	0	-0	-0	-0	-2.586510975262214e-11	-0	0	success	ew_sym_res	success	776	2.227270702481179e-07	2.428410459649532e-07	0.000125549278091651	-3904669430700.787	nan	nan	nan	nan	nan	nan	nan	nan	nan	nan	nan	nan	nan	nan	nan	7.378
223615	125.09	11.84	23.51	352.8	0.04816	0.6578	0.0026685381489905667	0.04643818911212724	-1048.056352582376	-0.01059640467576745	-1.689182342358123	1.635581538183036e-05	48.72893768852161	0	-2.648356181379056e-05	0	0	-0	-0	-0	-2.586510975262214e-11	-0	0	success	ew_sym_res	success	777	2.227270702481179e-07	2.428410459649532e-07	0.000125549278091651	-3924834682336.049	nan	nan	nan	nan	nan	nan	nan	nan	nan	nan	nan	nan	nan	nan	nan	7.378
223615	125.09	11.84	23.51	352.8	0.04816	0.6578	0.0026685381489905667	0.04643818911212724	-1048.056352582376	-0.01059640467576745	-1.689182342358123	1.635581538183036e-05	48.72893768852161	0	-2.648356181379056e-05	0	0	-0	-0	-0	-2.586510975262214e-11	-0	0	success	ew_sym_res	success	778	2.227270702481179e-07	2.428410459649532e-07	0.000125549278091651	-3945077940422.615	nan	nan	nan	nan	nan	nan	nan	nan	nan	nan	nan	nan	nan	nan	nan	7.378
223615	125.09	11.84	23.51	352.8	0.04816	0.6578	0.0026685381489905667	0.04643818911212724	-1048.056352582376	-0.01059640467576745	-1.689182342358123	1.635581538183036e-05	48.72893768852161	0	-2.648356181379056e-05	0	0	-0	-0	-0	-2.586510975262214e-11	-0	0	success	ew_sym_res	success	779	2.227270702481179e-07	2.428410459649532e-07	0.000125549278091651	-3965399405875.678	nan	nan	nan	nan	nan	nan	nan	nan	nan	nan	nan	nan	nan	nan	nan	7.378
223615	125.09	11.84	23.51	352.8	0.04816	0.6578	0.0026685381489905667	0.04643818911212724	-1048.056352582376	-0.01059640467576745	-1.689182342358123	1.635581538183036e-05	48.72893768852161	0	-2.648356181379056e-05	0	0	-0	-0	-0	-2.586510975262214e-11	-0	0	success	ew_sym_res	success	780	2.227270702481179e-07	2.428410459649532e-07	0.000125549278091651	-3985799279868.836	nan	nan	nan	nan	nan	nan	nan	nan	nan	nan	nan	nan	nan	nan	nan	7.378
223615	125.09	11.84	23.51	352.8	0.04816	0.6578	0.0026685381489905667	0.04643818911212724	-1048.056352582376	-0.01059640467576745	-1.689182342358123	1.635581538183036e-05	48.72893768852161	0	-2.648356181379056e-05	0	0	-0	-0	-0	-2.586510975262214e-11	-0	0	success	ew_sym_res	success	781	2.227270702481179e-07	2.428410459649532e-07	0.000125549278091651	-4006277763834.105	nan	nan	nan	nan	nan	nan	nan	nan	nan	nan	nan	nan	nan	nan	nan	7.378
223615	125.09	11.84	23.51	352.8	0.04816	0.6578	0.0026685381489905667	0.04643818911212724	-1048.056352582376	-0.01059640467576745	-1.689182342358123	1.635581538183036e-05	48.72893768852161	0	-2.648356181379056e-05	0	0	-0	-0	-0	-2.586510975262214e-11	-0	0	success	ew_sym_res	success	782	2.227270702481179e-07	2.428410459649532e-07	0.000125549278091651	-4026835059461.917	nan	nan	nan	nan	nan	nan	nan	nan	nan	nan	nan	nan	nan	nan	nan	7.378
223615	125.09	11.84	23.51	352.8	0.04816	0.6578	0.0026685381489905667	0.04643818911212724	-1048.056352582376	-0.01059640467576745	-1.689182342358123	1.635581538183036e-05	48.72893768852161	0	-2.648356181379056e-05	0	0	-0	-0	-0	-2.586510975262214e-11	-0	0	success	ew_sym_res	success	783	2.227270702481179e-07	2.428410459649532e-07	0.000125549278091651	-4047471368701.103	nan	nan	nan	nan	nan	nan	nan	nan	nan	nan	nan	nan	nan	nan	nan	7.378
223615	125.09	11.84	23.51	352.8	0.04816	0.6578	0.0026685381489905667	0.04643818911212724	-1048.056352582376	-0.01059640467576745	-1.689182342358123	1.635581538183036e-05	48.72893768852161	0	-2.648356181379056e-05	0	0	-0	-0	-0	-2.586510975262214e-11	-0	0	success	ew_sym_res	success	784	2.227270702481179e-07	2.428410459649532e-07	0.000125549278091651	-4068186893758.922	nan	nan	nan	nan	nan	nan	nan	nan	nan	nan	nan	nan	nan	nan	nan	7.378
223615	125.09	11.84	23.51	352.8	0.04816	0.6578	0.0026685381489905667	0.04643818911212724	-1048.056352582376	-0.01059640467576745	-1.689182342358123	1.635581538183036e-05	48.72893768852161	0	-2.648356181379056e-05	0	0	-0	-0	-0	-2.586510975262214e-11	-0	0	success	ew_sym_res	success	785	2.227270702481179e-07	2.428410459649532e-07	0.000125549278091651	-4088981837101.03	nan	nan	nan	nan	nan	nan	nan	nan	nan	nan	nan	nan	nan	nan	nan	7.378
223615	125.09	11.84	23.51	352.8	0.04816	0.6578	0.0026685381489905667	0.04643818911212724	-1048.056352582376	-0.01059640467576745	-1.689182342358123	1.635581538183036e-05	48.72893768852161	0	-2.648356181379056e-05	0	0	-0	-0	-0	-2.586510975262214e-11	-0	0	success	ew_sym_res	success	786	2.227270702481179e-07	2.428410459649532e-07	0.000125549278091651	-4109856401451.506	nan	nan	nan	nan	nan	nan	nan	nan	nan	nan	nan	nan	nan	nan	nan	7.378
223615	125.09	11.84	23.51	352.8	0.04816	0.6578	0.0026685381489905667	0.04643818911212724	-1048.056352582376	-0.01059640467576745	-1.689182342358123	1.635581538183036e-05	48.72893768852161	0	-2.648356181379056e-05	0	0	-0	-0	-0	-2.586510975262214e-11	-0	0	success	ew_sym_res	success	787	2.227270702481179e-07	2.428410459649532e-07	0.000125549278091651	-4130810789792.833	nan	nan	nan	nan	nan	nan	nan	nan	nan	nan	nan	nan	nan	nan	nan	7.378
223615	125.09	11.84	23.51	352.8	0.04816	0.6578	0.0026685381489905667	0.04643818911212724	-1048.056352582376	-0.01059640467576745	-1.689182342358123	1.635581538183036e-05	48.72893768852161	0	-2.648356181379056e-05	0	0	-0	-0	-0	-2.586510975262214e-11	-0	0	success	ew_sym_res	success	788	2.227270702481179e-07	2.428410459649532e-07	0.000125549278091651	-4151845205365.908	nan	nan	nan	nan	nan	nan	nan	nan	nan	nan	nan	nan	nan	nan	nan	7.378
223615	125.09	11.84	23.51	352.8	0.04816	0.6578	0.0026685381489905667	0.04643818911212724	-1048.056352582376	-0.01059640467576745	-1.689182342358123	1.635581538183036e-05	48.72893768852161	0	-2.648356181379056e-05	0	0	-0	-0	-0	-2.586510975262214e-11	-0	0	success	ew_sym_res	success	789	2.227270702481179e-07	2.428410459649532e-07	0.000125549278091651	-4172959851670.043	nan	nan	nan	nan	nan	nan	nan	nan	nan	nan	nan	nan	nan	nan	nan	7.378
223615	125.09	11.84	23.51	352.8	0.04816	0.6578	0.0026685381489905667	0.04643818911212724	-1048.056352582376	-0.01059640467576745	-1.689182342358123	1.635581538183036e-05	48.72893768852161	0	-2.648356181379056e-05	0	0	-0	-0	-0	-2.586510975262214e-11	-0	0	success	ew_sym_res	success	790	2.227270702481179e-07	2.428410459649532e-07	0.000125549278091651	-4194154932462.958	nan	nan	nan	nan	nan	nan	nan	nan	nan	nan	nan	nan	nan	nan	nan	7.378
223615	125.09	11.84	23.51	352.8	0.04816	0.6578	0.0026685381489905667	0.04643818911212724	-1048.056352582376	-0.01059640467576745	-1.689182342358123	1.635581538183036e-05	48.72893768852161	0	-2.648356181379056e-05	0	0	-0	-0	-0	-2.586510975262214e-11	-0	0	success	ew_sym_res	success	791	2.227270702481179e-07	2.428410459649532e-07	0.000125549278091651	-4215430651760.79	nan	nan	nan	nan	nan	nan	nan	nan	nan	nan	nan	nan	nan	nan	nan	7.378
223615	125.09	11.84	23.51	352.8	0.04816	0.6578	0.0026685381489905667	0.04643818911212724	-1048.056352582376	-0.01059640467576745	-1.689182342358123	1.635581538183036e-05	48.72893768852161	0	-2.648356181379056e-05	0	0	-0	-0	-0	-2.586510975262214e-11	-0	0	success	ew_sym_res	success	792	2.227270702481179e-07	2.428410459649532e-07	0.000125549278091651	-4236787213838.082	nan	nan	nan	nan	nan	nan	nan	nan	nan	nan	nan	nan	nan	nan	nan	7.378
223615	125.09	11.84	23.51	352.8	0.04816	0.6578	0.0026685381489905667	0.04643818911212724	-1048.056352582376	-0.01059640467576745	-1.689182342358123	1.635581538183036e-05	48.72893768852161	0	-2.648356181379056e-05	0	0	-0	-0	-0	-2.586510975262214e-11	-0	0	success	ew_sym_res	success	793	2.227270702481179e-07	2.428410459649532e-07	0.000125549278091651	-4258224823227.789	nan	nan	nan	nan	nan	nan	nan	nan	nan	nan	nan	nan	nan	nan	nan	7.378
223615	125.09	11.84	23.51	352.8	0.04816	0.6578	0.0026685381489905667	0.04643818911212724	-1048.056352582376	-0.01059640467576745	-1.689182342358123	1.635581538183036e-05	48.72893768852161	0	-2.648356181379056e-05	0	0	-0	-0	-0	-2.586510975262214e-11	-0	0	success	ew_sym_res	success	794	2.227270702481179e-07	2.428410459649532e-07	0.000125549278091651	-4279743684721.28	nan	nan	nan	nan	nan	nan	nan	nan	nan	nan	nan	nan	nan	nan	nan	7.378
223615	125.09	11.84	23.51	352.8	0.04816	0.6578	0.0026685381489905667	0.04643818911212724	-1048.056352582376	-0.01059640467576745	-1.689182342358123	1.635581538183036e-05	48.72893768852161	0	-2.648356181379056e-05	0	0	-0	-0	-0	-2.586510975262214e-11	-0	0	success	ew_sym_res	success	795	2.227270702481179e-07	2.428410459649532e-07	0.000125549278091651	-4301344003368.34	nan	nan	nan	nan	nan	nan	nan	nan	nan	nan	nan	nan	nan	nan	nan	7.378
223615	125.09	11.84	23.51	352.8	0.04816	0.6578	0.0026685381489905667	0.04643818911212724	-1048.056352582376	-0.01059640467576745	-1.689182342358123	1.635581538183036e-05	48.72893768852161	0	-2.648356181379056e-05	0	0	-0	-0	-0	-2.586510975262214e-11	-0	0	success	ew_sym_res	success	796	2.227270702481179e-07	2.428410459649532e-07	0.000125549278091651	-4323025984477.163	nan	nan	nan	nan	nan	nan	nan	nan	nan	nan	nan	nan	nan	nan	nan	7.378
223615	125.09	11.84	23.51	352.8	0.04816	0.6578	0.0026685381489905667	0.04643818911212724	-1048.056352582376	-0.01059640467576745	-1.689182342358123	1.635581538183036e-05	48.72893768852161	0	-2.648356181379056e-05	0	0	-0	-0	-0	-2.586510975262214e-11	-0	0	success	ew_sym_res	success	797	2.227270702481179e-07	2.428410459649532e-07	0.000125549278091651	-4344789833614.343	nan	nan	nan	nan	nan	nan	nan	nan	nan	nan	nan	nan	nan	nan	nan	7.378
223615	125.09	11.84	23.51	352.8	0.04816	0.6578	0.0026685381489905667	0.04643818911212724	-1048.056352582376	-0.01059640467576745	-1.689182342358123	1.635581538183036e-05	48.72893768852161	0	-2.648356181379056e-05	0	0	-0	-0	-0	-2.586510975262214e-11	-0	0	success	ew_sym_res	success	798	2.227270702481179e-07	2.428410459649532e-07	0.000125549278091651	-4366635756604.905	nan	nan	nan	nan	nan	nan	nan	nan	nan	nan	nan	nan	nan	nan	nan	7.378
223615	125.09	11.84	23.51	352.8	0.04816	0.6578	0.0026685381489905667	0.04643818911212724	-1048.056352582376	-0.01059640467576745	-1.689182342358123	1.635581538183036e-05	48.72893768852161	0	-2.648356181379056e-05	0	0	-0	-0	-0	-2.586510975262214e-11	-0	0	success	ew_sym_res	success	799	2.227270702481179e-07	2.428410459649532e-07	0.000125549278091651	-4388563959532.277	nan	nan	nan	nan	nan	nan	nan	nan	nan	nan	nan	nan	nan	nan	nan	7.378
223615	125.09	11.84	23.51	352.8	0.04816	0.6578	0.0026685381489905667	0.04643818911212724	-1048.056352582376	-0.01059640467576745	-1.689182342358123	1.635581538183036e-05	48.72893768852161	0	-2.648356181379056e-05	0	0	-0	-0	-0	-2.586510975262214e-11	-0	0	success	ew_sym_res	success	800	2.227270702481179e-07	2.428410459649532e-07	0.000125549278091651	-4410574648738.293	nan	nan	nan	nan	nan	nan	nan	nan	nan	nan	nan	nan	nan	nan	nan	7.378
223615	125.09	11.84	23.51	352.8	0.04816	0.6578	0.0026685381489905667	0.04643818911212724	-1048.056352582376	-0.01059640467576745	-1.689182342358123	1.635581538183036e-05	48.72893768852161	0	-2.648356181379056e-05	0	0	-0	-0	-0	-2.586510975262214e-11	-0	0	success	ew_sym_res	success	801	2.227270702481179e-07	2.428410459649532e-07	0.000125549278091651	-4432668030823.212	nan	nan	nan	nan	nan	nan	nan	nan	nan	nan	nan	nan	nan	nan	nan	7.378
223615	125.09	11.84	23.51	352.8	0.04816	0.6578	0.0026685381489905667	0.04643818911212724	-1048.056352582376	-0.01059640467576745	-1.689182342358123	1.635581538183036e-05	48.72893768852161	0	-2.648356181379056e-05	0	0	-0	-0	-0	-2.586510975262214e-11	-0	0	success	ew_sym_res	success	802	2.227270702481179e-07	2.428410459649532e-07	0.000125549278091651	-4454844312645.693	nan	nan	nan	nan	nan	nan	nan	nan	nan	nan	nan	nan	nan	nan	nan	7.378
223615	125.09	11.84	23.51	352.8	0.04816	0.6578	0.0026685381489905667	0.04643818911212724	-1048.056352582376	-0.01059640467576745	-1.689182342358123	1.635581538183036e-05	48.72893768852161	0	-2.648356181379056e-05	0	0	-0	-0	-0	-2.586510975262214e-11	-0	0	success	ew_sym_res	success	803	2.227270702481179e-07	2.428410459649532e-07	0.000125549278091651	-4477103701322.812	nan	nan	nan	nan	nan	nan	nan	nan	nan	nan	nan	nan	nan	nan	nan	7.378
223615	125.09	11.84	23.51	352.8	0.04816	0.6578	0.0026685381489905667	0.04643818911212724	-1048.056352582376	-0.01059640467576745	-1.689182342358123	1.635581538183036e-05	48.72893768852161	0	-2.648356181379056e-05	0	0	-0	-0	-0	-2.586510975262214e-11	-0	0	success	ew_sym_res	success	804	2.227270702481179e-07	2.428410459649532e-07	0.000125549278091651	-4499446404230.058	nan	nan	nan	nan	nan	nan	nan	nan	nan	nan	nan	nan	nan	nan	nan	7.378
223615	125.09	11.84	23.51	352.8	0.04816	0.6578	0.0026685381489905667	0.04643818911212724	-1048.056352582376	-0.01059640467576745	-1.689182342358123	1.635581538183036e-05	48.72893768852161	0	-2.648356181379056e-05	0	0	-0	-0	-0	-2.586510975262214e-11	-0	0	success	ew_sym_res	success	805	2.227270702481179e-07	2.428410459649532e-07	0.000125549278091651	-4521872629001.328	nan	nan	nan	nan	nan	nan	nan	nan	nan	nan	nan	nan	nan	nan	nan	7.378
223615	125.09	11.84	23.51	352.8	0.04816	0.6578	0.0026685381489905667	0.04643818911212724	-1048.056352582376	-0.01059640467576745	-1.689182342358123	1.635581538183036e-05	48.72893768852161	0	-2.648356181379056e-05	0	0	-0	-0	-0	-2.586510975262214e-11	-0	0	success	ew_sym_res	success	806	2.227270702481179e-07	2.428410459649532e-07	0.000125549278091651	-4544382583528.936	nan	nan	nan	nan	nan	nan	nan	nan	nan	nan	nan	nan	nan	nan	nan	7.378
223615	125.09	11.84	23.51	352.8	0.04816	0.6578	0.0026685381489905667	0.04643818911212724	-1048.056352582376	-0.01059640467576745	-1.689182342358123	1.635581538183036e-05	48.72893768852161	0	-2.648356181379056e-05	0	0	-0	-0	-0	-2.586510975262214e-11	-0	0	success	ew_sym_res	success	807	2.227270702481179e-07	2.428410459649532e-07	0.000125549278091651	-4566976475963.599	nan	nan	nan	nan	nan	nan	nan	nan	nan	nan	nan	nan	nan	nan	nan	7.378
223615	125.09	11.84	23.51	352.8	0.04816	0.6578	0.0026685381489905667	0.04643818911212724	-1048.056352582376	-0.01059640467576745	-1.689182342358123	1.635581538183036e-05	48.72893768852161	0	-2.648356181379056e-05	0	0	-0	-0	-0	-2.586510975262214e-11	-0	0	success	ew_sym_res	success	808	2.227270702481179e-07	2.428410459649532e-07	0.000125549278091651	-4589654514714.455	nan	nan	nan	nan	nan	nan	nan	nan	nan	nan	nan	nan	nan	nan	nan	7.378
223615	125.09	11.84	23.51	352.8	0.04816	0.6578	0.0026685381489905667	0.04643818911212724	-1048.056352582376	-0.01059640467576745	-1.689182342358123	1.635581538183036e-05	48.72893768852161	0	-2.648356181379056e-05	0	0	-0	-0	-0	-2.586510975262214e-11	-0	0	success	ew_sym_res	success	809	2.227270702481179e-07	2.428410459649532e-07	0.000125549278091651	-4612416908449.053	nan	nan	nan	nan	nan	nan	nan	nan	nan	nan	nan	nan	nan	nan	nan	7.378
223615	125.09	11.84	23.51	352.8	0.04816	0.6578	0.0026685381489905667	0.04643818911212724	-1048.056352582376	-0.01059640467576745	-1.689182342358123	1.635581538183036e-05	48.72893768852161	0	-2.648356181379056e-05	0	0	-0	-0	-0	-2.586510975262214e-11	-0	0	success	ew_sym_res	success	810	2.227270702481179e-07	2.428410459649532e-07	0.000125549278091651	-4635263866093.344	nan	nan	nan	nan	nan	nan	nan	nan	nan	nan	nan	nan	nan	nan	nan	7.378
223615	125.09	11.84	23.51	352.8	0.04816	0.6578	0.0026685381489905667	0.04643818911212724	-1048.056352582376	-0.01059640467576745	-1.689182342358123	1.635581538183036e-05	48.72893768852161	0	-2.648356181379056e-05	0	0	-0	-0	-0	-2.586510975262214e-11	-0	0	success	ew_sym_res	success	811	2.227270702481179e-07	2.428410459649532e-07	0.000125549278091651	-4658195596831.707	nan	nan	nan	nan	nan	nan	nan	nan	nan	nan	nan	nan	nan	nan	nan	7.378
223615	125.09	11.84	23.51	352.8	0.04816	0.6578	0.0026685381489905667	0.04643818911212724	-1048.056352582376	-0.01059640467576745	-1.689182342358123	1.635581538183036e-05	48.72893768852161	0	-2.648356181379056e-05	0	0	-0	-0	-0	-2.586510975262214e-11	-0	0	success	ew_sym_res	success	812	2.227270702481179e-07	2.428410459649532e-07	0.000125549278091651	-4681212310106.916	nan	nan	nan	nan	nan	nan	nan	nan	nan	nan	nan	nan	nan	nan	nan	7.378
223615	125.09	11.84	23.51	352.8	0.04816	0.6578	0.0026685381489905667	0.04643818911212724	-1048.056352582376	-0.01059640467576745	-1.689182342358123	1.635581538183036e-05	48.72893768852161	0	-2.648356181379056e-05	0	0	-0	-0	-0	-2.586510975262214e-11	-0	0	success	ew_sym_res	success	813	2.227270702481179e-07	2.428410459649532e-07	0.000125549278091651	-4704314215620.169	nan	nan	nan	nan	nan	nan	nan	nan	nan	nan	nan	nan	nan	nan	nan	7.378
223615	125.09	11.84	23.51	352.8	0.04816	0.6578	0.0026685381489905667	0.04643818911212724	-1048.056352582376	-0.01059640467576745	-1.689182342358123	1.635581538183036e-05	48.72893768852161	0	-2.648356181379056e-05	0	0	-0	-0	-0	-2.586510975262214e-11	-0	0	success	ew_sym_res	success	814	2.227270702481179e-07	2.428410459649532e-07	0.000125549278091651	-4727501523331.071	nan	nan	nan	nan	nan	nan	nan	nan	nan	nan	nan	nan	nan	nan	nan	7.378
223615	125.09	11.84	23.51	352.8	0.04816	0.6578	0.0026685381489905667	0.04643818911212724	-1048.056352582376	-0.01059640467576745	-1.689182342358123	1.635581538183036e-05	48.72893768852161	0	-2.648356181379056e-05	0	0	-0	-0	-0	-2.586510975262214e-11	-0	0	success	ew_sym_res	success	815	2.227270702481179e-07	2.428410459649532e-07	0.000125549278091651	-4750774443457.64	nan	nan	nan	nan	nan	nan	nan	nan	nan	nan	nan	nan	nan	nan	nan	7.378
223615	125.09	11.84	23.51	352.8	0.04816	0.6578	0.0026685381489905667	0.04643818911212724	-1048.056352582376	-0.01059640467576745	-1.689182342358123	1.635581538183036e-05	48.72893768852161	0	-2.648356181379056e-05	0	0	-0	-0	-0	-2.586510975262214e-11	-0	0	success	ew_sym_res	success	816	2.227270702481179e-07	2.428410459649532e-07	0.000125549278091651	-4774133186476.302	nan	nan	nan	nan	nan	nan	nan	nan	nan	nan	nan	nan	nan	nan	nan	7.378
223615	125.09	11.84	23.51	352.8	0.04816	0.6578	0.0026685381489905667	0.04643818911212724	-1048.056352582376	-0.01059640467576745	-1.689182342358123	1.635581538183036e-05	48.72893768852161	0	-2.648356181379056e-05	0	0	-0	-0	-0	-2.586510975262214e-11	-0	0	success	ew_sym_res	success	817	2.227270702481179e-07	2.428410459649532e-07	0.000125549278091651	-4797577963121.902	nan	nan	nan	nan	nan	nan	nan	nan	nan	nan	nan	nan	nan	nan	nan	7.378
223615	125.09	11.84	23.51	352.8	0.04816	0.6578	0.0026685381489905667	0.04643818911212724	-1048.056352582376	-0.01059640467576745	-1.689182342358123	1.635581538183036e-05	48.72893768852161	0	-2.648356181379056e-05	0	0	-0	-0	-0	-2.586510975262214e-11	-0	0	success	ew_sym_res	success	818	2.227270702481179e-07	2.428410459649532e-07	0.000125549278091651	-4821108984387.69	nan	nan	nan	nan	nan	nan	nan	nan	nan	nan	nan	nan	nan	nan	nan	7.378
223615	125.09	11.84	23.51	352.8	0.04816	0.6578	0.0026685381489905667	0.04643818911212724	-1048.056352582376	-0.01059640467576745	-1.689182342358123	1.635581538183036e-05	48.72893768852161	0	-2.648356181379056e-05	0	0	-0	-0	-0	-2.586510975262214e-11	-0	0	success	ew_sym_res	success	818.1818181818181	2.227270702481179e-07	2.428410459649532e-07	0.000125549278091651	-4825396634343.878	nan	nan	nan	nan	nan	nan	nan	nan	nan	nan	nan	nan	nan	nan	nan	7.378
223615	125.09	11.84	23.51	352.8	0.04816	0.6578	0.0026685381489905667	0.04643818911212724	-1048.056352582376	-0.01059640467576745	-1.689182342358123	1.635581538183036e-05	48.72893768852161	0	-2.648356181379056e-05	0	0	-0	-0	-0	-2.586510975262214e-11	-0	0	success	ew_sym_res	success	819	2.227270702481179e-07	2.428410459649532e-07	0.000125549278091651	-4844726461525.332	nan	nan	nan	nan	nan	nan	nan	nan	nan	nan	nan	nan	nan	nan	nan	7.378
223615	125.09	11.84	23.51	352.8	0.04816	0.6578	0.0026685381489905667	0.04643818911212724	-1048.056352582376	-0.01059640467576745	-1.689182342358123	1.635581538183036e-05	48.72893768852161	0	-2.648356181379056e-05	0	0	-0	-0	-0	-2.586510975262214e-11	-0	0	success	ew_sym_res	success	820	2.227270702481179e-07	2.428410459649532e-07	0.000125549278091651	-4868430606044.907	nan	nan	nan	nan	nan	nan	nan	nan	nan	nan	nan	nan	nan	nan	nan	7.378
223615	125.09	11.84	23.51	352.8	0.04816	0.6578	0.0026685381489905667	0.04643818911212724	-1048.056352582376	-0.01059640467576745	-1.689182342358123	1.635581538183036e-05	48.72893768852161	0	-2.648356181379056e-05	0	0	-0	-0	-0	-2.586510975262214e-11	-0	0	success	ew_sym_res	success	821	2.227270702481179e-07	2.428410459649532e-07	0.000125549278091651	-4892221629714.896	nan	nan	nan	nan	nan	nan	nan	nan	nan	nan	nan	nan	nan	nan	nan	7.378
223615	125.09	11.84	23.51	352.8	0.04816	0.6578	0.0026685381489905667	0.04643818911212724	-1048.056352582376	-0.01059640467576745	-1.689182342358123	1.635581538183036e-05	48.72893768852161	0	-2.648356181379056e-05	0	0	-0	-0	-0	-2.586510975262214e-11	-0	0	success	ew_sym_res	success	822	2.227270702481179e-07	2.428410459649532e-07	0.000125549278091651	-4916099744562.203	nan	nan	nan	nan	nan	nan	nan	nan	nan	nan	nan	nan	nan	nan	nan	7.378
223615	125.09	11.84	23.51	352.8	0.04816	0.6578	0.0026685381489905667	0.04643818911212724	-1048.056352582376	-0.01059640467576745	-1.689182342358123	1.635581538183036e-05	48.72893768852161	0	-2.648356181379056e-05	0	0	-0	-0	-0	-2.586510975262214e-11	-0	0	success	ew_sym_res	success	823	2.227270702481179e-07	2.428410459649532e-07	0.000125549278091651	-4940065162872.142	nan	nan	nan	nan	nan	nan	nan	nan	nan	nan	nan	nan	nan	nan	nan	7.378
223615	125.09	11.84	23.51	352.8	0.04816	0.6578	0.0026685381489905667	0.04643818911212724	-1048.056352582376	-0.01059640467576745	-1.689182342358123	1.635581538183036e-05	48.72893768852161	0	-2.648356181379056e-05	0	0	-0	-0	-0	-2.586510975262214e-11	-0	0	success	ew_sym_res	success	824	2.227270702481179e-07	2.428410459649532e-07	0.000125549278091651	-4964118097188.435	nan	nan	nan	nan	nan	nan	nan	nan	nan	nan	nan	nan	nan	nan	nan	7.378
223615	125.09	11.84	23.51	352.8	0.04816	0.6578	0.0026685381489905667	0.04643818911212724	-1048.056352582376	-0.01059640467576745	-1.689182342358123	1.635581538183036e-05	48.72893768852161	0	-2.648356181379056e-05	0	0	-0	-0	-0	-2.586510975262214e-11	-0	0	success	ew_sym_res	success	825	2.227270702481179e-07	2.428410459649532e-07	0.000125549278091651	-4988258760313.221	nan	nan	nan	nan	nan	nan	nan	nan	nan	nan	nan	nan	nan	nan	nan	7.378
223615	125.09	11.84	23.51	352.8	0.04816	0.6578	0.0026685381489905667	0.04643818911212724	-1048.056352582376	-0.01059640467576745	-1.689182342358123	1.635581538183036e-05	48.72893768852161	0	-2.648356181379056e-05	0	0	-0	-0	-0	-2.586510975262214e-11	-0	0	success	ew_sym_res	success	826	2.227270702481179e-07	2.428410459649532e-07	0.000125549278091651	-5012487365307.039	nan	nan	nan	nan	nan	nan	nan	nan	nan	nan	nan	nan	nan	nan	nan	7.378
223615	125.09	11.84	23.51	352.8	0.04816	0.6578	0.0026685381489905667	0.04643818911212724	-1048.056352582376	-0.01059640467576745	-1.689182342358123	1.635581538183036e-05	48.72893768852161	0	-2.648356181379056e-05	0	0	-0	-0	-0	-2.586510975262214e-11	-0	0	success	ew_sym_res	success	827	2.227270702481179e-07	2.428410459649532e-07	0.000125549278091651	-5036804125488.855	nan	nan	nan	nan	nan	nan	nan	nan	nan	nan	nan	nan	nan	nan	nan	7.378
223615	125.09	11.84	23.51	352.8	0.04816	0.6578	0.0026685381489905667	0.04643818911212724	-1048.056352582376	-0.01059640467576745	-1.689182342358123	1.635581538183036e-05	48.72893768852161	0	-2.648356181379056e-05	0	0	-0	-0	-0	-2.586510975262214e-11	-0	0	success	ew_sym_res	success	828	2.227270702481179e-07	2.428410459649532e-07	0.000125549278091651	-5061209254436.046	nan	nan	nan	nan	nan	nan	nan	nan	nan	nan	nan	nan	nan	nan	nan	7.378
223615	125.09	11.84	23.51	352.8	0.04816	0.6578	0.0026685381489905667	0.04643818911212724	-1048.056352582376	-0.01059640467576745	-1.689182342358123	1.635581538183036e-05	48.72893768852161	0	-2.648356181379056e-05	0	0	-0	-0	-0	-2.586510975262214e-11	-0	0	success	ew_sym_res	success	829	2.227270702481179e-07	2.428410459649532e-07	0.000125549278091651	-5085702965984.382	nan	nan	nan	nan	nan	nan	nan	nan	nan	nan	nan	nan	nan	nan	nan	7.378
223615	125.09	11.84	23.51	352.8	0.04816	0.6578	0.0026685381489905667	0.04643818911212724	-1048.056352582376	-0.01059640467576745	-1.689182342358123	1.635581538183036e-05	48.72893768852161	0	-2.648356181379056e-05	0	0	-0	-0	-0	-2.586510975262214e-11	-0	0	success	ew_sym_res	success	830	2.227270702481179e-07	2.428410459649532e-07	0.000125549278091651	-5110285474228.059	nan	nan	nan	nan	nan	nan	nan	nan	nan	nan	nan	nan	nan	nan	nan	7.378
223615	125.09	11.84	23.51	352.8	0.04816	0.6578	0.0026685381489905667	0.04643818911212724	-1048.056352582376	-0.01059640467576745	-1.689182342358123	1.635581538183036e-05	48.72893768852161	0	-2.648356181379056e-05	0	0	-0	-0	-0	-2.586510975262214e-11	-0	0	success	ew_sym_res	success	831	2.227270702481179e-07	2.428410459649532e-07	0.000125549278091651	-5134956993519.694	nan	nan	nan	nan	nan	nan	nan	nan	nan	nan	nan	nan	nan	nan	nan	7.378
223615	125.09	11.84	23.51	352.8	0.04816	0.6578	0.0026685381489905667	0.04643818911212724	-1048.056352582376	-0.01059640467576745	-1.689182342358123	1.635581538183036e-05	48.72893768852161	0	-2.648356181379056e-05	0	0	-0	-0	-0	-2.586510975262214e-11	-0	0	success	ew_sym_res	success	832	2.227270702481179e-07	2.428410459649532e-07	0.000125549278091651	-5159717738470.293	nan	nan	nan	nan	nan	nan	nan	nan	nan	nan	nan	nan	nan	nan	nan	7.378
223615	125.09	11.84	23.51	352.8	0.04816	0.6578	0.0026685381489905667	0.04643818911212724	-1048.056352582376	-0.01059640467576745	-1.689182342358123	1.635581538183036e-05	48.72893768852161	0	-2.648356181379056e-05	0	0	-0	-0	-0	-2.586510975262214e-11	-0	0	success	ew_sym_res	success	833	2.227270702481179e-07	2.428410459649532e-07	0.000125549278091651	-5184567923949.301	nan	nan	nan	nan	nan	nan	nan	nan	nan	nan	nan	nan	nan	nan	nan	7.378
223615	125.09	11.84	23.51	352.8	0.04816	0.6578	0.0026685381489905667	0.04643818911212724	-1048.056352582376	-0.01059640467576745	-1.689182342358123	1.635581538183036e-05	48.72893768852161	0	-2.648356181379056e-05	0	0	-0	-0	-0	-2.586510975262214e-11	-0	0	success	ew_sym_res	success	834	2.227270702481179e-07	2.428410459649532e-07	0.000125549278091651	-5209507765084.548	nan	nan	nan	nan	nan	nan	nan	nan	nan	nan	nan	nan	nan	nan	nan	7.378
223615	125.09	11.84	23.51	352.8	0.04816	0.6578	0.0026685381489905667	0.04643818911212724	-1048.056352582376	-0.01059640467576745	-1.689182342358123	1.635581538183036e-05	48.72893768852161	0	-2.648356181379056e-05	0	0	-0	-0	-0	-2.586510975262214e-11	-0	0	success	ew_sym_res	success	835	2.227270702481179e-07	2.428410459649532e-07	0.000125549278091651	-5234537477262.296	nan	nan	nan	nan	nan	nan	nan	nan	nan	nan	nan	nan	nan	nan	nan	7.378
223615	125.09	11.84	23.51	352.8	0.04816	0.6578	0.0026685381489905667	0.04643818911212724	-1048.056352582376	-0.01059640467576745	-1.689182342358123	1.635581538183036e-05	48.72893768852161	0	-2.648356181379056e-05	0	0	-0	-0	-0	-2.586510975262214e-11	-0	0	success	ew_sym_res	success	836	2.227270702481179e-07	2.428410459649532e-07	0.000125549278091651	-5259657276127.202	nan	nan	nan	nan	nan	nan	nan	nan	nan	nan	nan	nan	nan	nan	nan	7.378
223615	125.09	11.84	23.51	352.8	0.04816	0.6578	0.0026685381489905667	0.04643818911212724	-1048.056352582376	-0.01059640467576745	-1.689182342358123	1.635581538183036e-05	48.72893768852161	0	-2.648356181379056e-05	0	0	-0	-0	-0	-2.586510975262214e-11	-0	0	success	ew_sym_res	success	837	2.227270702481179e-07	2.428410459649532e-07	0.000125549278091651	-5284867377582.343	nan	nan	nan	nan	nan	nan	nan	nan	nan	nan	nan	nan	nan	nan	nan	7.378
223615	125.09	11.84	23.51	352.8	0.04816	0.6578	0.0026685381489905667	0.04643818911212724	-1048.056352582376	-0.01059640467576745	-1.689182342358123	1.635581538183036e-05	48.72893768852161	0	-2.648356181379056e-05	0	0	-0	-0	-0	-2.586510975262214e-11	-0	0	success	ew_sym_res	success	838	2.227270702481179e-07	2.428410459649532e-07	0.000125549278091651	-5310167997789.222	nan	nan	nan	nan	nan	nan	nan	nan	nan	nan	nan	nan	nan	nan	nan	7.378
223615	125.09	11.84	23.51	352.8	0.04816	0.6578	0.0026685381489905667	0.04643818911212724	-1048.056352582376	-0.01059640467576745	-1.689182342358123	1.635581538183036e-05	48.72893768852161	0	-2.648356181379056e-05	0	0	-0	-0	-0	-2.586510975262214e-11	-0	0	success	ew_sym_res	success	839	2.227270702481179e-07	2.428410459649532e-07	0.000125549278091651	-5335559353167.725	nan	nan	nan	nan	nan	nan	nan	nan	nan	nan	nan	nan	nan	nan	nan	7.378
223615	125.09	11.84	23.51	352.8	0.04816	0.6578	0.0026685381489905667	0.04643818911212724	-1048.056352582376	-0.01059640467576745	-1.689182342358123	1.635581538183036e-05	48.72893768852161	0	-2.648356181379056e-05	0	0	-0	-0	-0	-2.586510975262214e-11	-0	0	success	ew_sym_res	success	840	2.227270702481179e-07	2.428410459649532e-07	0.000125549278091651	-5361041660396.176	nan	nan	nan	nan	nan	nan	nan	nan	nan	nan	nan	nan	nan	nan	nan	7.378
223615	125.09	11.84	23.51	352.8	0.04816	0.6578	0.0026685381489905667	0.04643818911212724	-1048.056352582376	-0.01059640467576745	-1.689182342358123	1.635581538183036e-05	48.72893768852161	0	-2.648356181379056e-05	0	0	-0	-0	-0	-2.586510975262214e-11	-0	0	success	ew_sym_res	success	841	2.227270702481179e-07	2.428410459649532e-07	0.000125549278091651	-5386615136411.299	nan	nan	nan	nan	nan	nan	nan	nan	nan	nan	nan	nan	nan	nan	nan	7.378
223615	125.09	11.84	23.51	352.8	0.04816	0.6578	0.0026685381489905667	0.04643818911212724	-1048.056352582376	-0.01059640467576745	-1.689182342358123	1.635581538183036e-05	48.72893768852161	0	-2.648356181379056e-05	0	0	-0	-0	-0	-2.586510975262214e-11	-0	0	success	ew_sym_res	success	842	2.227270702481179e-07	2.428410459649532e-07	0.000125549278091651	-5412279998408.219	nan	nan	nan	nan	nan	nan	nan	nan	nan	nan	nan	nan	nan	nan	nan	7.378
223615	125.09	11.84	23.51	352.8	0.04816	0.6578	0.0026685381489905667	0.04643818911212724	-1048.056352582376	-0.01059640467576745	-1.689182342358123	1.635581538183036e-05	48.72893768852161	0	-2.648356181379056e-05	0	0	-0	-0	-0	-2.586510975262214e-11	-0	0	success	ew_sym_res	success	843	2.227270702481179e-07	2.428410459649532e-07	0.000125549278091651	-5438036463840.499	nan	nan	nan	nan	nan	nan	nan	nan	nan	nan	nan	nan	nan	nan	nan	7.378
223615	125.09	11.84	23.51	352.8	0.04816	0.6578	0.0026685381489905667	0.04643818911212724	-1048.056352582376	-0.01059640467576745	-1.689182342358123	1.635581538183036e-05	48.72893768852161	0	-2.648356181379056e-05	0	0	-0	-0	-0	-2.586510975262214e-11	-0	0	success	ew_sym_res	success	844	2.227270702481179e-07	2.428410459649532e-07	0.000125549278091651	-5463884750420.094	nan	nan	nan	nan	nan	nan	nan	nan	nan	nan	nan	nan	nan	nan	nan	7.378
223615	125.09	11.84	23.51	352.8	0.04816	0.6578	0.0026685381489905667	0.04643818911212724	-1048.056352582376	-0.01059640467576745	-1.689182342358123	1.635581538183036e-05	48.72893768852161	0	-2.648356181379056e-05	0	0	-0	-0	-0	-2.586510975262214e-11	-0	0	success	ew_sym_res	success	845	2.227270702481179e-07	2.428410459649532e-07	0.000125549278091651	-5489825076117.366	nan	nan	nan	nan	nan	nan	nan	nan	nan	nan	nan	nan	nan	nan	nan	7.378
223615	125.09	11.84	23.51	352.8	0.04816	0.6578	0.0026685381489905667	0.04643818911212724	-1048.056352582376	-0.01059640467576745	-1.689182342358123	1.635581538183036e-05	48.72893768852161	0	-2.648356181379056e-05	0	0	-0	-0	-0	-2.586510975262214e-11	-0	0	success	ew_sym_res	success	846	2.227270702481179e-07	2.428410459649532e-07	0.000125549278091651	-5515857659161.12	nan	nan	nan	nan	nan	nan	nan	nan	nan	nan	nan	nan	nan	nan	nan	7.378
223615	125.09	11.84	23.51	352.8	0.04816	0.6578	0.0026685381489905667	0.04643818911212724	-1048.056352582376	-0.01059640467576745	-1.689182342358123	1.635581538183036e-05	48.72893768852161	0	-2.648356181379056e-05	0	0	-0	-0	-0	-2.586510975262214e-11	-0	0	success	ew_sym_res	success	847	2.227270702481179e-07	2.428410459649532e-07	0.000125549278091651	-5541982718038.535	nan	nan	nan	nan	nan	nan	nan	nan	nan	nan	nan	nan	nan	nan	nan	7.378
223615	125.09	11.84	23.51	352.8	0.04816	0.6578	0.0026685381489905667	0.04643818911212724	-1048.056352582376	-0.01059640467576745	-1.689182342358123	1.635581538183036e-05	48.72893768852161	0	-2.648356181379056e-05	0	0	-0	-0	-0	-2.586510975262214e-11	-0	0	success	ew_sym_res	success	848	2.227270702481179e-07	2.428410459649532e-07	0.000125549278091651	-5568200471495.229	nan	nan	nan	nan	nan	nan	nan	nan	nan	nan	nan	nan	nan	nan	nan	7.378
223615	125.09	11.84	23.51	352.8	0.04816	0.6578	0.0026685381489905667	0.04643818911212724	-1048.056352582376	-0.01059640467576745	-1.689182342358123	1.635581538183036e-05	48.72893768852161	0	-2.648356181379056e-05	0	0	-0	-0	-0	-2.586510975262214e-11	-0	0	success	ew_sym_res	success	849	2.227270702481179e-07	2.428410459649532e-07	0.000125549278091651	-5594511138535.209	nan	nan	nan	nan	nan	nan	nan	nan	nan	nan	nan	nan	nan	nan	nan	7.378
223615	125.09	11.84	23.51	352.8	0.04816	0.6578	0.0026685381489905667	0.04643818911212724	-1048.056352582376	-0.01059640467576745	-1.689182342358123	1.635581538183036e-05	48.72893768852161	0	-2.648356181379056e-05	0	0	-0	-0	-0	-2.586510975262214e-11	-0	0	success	ew_sym_res	success	850	2.227270702481179e-07	2.428410459649532e-07	0.000125549278091651	-5620914938420.91	nan	nan	nan	nan	nan	nan	nan	nan	nan	nan	nan	nan	nan	nan	nan	7.378
223615	125.09	11.84	23.51	352.8	0.04816	0.6578	0.0026685381489905667	0.04643818911212724	-1048.056352582376	-0.01059640467576745	-1.689182342358123	1.635581538183036e-05	48.72893768852161	0	-2.648356181379056e-05	0	0	-0	-0	-0	-2.586510975262214e-11	-0	0	success	ew_sym_res	success	851	2.227270702481179e-07	2.428410459649532e-07	0.000125549278091651	-5647412090673.193	nan	nan	nan	nan	nan	nan	nan	nan	nan	nan	nan	nan	nan	nan	nan	7.378
223615	125.09	11.84	23.51	352.8	0.04816	0.6578	0.0026685381489905667	0.04643818911212724	-1048.056352582376	-0.01059640467576745	-1.689182342358123	1.635581538183036e-05	48.72893768852161	0	-2.648356181379056e-05	0	0	-0	-0	-0	-2.586510975262214e-11	-0	0	success	ew_sym_res	success	852	2.227270702481179e-07	2.428410459649532e-07	0.000125549278091651	-5674002815071.29	nan	nan	nan	nan	nan	nan	nan	nan	nan	nan	nan	nan	nan	nan	nan	7.378
223615	125.09	11.84	23.51	352.8	0.04816	0.6578	0.0026685381489905667	0.04643818911212724	-1048.056352582376	-0.01059640467576745	-1.689182342358123	1.635581538183036e-05	48.72893768852161	0	-2.648356181379056e-05	0	0	-0	-0	-0	-2.586510975262214e-11	-0	0	success	ew_sym_res	success	853	2.227270702481179e-07	2.428410459649532e-07	0.000125549278091651	-5700687331652.875	nan	nan	nan	nan	nan	nan	nan	nan	nan	nan	nan	nan	nan	nan	nan	7.378
223615	125.09	11.84	23.51	352.8	0.04816	0.6578	0.0026685381489905667	0.04643818911212724	-1048.056352582376	-0.01059640467576745	-1.689182342358123	1.635581538183036e-05	48.72893768852161	0	-2.648356181379056e-05	0	0	-0	-0	-0	-2.586510975262214e-11	-0	0	success	ew_sym_res	success	854	2.227270702481179e-07	2.428410459649532e-07	0.000125549278091651	-5727465860714.035	nan	nan	nan	nan	nan	nan	nan	nan	nan	nan	nan	nan	nan	nan	nan	7.378
223615	125.09	11.84	23.51	352.8	0.04816	0.6578	0.0026685381489905667	0.04643818911212724	-1048.056352582376	-0.01059640467576745	-1.689182342358123	1.635581538183036e-05	48.72893768852161	0	-2.648356181379056e-05	0	0	-0	-0	-0	-2.586510975262214e-11	-0	0	success	ew_sym_res	success	855	2.227270702481179e-07	2.428410459649532e-07	0.000125549278091651	-5754338622809.25	nan	nan	nan	nan	nan	nan	nan	nan	nan	nan	nan	nan	nan	nan	nan	7.378
223615	125.09	11.84	23.51	352.8	0.04816	0.6578	0.0026685381489905667	0.04643818911212724	-1048.056352582376	-0.01059640467576745	-1.689182342358123	1.635581538183036e-05	48.72893768852161	0	-2.648356181379056e-05	0	0	-0	-0	-0	-2.586510975262214e-11	-0	0	success	ew_sym_res	success	856	2.227270702481179e-07	2.428410459649532e-07	0.000125549278091651	-5781305838751.425	nan	nan	nan	nan	nan	nan	nan	nan	nan	nan	nan	nan	nan	nan	nan	7.378
223615	125.09	11.84	23.51	352.8	0.04816	0.6578	0.0026685381489905667	0.04643818911212724	-1048.056352582376	-0.01059640467576745	-1.689182342358123	1.635581538183036e-05	48.72893768852161	0	-2.648356181379056e-05	0	0	-0	-0	-0	-2.586510975262214e-11	-0	0	success	ew_sym_res	success	857	2.227270702481179e-07	2.428410459649532e-07	0.000125549278091651	-5808367729611.875	nan	nan	nan	nan	nan	nan	nan	nan	nan	nan	nan	nan	nan	nan	nan	7.378
223615	125.09	11.84	23.51	352.8	0.04816	0.6578	0.0026685381489905667	0.04643818911212724	-1048.056352582376	-0.01059640467576745	-1.689182342358123	1.635581538183036e-05	48.72893768852161	0	-2.648356181379056e-05	0	0	-0	-0	-0	-2.586510975262214e-11	-0	0	success	ew_sym_res	success	858	2.227270702481179e-07	2.428410459649532e-07	0.000125549278091651	-5835524516720.327	nan	nan	nan	nan	nan	nan	nan	nan	nan	nan	nan	nan	nan	nan	nan	7.378
223615	125.09	11.84	23.51	352.8	0.04816	0.6578	0.0026685381489905667	0.04643818911212724	-1048.056352582376	-0.01059640467576745	-1.689182342358123	1.635581538183036e-05	48.72893768852161	0	-2.648356181379056e-05	0	0	-0	-0	-0	-2.586510975262214e-11	-0	0	success	ew_sym_res	success	859	2.227270702481179e-07	2.428410459649532e-07	0.000125549278091651	-5862776421664.917	nan	nan	nan	nan	nan	nan	nan	nan	nan	nan	nan	nan	nan	nan	nan	7.378
223615	125.09	11.84	23.51	352.8	0.04816	0.6578	0.0026685381489905667	0.04643818911212724	-1048.056352582376	-0.01059640467576745	-1.689182342358123	1.635581538183036e-05	48.72893768852161	0	-2.648356181379056e-05	0	0	-0	-0	-0	-2.586510975262214e-11	-0	0	success	ew_sym_res	success	860	2.227270702481179e-07	2.428410459649532e-07	0.000125549278091651	-5890123666292.192	nan	nan	nan	nan	nan	nan	nan	nan	nan	nan	nan	nan	nan	nan	nan	7.378
223615	125.09	11.84	23.51	352.8	0.04816	0.6578	0.0026685381489905667	0.04643818911212724	-1048.056352582376	-0.01059640467576745	-1.689182342358123	1.635581538183036e-05	48.72893768852161	0	-2.648356181379056e-05	0	0	-0	-0	-0	-2.586510975262214e-11	-0	0	success	ew_sym_res	success	861	2.227270702481179e-07	2.428410459649532e-07	0.000125549278091651	-5917566472707.125	nan	nan	nan	nan	nan	nan	nan	nan	nan	nan	nan	nan	nan	nan	nan	7.378
223615	125.09	11.84	23.51	352.8	0.04816	0.6578	0.0026685381489905667	0.04643818911212724	-1048.056352582376	-0.01059640467576745	-1.689182342358123	1.635581538183036e-05	48.72893768852161	0	-2.648356181379056e-05	0	0	-0	-0	-0	-2.586510975262214e-11	-0	0	success	ew_sym_res	success	862	2.227270702481179e-07	2.428410459649532e-07	0.000125549278091651	-5945105063273.074	nan	nan	nan	nan	nan	nan	nan	nan	nan	nan	nan	nan	nan	nan	nan	7.378
223615	125.09	11.84	23.51	352.8	0.04816	0.6578	0.0026685381489905667	0.04643818911212724	-1048.056352582376	-0.01059640467576745	-1.689182342358123	1.635581538183036e-05	48.72893768852161	0	-2.648356181379056e-05	0	0	-0	-0	-0	-2.586510975262214e-11	-0	0	success	ew_sym_res	success	863	2.227270702481179e-07	2.428410459649532e-07	0.000125549278091651	-5972739660611.838	nan	nan	nan	nan	nan	nan	nan	nan	nan	nan	nan	nan	nan	nan	nan	7.378
223615	125.09	11.84	23.51	352.8	0.04816	0.6578	0.0026685381489905667	0.04643818911212724	-1048.056352582376	-0.01059640467576745	-1.689182342358123	1.635581538183036e-05	48.72893768852161	0	-2.648356181379056e-05	0	0	-0	-0	-0	-2.586510975262214e-11	-0	0	success	ew_sym_res	success	864	2.227270702481179e-07	2.428410459649532e-07	0.000125549278091651	-6000470487603.604	nan	nan	nan	nan	nan	nan	nan	nan	nan	nan	nan	nan	nan	nan	nan	7.378
223615	125.09	11.84	23.51	352.8	0.04816	0.6578	0.0026685381489905667	0.04643818911212724	-1048.056352582376	-0.01059640467576745	-1.689182342358123	1.635581538183036e-05	48.72893768852161	0	-2.648356181379056e-05	0	0	-0	-0	-0	-2.586510975262214e-11	-0	0	success	ew_sym_res	success	865	2.227270702481179e-07	2.428410459649532e-07	0.000125549278091651	-6028297767386.982	nan	nan	nan	nan	nan	nan	nan	nan	nan	nan	nan	nan	nan	nan	nan	7.378
223615	125.09	11.84	23.51	352.8	0.04816	0.6578	0.0026685381489905667	0.04643818911212724	-1048.056352582376	-0.01059640467576745	-1.689182342358123	1.635581538183036e-05	48.72893768852161	0	-2.648356181379056e-05	0	0	-0	-0	-0	-2.586510975262214e-11	-0	0	success	ew_sym_res	success	866	2.227270702481179e-07	2.428410459649532e-07	0.000125549278091651	-6056221723358.993	nan	nan	nan	nan	nan	nan	nan	nan	nan	nan	nan	nan	nan	nan	nan	7.378
223615	125.09	11.84	23.51	352.8	0.04816	0.6578	0.0026685381489905667	0.04643818911212724	-1048.056352582376	-0.01059640467576745	-1.689182342358123	1.635581538183036e-05	48.72893768852161	0	-2.648356181379056e-05	0	0	-0	-0	-0	-2.586510975262214e-11	-0	0	success	ew_sym_res	success	867	2.227270702481179e-07	2.428410459649532e-07	0.000125549278091651	-6084242579175.078	nan	nan	nan	nan	nan	nan	nan	nan	nan	nan	nan	nan	nan	nan	nan	7.378
223615	125.09	11.84	23.51	352.8	0.04816	0.6578	0.0026685381489905667	0.04643818911212724	-1048.056352582376	-0.01059640467576745	-1.689182342358123	1.635581538183036e-05	48.72893768852161	0	-2.648356181379056e-05	0	0	-0	-0	-0	-2.586510975262214e-11	-0	0	success	ew_sym_res	success	868	2.227270702481179e-07	2.428410459649532e-07	0.000125549278091651	-6112360558749.071	nan	nan	nan	nan	nan	nan	nan	nan	nan	nan	nan	nan	nan	nan	nan	7.378
223615	125.09	11.84	23.51	352.8	0.04816	0.6578	0.0026685381489905667	0.04643818911212724	-1048.056352582376	-0.01059640467576745	-1.689182342358123	1.635581538183036e-05	48.72893768852161	0	-2.648356181379056e-05	0	0	-0	-0	-0	-2.586510975262214e-11	-0	0	success	ew_sym_res	success	869	2.227270702481179e-07	2.428410459649532e-07	0.000125549278091651	-6140575886253.227	nan	nan	nan	nan	nan	nan	nan	nan	nan	nan	nan	nan	nan	nan	nan	7.378
223615	125.09	11.84	23.51	352.8	0.04816	0.6578	0.0026685381489905667	0.04643818911212724	-1048.056352582376	-0.01059640467576745	-1.689182342358123	1.635581538183036e-05	48.72893768852161	0	-2.648356181379056e-05	0	0	-0	-0	-0	-2.586510975262214e-11	-0	0	success	ew_sym_res	success	870	2.227270702481179e-07	2.428410459649532e-07	0.000125549278091651	-6168888786118.221	nan	nan	nan	nan	nan	nan	nan	nan	nan	nan	nan	nan	nan	nan	nan	7.378
223615	125.09	11.84	23.51	352.8	0.04816	0.6578	0.0026685381489905667	0.04643818911212724	-1048.056352582376	-0.01059640467576745	-1.689182342358123	1.635581538183036e-05	48.72893768852161	0	-2.648356181379056e-05	0	0	-0	-0	-0	-2.586510975262214e-11	-0	0	success	ew_sym_res	success	871	2.227270702481179e-07	2.428410459649532e-07	0.000125549278091651	-6197299483033.128	nan	nan	nan	nan	nan	nan	nan	nan	nan	nan	nan	nan	nan	nan	nan	7.378
223615	125.09	11.84	23.51	352.8	0.04816	0.6578	0.0026685381489905667	0.04643818911212724	-1048.056352582376	-0.01059640467576745	-1.689182342358123	1.635581538183036e-05	48.72893768852161	0	-2.648356181379056e-05	0	0	-0	-0	-0	-2.586510975262214e-11	-0	0	success	ew_sym_res	success	872	2.227270702481179e-07	2.428410459649532e-07	0.000125549278091651	-6225808201945.449	nan	nan	nan	nan	nan	nan	nan	nan	nan	nan	nan	nan	nan	nan	nan	7.378
223615	125.09	11.84	23.51	352.8	0.04816	0.6578	0.0026685381489905667	0.04643818911212724	-1048.056352582376	-0.01059640467576745	-1.689182342358123	1.635581538183036e-05	48.72893768852161	0	-2.648356181379056e-05	0	0	-0	-0	-0	-2.586510975262214e-11	-0	0	success	ew_sym_res	success	873	2.227270702481179e-07	2.428410459649532e-07	0.000125549278091651	-6254415168061.073	nan	nan	nan	nan	nan	nan	nan	nan	nan	nan	nan	nan	nan	nan	nan	7.378
223615	125.09	11.84	23.51	352.8	0.04816	0.6578	0.0026685381489905667	0.04643818911212724	-1048.056352582376	-0.01059640467576745	-1.689182342358123	1.635581538183036e-05	48.72893768852161	0	-2.648356181379056e-05	0	0	-0	-0	-0	-2.586510975262214e-11	-0	0	success	ew_sym_res	success	874	2.227270702481179e-07	2.428410459649532e-07	0.000125549278091651	-6283120606844.32	nan	nan	nan	nan	nan	nan	nan	nan	nan	nan	nan	nan	nan	nan	nan	7.378
223615	125.09	11.84	23.51	352.8	0.04816	0.6578	0.0026685381489905667	0.04643818911212724	-1048.056352582376	-0.01059640467576745	-1.689182342358123	1.635581538183036e-05	48.72893768852161	0	-2.648356181379056e-05	0	0	-0	-0	-0	-2.586510975262214e-11	-0	0	success	ew_sym_res	success	875	2.227270702481179e-07	2.428410459649532e-07	0.000125549278091651	-6311924744017.92	nan	nan	nan	nan	nan	nan	nan	nan	nan	nan	nan	nan	nan	nan	nan	7.378
223615	125.09	11.84	23.51	352.8	0.04816	0.6578	0.0026685381489905667	0.04643818911212724	-1048.056352582376	-0.01059640467576745	-1.689182342358123	1.635581538183036e-05	48.72893768852161	0	-2.648356181379056e-05	0	0	-0	-0	-0	-2.586510975262214e-11	-0	0	success	ew_sym_res	success	876	2.227270702481179e-07	2.428410459649532e-07	0.000125549278091651	-6340827805563.014	nan	nan	nan	nan	nan	nan	nan	nan	nan	nan	nan	nan	nan	nan	nan	7.378
223615	125.09	11.84	23.51	352.8	0.04816	0.6578	0.0026685381489905667	0.04643818911212724	-1048.056352582376	-0.01059640467576745	-1.689182342358123	1.635581538183036e-05	48.72893768852161	0	-2.648356181379056e-05	0	0	-0	-0	-0	-2.586510975262214e-11	-0	0	success	ew_sym_res	success	877	2.227270702481179e-07	2.428410459649532e-07	0.000125549278091651	-6369830017719.15	nan	nan	nan	nan	nan	nan	nan	nan	nan	nan	nan	nan	nan	nan	nan	7.378
223615	125.09	11.84	23.51	352.8	0.04816	0.6578	0.0026685381489905667	0.04643818911212724	-1048.056352582376	-0.01059640467576745	-1.689182342358123	1.635581538183036e-05	48.72893768852161	0	-2.648356181379056e-05	0	0	-0	-0	-0	-2.586510975262214e-11	-0	0	success	ew_sym_res	success	878	2.227270702481179e-07	2.428410459649532e-07	0.000125549278091651	-6398931606984.284	nan	nan	nan	nan	nan	nan	nan	nan	nan	nan	nan	nan	nan	nan	nan	7.378
223615	125.09	11.84	23.51	352.8	0.04816	0.6578	0.0026685381489905667	0.04643818911212724	-1048.056352582376	-0.01059640467576745	-1.689182342358123	1.635581538183036e-05	48.72893768852161	0	-2.648356181379056e-05	0	0	-0	-0	-0	-2.586510975262214e-11	-0	0	success	ew_sym_res	success	879	2.227270702481179e-07	2.428410459649532e-07	0.000125549278091651	-6428132800114.798	nan	nan	nan	nan	nan	nan	nan	nan	nan	nan	nan	nan	nan	nan	nan	7.378
223615	125.09	11.84	23.51	352.8	0.04816	0.6578	0.0026685381489905667	0.04643818911212724	-1048.056352582376	-0.01059640467576745	-1.689182342358123	1.635581538183036e-05	48.72893768852161	0	-2.648356181379056e-05	0	0	-0	-0	-0	-2.586510975262214e-11	-0	0	success	ew_sym_res	success	880	2.227270702481179e-07	2.428410459649532e-07	0.000125549278091651	-6457433824125.48	nan	nan	nan	nan	nan	nan	nan	nan	nan	nan	nan	nan	nan	nan	nan	7.378
223615	125.09	11.84	23.51	352.8	0.04816	0.6578	0.0026685381489905667	0.04643818911212724	-1048.056352582376	-0.01059640467576745	-1.689182342358123	1.635581538183036e-05	48.72893768852161	0	-2.648356181379056e-05	0	0	-0	-0	-0	-2.586510975262214e-11	-0	0	success	ew_sym_res	success	881	2.227270702481179e-07	2.428410459649532e-07	0.000125549278091651	-6486834906289.514	nan	nan	nan	nan	nan	nan	nan	nan	nan	nan	nan	nan	nan	nan	nan	7.378
223615	125.09	11.84	23.51	352.8	0.04816	0.6578	0.0026685381489905667	0.04643818911212724	-1048.056352582376	-0.01059640467576745	-1.689182342358123	1.635581538183036e-05	48.72893768852161	0	-2.648356181379056e-05	0	0	-0	-0	-0	-2.586510975262214e-11	-0	0	success	ew_sym_res	success	882	2.227270702481179e-07	2.428410459649532e-07	0.000125549278091651	-6516336274138.528	nan	nan	nan	nan	nan	nan	nan	nan	nan	nan	nan	nan	nan	nan	nan	7.378
223615	125.09	11.84	23.51	352.8	0.04816	0.6578	0.0026685381489905667	0.04643818911212724	-1048.056352582376	-0.01059640467576745	-1.689182342358123	1.635581538183036e-05	48.72893768852161	0	-2.648356181379056e-05	0	0	-0	-0	-0	-2.586510975262214e-11	-0	0	success	ew_sym_res	success	883	2.227270702481179e-07	2.428410459649532e-07	0.000125549278091651	-6545938155462.534	nan	nan	nan	nan	nan	nan	nan	nan	nan	nan	nan	nan	nan	nan	nan	7.378
223615	125.09	11.84	23.51	352.8	0.04816	0.6578	0.0026685381489905667	0.04643818911212724	-1048.056352582376	-0.01059640467576745	-1.689182342358123	1.635581538183036e-05	48.72893768852161	0	-2.648356181379056e-05	0	0	-0	-0	-0	-2.586510975262214e-11	-0	0	success	ew_sym_res	success	884	2.227270702481179e-07	2.428410459649532e-07	0.000125549278091651	-6575640778309.97	nan	nan	nan	nan	nan	nan	nan	nan	nan	nan	nan	nan	nan	nan	nan	7.378
223615	125.09	11.84	23.51	352.8	0.04816	0.6578	0.0026685381489905667	0.04643818911212724	-1048.056352582376	-0.01059640467576745	-1.689182342358123	1.635581538183036e-05	48.72893768852161	0	-2.648356181379056e-05	0	0	-0	-0	-0	-2.586510975262214e-11	-0	0	success	ew_sym_res	success	885	2.227270702481179e-07	2.428410459649532e-07	0.000125549278091651	-6605444370987.673	nan	nan	nan	nan	nan	nan	nan	nan	nan	nan	nan	nan	nan	nan	nan	7.378
223615	125.09	11.84	23.51	352.8	0.04816	0.6578	0.0026685381489905667	0.04643818911212724	-1048.056352582376	-0.01059640467576745	-1.689182342358123	1.635581538183036e-05	48.72893768852161	0	-2.648356181379056e-05	0	0	-0	-0	-0	-2.586510975262214e-11	-0	0	success	ew_sym_res	success	886	2.227270702481179e-07	2.428410459649532e-07	0.000125549278091651	-6635349162060.911	nan	nan	nan	nan	nan	nan	nan	nan	nan	nan	nan	nan	nan	nan	nan	7.378
223615	125.09	11.84	23.51	352.8	0.04816	0.6578	0.0026685381489905667	0.04643818911212724	-1048.056352582376	-0.01059640467576745	-1.689182342358123	1.635581538183036e-05	48.72893768852161	0	-2.648356181379056e-05	0	0	-0	-0	-0	-2.586510975262214e-11	-0	0	success	ew_sym_res	success	887	2.227270702481179e-07	2.428410459649532e-07	0.000125549278091651	-6665355380353.342	nan	nan	nan	nan	nan	nan	nan	nan	nan	nan	nan	nan	nan	nan	nan	7.378
223615	125.09	11.84	23.51	352.8	0.04816	0.6578	0.0026685381489905667	0.04643818911212724	-1048.056352582376	-0.01059640467576745	-1.689182342358123	1.635581538183036e-05	48.72893768852161	0	-2.648356181379056e-05	0	0	-0	-0	-0	-2.586510975262214e-11	-0	0	success	ew_sym_res	success	888	2.227270702481179e-07	2.428410459649532e-07	0.000125549278091651	-6695463254947.054	nan	nan	nan	nan	nan	nan	nan	nan	nan	nan	nan	nan	nan	nan	nan	7.378
223615	125.09	11.84	23.51	352.8	0.04816	0.6578	0.0026685381489905667	0.04643818911212724	-1048.056352582376	-0.01059640467576745	-1.689182342358123	1.635581538183036e-05	48.72893768852161	0	-2.648356181379056e-05	0	0	-0	-0	-0	-2.586510975262214e-11	-0	0	success	ew_sym_res	success	889	2.227270702481179e-07	2.428410459649532e-07	0.000125549278091651	-6725673015182.536	nan	nan	nan	nan	nan	nan	nan	nan	nan	nan	nan	nan	nan	nan	nan	7.378
223615	125.09	11.84	23.51	352.8	0.04816	0.6578	0.0026685381489905667	0.04643818911212724	-1048.056352582376	-0.01059640467576745	-1.689182342358123	1.635581538183036e-05	48.72893768852161	0	-2.648356181379056e-05	0	0	-0	-0	-0	-2.586510975262214e-11	-0	0	success	ew_sym_res	success	890	2.227270702481179e-07	2.428410459649532e-07	0.000125549278091651	-6755984890658.702	nan	nan	nan	nan	nan	nan	nan	nan	nan	nan	nan	nan	nan	nan	nan	7.378
223615	125.09	11.84	23.51	352.8	0.04816	0.6578	0.0026685381489905667	0.04643818911212724	-1048.056352582376	-0.01059640467576745	-1.689182342358123	1.635581538183036e-05	48.72893768852161	0	-2.648356181379056e-05	0	0	-0	-0	-0	-2.586510975262214e-11	-0	0	success	ew_sym_res	success	891	2.227270702481179e-07	2.428410459649532e-07	0.000125549278091651	-6786399111232.851	nan	nan	nan	nan	nan	nan	nan	nan	nan	nan	nan	nan	nan	nan	nan	7.378
223615	125.09	11.84	23.51	352.8	0.04816	0.6578	0.0026685381489905667	0.04643818911212724	-1048.056352582376	-0.01059640467576745	-1.689182342358123	1.635581538183036e-05	48.72893768852161	0	-2.648356181379056e-05	0	0	-0	-0	-0	-2.586510975262214e-11	-0	0	success	ew_sym_res	success	892	2.227270702481179e-07	2.428410459649532e-07	0.000125549278091651	-6816915907020.728	nan	nan	nan	nan	nan	nan	nan	nan	nan	nan	nan	nan	nan	nan	nan	7.378
223615	125.09	11.84	23.51	352.8	0.04816	0.6578	0.0026685381489905667	0.04643818911212724	-1048.056352582376	-0.01059640467576745	-1.689182342358123	1.635581538183036e-05	48.72893768852161	0	-2.648356181379056e-05	0	0	-0	-0	-0	-2.586510975262214e-11	-0	0	success	ew_sym_res	success	893	2.227270702481179e-07	2.428410459649532e-07	0.000125549278091651	-6847535508396.456	nan	nan	nan	nan	nan	nan	nan	nan	nan	nan	nan	nan	nan	nan	nan	7.378
223615	125.09	11.84	23.51	352.8	0.04816	0.6578	0.0026685381489905667	0.04643818911212724	-1048.056352582376	-0.01059640467576745	-1.689182342358123	1.635581538183036e-05	48.72893768852161	0	-2.648356181379056e-05	0	0	-0	-0	-0	-2.586510975262214e-11	-0	0	success	ew_sym_res	success	894	2.227270702481179e-07	2.428410459649532e-07	0.000125549278091651	-6878258145992.6	nan	nan	nan	nan	nan	nan	nan	nan	nan	nan	nan	nan	nan	nan	nan	7.378
223615	125.09	11.84	23.51	352.8	0.04816	0.6578	0.0026685381489905667	0.04643818911212724	-1048.056352582376	-0.01059640467576745	-1.689182342358123	1.635581538183036e-05	48.72893768852161	0	-2.648356181379056e-05	0	0	-0	-0	-0	-2.586510975262214e-11	-0	0	success	ew_sym_res	success	895	2.227270702481179e-07	2.428410459649532e-07	0.000125549278091651	-6909084050700.116	nan	nan	nan	nan	nan	nan	nan	nan	nan	nan	nan	nan	nan	nan	nan	7.378
223615	125.09	11.84	23.51	352.8	0.04816	0.6578	0.0026685381489905667	0.04643818911212724	-1048.056352582376	-0.01059640467576745	-1.689182342358123	1.635581538183036e-05	48.72893768852161	0	-2.648356181379056e-05	0	0	-0	-0	-0	-2.586510975262214e-11	-0	0	success	ew_sym_res	success	896	2.227270702481179e-07	2.428410459649532e-07	0.000125549278091651	-6940013453668.391	nan	nan	nan	nan	nan	nan	nan	nan	nan	nan	nan	nan	nan	nan	nan	7.379
223615	125.09	11.84	23.51	352.8	0.04816	0.6578	0.0026685381489905667	0.04643818911212724	-1048.056352582376	-0.01059640467576745	-1.689182342358123	1.635581538183036e-05	48.72893768852161	0	-2.648356181379056e-05	0	0	-0	-0	-0	-2.586510975262214e-11	-0	0	success	ew_sym_res	success	897	2.227270702481179e-07	2.428410459649532e-07	0.000125549278091651	-6971046586305.196	nan	nan	nan	nan	nan	nan	nan	nan	nan	nan	nan	nan	nan	nan	nan	7.379
223615	125.09	11.84	23.51	352.8	0.04816	0.6578	0.0026685381489905667	0.04643818911212724	-1048.056352582376	-0.01059640467576745	-1.689182342358123	1.635581538183036e-05	48.72893768852161	0	-2.648356181379056e-05	0	0	-0	-0	-0	-2.586510975262214e-11	-0	0	success	ew_sym_res	success	898	2.227270702481179e-07	2.428410459649532e-07	0.000125549278091651	-7002183680276.745	nan	nan	nan	nan	nan	nan	nan	nan	nan	nan	nan	nan	nan	nan	nan	7.379
223615	125.09	11.84	23.51	352.8	0.04816	0.6578	0.0026685381489905667	0.04643818911212724	-1048.056352582376	-0.01059640467576745	-1.689182342358123	1.635581538183036e-05	48.72893768852161	0	-2.648356181379056e-05	0	0	-0	-0	-0	-2.586510975262214e-11	-0	0	success	ew_sym_res	success	899	2.227270702481179e-07	2.428410459649532e-07	0.000125549278091651	-7033424967507.639	nan	nan	nan	nan	nan	nan	nan	nan	nan	nan	nan	nan	nan	nan	nan	7.379
223615	125.09	11.84	23.51	352.8	0.04816	0.6578	0.0026685381489905667	0.04643818911212724	-1048.056352582376	-0.01059640467576745	-1.689182342358123	1.635581538183036e-05	48.72893768852161	0	-2.648356181379056e-05	0	0	-0	-0	-0	-2.586510975262214e-11	-0	0	success	ew_sym_res	success	900	2.227270702481179e-07	2.428410459649532e-07	0.000125549278091651	-7064770680180.896	nan	nan	nan	nan	nan	nan	nan	nan	nan	nan	nan	nan	nan	nan	nan	7.379
223615	125.09	11.84	23.51	352.8	0.04816	0.6578	0.0026685381489905667	0.04643818911212724	-1048.056352582376	-0.01059640467576745	-1.689182342358123	1.635581538183036e-05	48.72893768852161	0	-2.648356181379056e-05	0	0	-0	-0	-0	-2.586510975262214e-11	-0	0	success	ew_sym_res	success	901	2.227270702481179e-07	2.428410459649532e-07	0.000125549278091651	-7096221050737.969	nan	nan	nan	nan	nan	nan	nan	nan	nan	nan	nan	nan	nan	nan	nan	7.379
223615	125.09	11.84	23.51	352.8	0.04816	0.6578	0.0026685381489905667	0.04643818911212724	-1048.056352582376	-0.01059640467576745	-1.689182342358123	1.635581538183036e-05	48.72893768852161	0	-2.648356181379056e-05	0	0	-0	-0	-0	-2.586510975262214e-11	-0	0	success	ew_sym_res	success	902	2.227270702481179e-07	2.428410459649532e-07	0.000125549278091651	-7127776311878.691	nan	nan	nan	nan	nan	nan	nan	nan	nan	nan	nan	nan	nan	nan	nan	7.379
223615	125.09	11.84	23.51	352.8	0.04816	0.6578	0.0026685381489905667	0.04643818911212724	-1048.056352582376	-0.01059640467576745	-1.689182342358123	1.635581538183036e-05	48.72893768852161	0	-2.648356181379056e-05	0	0	-0	-0	-0	-2.586510975262214e-11	-0	0	success	ew_sym_res	success	903	2.227270702481179e-07	2.428410459649532e-07	0.000125549278091651	-7159436696561.316	nan	nan	nan	nan	nan	nan	nan	nan	nan	nan	nan	nan	nan	nan	nan	7.379
223615	125.09	11.84	23.51	352.8	0.04816	0.6578	0.0026685381489905667	0.04643818911212724	-1048.056352582376	-0.01059640467576745	-1.689182342358123	1.635581538183036e-05	48.72893768852161	0	-2.648356181379056e-05	0	0	-0	-0	-0	-2.586510975262214e-11	-0	0	success	ew_sym_res	success	904	2.227270702481179e-07	2.428410459649532e-07	0.000125549278091651	-7191202438002.529	nan	nan	nan	nan	nan	nan	nan	nan	nan	nan	nan	nan	nan	nan	nan	7.379
223615	125.09	11.84	23.51	352.8	0.04816	0.6578	0.0026685381489905667	0.04643818911212724	-1048.056352582376	-0.01059640467576745	-1.689182342358123	1.635581538183036e-05	48.72893768852161	0	-2.648356181379056e-05	0	0	-0	-0	-0	-2.586510975262214e-11	-0	0	success	ew_sym_res	success	905	2.227270702481179e-07	2.428410459649532e-07	0.000125549278091651	-7223073769677.4	nan	nan	nan	nan	nan	nan	nan	nan	nan	nan	nan	nan	nan	nan	nan	7.379
223615	125.09	11.84	23.51	352.8	0.04816	0.6578	0.0026685381489905667	0.04643818911212724	-1048.056352582376	-0.01059640467576745	-1.689182342358123	1.635581538183036e-05	48.72893768852161	0	-2.648356181379056e-05	0	0	-0	-0	-0	-2.586510975262214e-11	-0	0	success	ew_sym_res	success	906	2.227270702481179e-07	2.428410459649532e-07	0.000125549278091651	-7255050925319.426	nan	nan	nan	nan	nan	nan	nan	nan	nan	nan	nan	nan	nan	nan	nan	7.379
223615	125.09	11.84	23.51	352.8	0.04816	0.6578	0.0026685381489905667	0.04643818911212724	-1048.056352582376	-0.01059640467576745	-1.689182342358123	1.635581538183036e-05	48.72893768852161	0	-2.648356181379056e-05	0	0	-0	-0	-0	-2.586510975262214e-11	-0	0	success	ew_sym_res	success	907	2.227270702481179e-07	2.428410459649532e-07	0.000125549278091651	-7287134138920.505	nan	nan	nan	nan	nan	nan	nan	nan	nan	nan	nan	nan	nan	nan	nan	7.379
223615	125.09	11.84	23.51	352.8	0.04816	0.6578	0.0026685381489905667	0.04643818911212724	-1048.056352582376	-0.01059640467576745	-1.689182342358123	1.635581538183036e-05	48.72893768852161	0	-2.648356181379056e-05	0	0	-0	-0	-0	-2.586510975262214e-11	-0	0	success	ew_sym_res	success	908	2.227270702481179e-07	2.428410459649532e-07	0.000125549278091651	-7319323644730.977	nan	nan	nan	nan	nan	nan	nan	nan	nan	nan	nan	nan	nan	nan	nan	7.379
223615	125.09	11.84	23.51	352.8	0.04816	0.6578	0.0026685381489905667	0.04643818911212724	-1048.056352582376	-0.01059640467576745	-1.689182342358123	1.635581538183036e-05	48.72893768852161	0	-2.648356181379056e-05	0	0	-0	-0	-0	-2.586510975262214e-11	-0	0	success	ew_sym_res	success	909	2.227270702481179e-07	2.428410459649532e-07	0.000125549278091651	-7351619677259.543	nan	nan	nan	nan	nan	nan	nan	nan	nan	nan	nan	nan	nan	nan	nan	7.379
223615	125.09	11.84	23.51	352.8	0.04816	0.6578	0.0026685381489905667	0.04643818911212724	-1048.056352582376	-0.01059640467576745	-1.689182342358123	1.635581538183036e-05	48.72893768852161	0	-2.648356181379056e-05	0	0	-0	-0	-0	-2.586510975262214e-11	-0	0	success	ew_sym_res	success	909.090909090909	2.227270702481179e-07	2.428410459649532e-07	0.000125549278091651	-7354560970644.916	nan	nan	nan	nan	nan	nan	nan	nan	nan	nan	nan	nan	nan	nan	nan	7.379
223615	125.09	11.84	23.51	352.8	0.04816	0.6578	0.0026685381489905667	0.04643818911212724	-1048.056352582376	-0.01059640467576745	-1.689182342358123	1.635581538183036e-05	48.72893768852161	0	-2.648356181379056e-05	0	0	-0	-0	-0	-2.586510975262214e-11	-0	0	success	ew_sym_res	success	910	2.227270702481179e-07	2.428410459649532e-07	0.000125549278091651	-7384022471273.355	nan	nan	nan	nan	nan	nan	nan	nan	nan	nan	nan	nan	nan	nan	nan	7.379
223615	125.09	11.84	23.51	352.8	0.04816	0.6578	0.0026685381489905667	0.04643818911212724	-1048.056352582376	-0.01059640467576745	-1.689182342358123	1.635581538183036e-05	48.72893768852161	0	-2.648356181379056e-05	0	0	-0	-0	-0	-2.586510975262214e-11	-0	0	success	ew_sym_res	success	911	2.227270702481179e-07	2.428410459649532e-07	0.000125549278091651	-7416532261797.978	nan	nan	nan	nan	nan	nan	nan	nan	nan	nan	nan	nan	nan	nan	nan	7.379
223615	125.09	11.84	23.51	352.8	0.04816	0.6578	0.0026685381489905667	0.04643818911212724	-1048.056352582376	-0.01059640467576745	-1.689182342358123	1.635581538183036e-05	48.72893768852161	0	-2.648356181379056e-05	0	0	-0	-0	-0	-2.586510975262214e-11	-0	0	success	ew_sym_res	success	912	2.227270702481179e-07	2.428410459649532e-07	0.000125549278091651	-7449149284117.357	nan	nan	nan	nan	nan	nan	nan	nan	nan	nan	nan	nan	nan	nan	nan	7.379
223615	125.09	11.84	23.51	352.8	0.04816	0.6578	0.0026685381489905667	0.04643818911212724	-1048.056352582376	-0.01059640467576745	-1.689182342358123	1.635581538183036e-05	48.72893768852161	0	-2.648356181379056e-05	0	0	-0	-0	-0	-2.586510975262214e-11	-0	0	success	ew_sym_res	success	913	2.227270702481179e-07	2.428410459649532e-07	0.000125549278091651	-7481873773773.885	nan	nan	nan	nan	nan	nan	nan	nan	nan	nan	nan	nan	nan	nan	nan	7.379
223615	125.09	11.84	23.51	352.8	0.04816	0.6578	0.0026685381489905667	0.04643818911212724	-1048.056352582376	-0.01059640467576745	-1.689182342358123	1.635581538183036e-05	48.72893768852161	0	-2.648356181379056e-05	0	0	-0	-0	-0	-2.586510975262214e-11	-0	0	success	ew_sym_res	success	914	2.227270702481179e-07	2.428410459649532e-07	0.000125549278091651	-7514705966568.337	nan	nan	nan	nan	nan	nan	nan	nan	nan	nan	nan	nan	nan	nan	nan	7.379
223615	125.09	11.84	23.51	352.8	0.04816	0.6578	0.0026685381489905667	0.04643818911212724	-1048.056352582376	-0.01059640467576745	-1.689182342358123	1.635581538183036e-05	48.72893768852161	0	-2.648356181379056e-05	0	0	-0	-0	-0	-2.586510975262214e-11	-0	0	success	ew_sym_res	success	915	2.227270702481179e-07	2.428410459649532e-07	0.000125549278091651	-7547646098559.919	nan	nan	nan	nan	nan	nan	nan	nan	nan	nan	nan	nan	nan	nan	nan	7.379
223615	125.09	11.84	23.51	352.8	0.04816	0.6578	0.0026685381489905667	0.04643818911212724	-1048.056352582376	-0.01059640467576745	-1.689182342358123	1.635581538183036e-05	48.72893768852161	0	-2.648356181379056e-05	0	0	-0	-0	-0	-2.586510975262214e-11	-0	0	success	ew_sym_res	success	916	2.227270702481179e-07	2.428410459649532e-07	0.000125549278091651	-7580694406066.242	nan	nan	nan	nan	nan	nan	nan	nan	nan	nan	nan	nan	nan	nan	nan	7.379
223615	125.09	11.84	23.51	352.8	0.04816	0.6578	0.0026685381489905667	0.04643818911212724	-1048.056352582376	-0.01059640467576745	-1.689182342358123	1.635581538183036e-05	48.72893768852161	0	-2.648356181379056e-05	0	0	-0	-0	-0	-2.586510975262214e-11	-0	0	success	ew_sym_res	success	917	2.227270702481179e-07	2.428410459649532e-07	0.000125549278091651	-7613851125663.337	nan	nan	nan	nan	nan	nan	nan	nan	nan	nan	nan	nan	nan	nan	nan	7.379
223615	125.09	11.84	23.51	352.8	0.04816	0.6578	0.0026685381489905667	0.04643818911212724	-1048.056352582376	-0.01059640467576745	-1.689182342358123	1.635581538183036e-05	48.72893768852161	0	-2.648356181379056e-05	0	0	-0	-0	-0	-2.586510975262214e-11	-0	0	success	ew_sym_res	success	918	2.227270702481179e-07	2.428410459649532e-07	0.000125549278091651	-7647116494185.626	nan	nan	nan	nan	nan	nan	nan	nan	nan	nan	nan	nan	nan	nan	nan	7.379
223615	125.09	11.84	23.51	352.8	0.04816	0.6578	0.0026685381489905667	0.04643818911212724	-1048.056352582376	-0.01059640467576745	-1.689182342358123	1.635581538183036e-05	48.72893768852161	0	-2.648356181379056e-05	0	0	-0	-0	-0	-2.586510975262214e-11	-0	0	success	ew_sym_res	success	919	2.227270702481179e-07	2.428410459649532e-07	0.000125549278091651	-7680490748725.963	nan	nan	nan	nan	nan	nan	nan	nan	nan	nan	nan	nan	nan	nan	nan	7.379
223615	125.09	11.84	23.51	352.8	0.04816	0.6578	0.0026685381489905667	0.04643818911212724	-1048.056352582376	-0.01059640467576745	-1.689182342358123	1.635581538183036e-05	48.72893768852161	0	-2.648356181379056e-05	0	0	-0	-0	-0	-2.586510975262214e-11	-0	0	success	ew_sym_res	success	920	2.227270702481179e-07	2.428410459649532e-07	0.000125549278091651	-7713974126635.608	nan	nan	nan	nan	nan	nan	nan	nan	nan	nan	nan	nan	nan	nan	nan	7.379
223615	125.09	11.84	23.51	352.8	0.04816	0.6578	0.0026685381489905667	0.04643818911212724	-1048.056352582376	-0.01059640467576745	-1.689182342358123	1.635581538183036e-05	48.72893768852161	0	-2.648356181379056e-05	0	0	-0	-0	-0	-2.586510975262214e-11	-0	0	success	ew_sym_res	success	921	2.227270702481179e-07	2.428410459649532e-07	0.000125549278091651	-7747566865524.236	nan	nan	nan	nan	nan	nan	nan	nan	nan	nan	nan	nan	nan	nan	nan	7.379
223615	125.09	11.84	23.51	352.8	0.04816	0.6578	0.0026685381489905667	0.04643818911212724	-1048.056352582376	-0.01059640467576745	-1.689182342358123	1.635581538183036e-05	48.72893768852161	0	-2.648356181379056e-05	0	0	-0	-0	-0	-2.586510975262214e-11	-0	0	success	ew_sym_res	success	922	2.227270702481179e-07	2.428410459649532e-07	0.000125549278091651	-7781269203259.923	nan	nan	nan	nan	nan	nan	nan	nan	nan	nan	nan	nan	nan	nan	nan	7.379
223615	125.09	11.84	23.51	352.8	0.04816	0.6578	0.0026685381489905667	0.04643818911212724	-1048.056352582376	-0.01059640467576745	-1.689182342358123	1.635581538183036e-05	48.72893768852161	0	-2.648356181379056e-05	0	0	-0	-0	-0	-2.586510975262214e-11	-0	0	success	ew_sym_res	success	923	2.227270702481179e-07	2.428410459649532e-07	0.000125549278091651	-7815081377969.162	nan	nan	nan	nan	nan	nan	nan	nan	nan	nan	nan	nan	nan	nan	nan	7.379
223615	125.09	11.84	23.51	352.8	0.04816	0.6578	0.0026685381489905667	0.04643818911212724	-1048.056352582376	-0.01059640467576745	-1.689182342358123	1.635581538183036e-05	48.72893768852161	0	-2.648356181379056e-05	0	0	-0	-0	-0	-2.586510975262214e-11	-0	0	success	ew_sym_res	success	924	2.227270702481179e-07	2.428410459649532e-07	0.000125549278091651	-7849003628036.868	nan	nan	nan	nan	nan	nan	nan	nan	nan	nan	nan	nan	nan	nan	nan	7.379
223615	125.09	11.84	23.51	352.8	0.04816	0.6578	0.0026685381489905667	0.04643818911212724	-1048.056352582376	-0.01059640467576745	-1.689182342358123	1.635581538183036e-05	48.72893768852161	0	-2.648356181379056e-05	0	0	-0	-0	-0	-2.586510975262214e-11	-0	0	success	ew_sym_res	success	925	2.227270702481179e-07	2.428410459649532e-07	0.000125549278091651	-7883036192106.349	nan	nan	nan	nan	nan	nan	nan	nan	nan	nan	nan	nan	nan	nan	nan	7.379
223615	125.09	11.84	23.51	352.8	0.04816	0.6578	0.0026685381489905667	0.04643818911212724	-1048.056352582376	-0.01059640467576745	-1.689182342358123	1.635581538183036e-05	48.72893768852161	0	-2.648356181379056e-05	0	0	-0	-0	-0	-2.586510975262214e-11	-0	0	success	ew_sym_res	success	926	2.227270702481179e-07	2.428410459649532e-07	0.000125549278091651	-7917179309079.345	nan	nan	nan	nan	nan	nan	nan	nan	nan	nan	nan	nan	nan	nan	nan	7.379
223615	125.09	11.84	23.51	352.8	0.04816	0.6578	0.0026685381489905667	0.04643818911212724	-1048.056352582376	-0.01059640467576745	-1.689182342358123	1.635581538183036e-05	48.72893768852161	0	-2.648356181379056e-05	0	0	-0	-0	-0	-2.586510975262214e-11	-0	0	success	ew_sym_res	success	927	2.227270702481179e-07	2.428410459649532e-07	0.000125549278091651	-7951433218115.993	nan	nan	nan	nan	nan	nan	nan	nan	nan	nan	nan	nan	nan	nan	nan	7.379
223615	125.09	11.84	23.51	352.8	0.04816	0.6578	0.0026685381489905667	0.04643818911212724	-1048.056352582376	-0.01059640467576745	-1.689182342358123	1.635581538183036e-05	48.72893768852161	0	-2.648356181379056e-05	0	0	-0	-0	-0	-2.586510975262214e-11	-0	0	success	ew_sym_res	success	928	2.227270702481179e-07	2.428410459649532e-07	0.000125549278091651	-7985798158634.849	nan	nan	nan	nan	nan	nan	nan	nan	nan	nan	nan	nan	nan	nan	nan	7.379
223615	125.09	11.84	23.51	352.8	0.04816	0.6578	0.0026685381489905667	0.04643818911212724	-1048.056352582376	-0.01059640467576745	-1.689182342358123	1.635581538183036e-05	48.72893768852161	0	-2.648356181379056e-05	0	0	-0	-0	-0	-2.586510975262214e-11	-0	0	success	ew_sym_res	success	929	2.227270702481179e-07	2.428410459649532e-07	0.000125549278091651	-8020274370312.883	nan	nan	nan	nan	nan	nan	nan	nan	nan	nan	nan	nan	nan	nan	nan	7.379
223615	125.09	11.84	23.51	352.8	0.04816	0.6578	0.0026685381489905667	0.04643818911212724	-1048.056352582376	-0.01059640467576745	-1.689182342358123	1.635581538183036e-05	48.72893768852161	0	-2.648356181379056e-05	0	0	-0	-0	-0	-2.586510975262214e-11	-0	0	success	ew_sym_res	success	930	2.227270702481179e-07	2.428410459649532e-07	0.000125549278091651	-8054862093085.454	nan	nan	nan	nan	nan	nan	nan	nan	nan	nan	nan	nan	nan	nan	nan	7.379
223615	125.09	11.84	23.51	352.8	0.04816	0.6578	0.0026685381489905667	0.04643818911212724	-1048.056352582376	-0.01059640467576745	-1.689182342358123	1.635581538183036e-05	48.72893768852161	0	-2.648356181379056e-05	0	0	-0	-0	-0	-2.586510975262214e-11	-0	0	success	ew_sym_res	success	931	2.227270702481179e-07	2.428410459649532e-07	0.000125549278091651	-8089561567146.372	nan	nan	nan	nan	nan	nan	nan	nan	nan	nan	nan	nan	nan	nan	nan	7.379
223615	125.09	11.84	23.51	352.8	0.04816	0.6578	0.0026685381489905667	0.04643818911212724	-1048.056352582376	-0.01059640467576745	-1.689182342358123	1.635581538183036e-05	48.72893768852161	0	-2.648356181379056e-05	0	0	-0	-0	-0	-2.586510975262214e-11	-0	0	success	ew_sym_res	success	932	2.227270702481179e-07	2.428410459649532e-07	0.000125549278091651	-8124373032947.827	nan	nan	nan	nan	nan	nan	nan	nan	nan	nan	nan	nan	nan	nan	nan	7.379
223615	125.09	11.84	23.51	352.8	0.04816	0.6578	0.0026685381489905667	0.04643818911212724	-1048.056352582376	-0.01059640467576745	-1.689182342358123	1.635581538183036e-05	48.72893768852161	0	-2.648356181379056e-05	0	0	-0	-0	-0	-2.586510975262214e-11	-0	0	success	ew_sym_res	success	933	2.227270702481179e-07	2.428410459649532e-07	0.000125549278091651	-8159296731200.432	nan	nan	nan	nan	nan	nan	nan	nan	nan	nan	nan	nan	nan	nan	nan	7.379
223615	125.09	11.84	23.51	352.8	0.04816	0.6578	0.0026685381489905667	0.04643818911212724	-1048.056352582376	-0.01059640467576745	-1.689182342358123	1.635581538183036e-05	48.72893768852161	0	-2.648356181379056e-05	0	0	-0	-0	-0	-2.586510975262214e-11	-0	0	success	ew_sym_res	success	934	2.227270702481179e-07	2.428410459649532e-07	0.000125549278091651	-8194332902873.22	nan	nan	nan	nan	nan	nan	nan	nan	nan	nan	nan	nan	nan	nan	nan	7.379
223615	125.09	11.84	23.51	352.8	0.04816	0.6578	0.0026685381489905667	0.04643818911212724	-1048.056352582376	-0.01059640467576745	-1.689182342358123	1.635581538183036e-05	48.72893768852161	0	-2.648356181379056e-05	0	0	-0	-0	-0	-2.586510975262214e-11	-0	0	success	ew_sym_res	success	935	2.227270702481179e-07	2.428410459649532e-07	0.000125549278091651	-8229481789193.619	nan	nan	nan	nan	nan	nan	nan	nan	nan	nan	nan	nan	nan	nan	nan	7.379
223615	125.09	11.84	23.51	352.8	0.04816	0.6578	0.0026685381489905667	0.04643818911212724	-1048.056352582376	-0.01059640467576745	-1.689182342358123	1.635581538183036e-05	48.72893768852161	0	-2.648356181379056e-05	0	0	-0	-0	-0	-2.586510975262214e-11	-0	0	success	ew_sym_res	success	936	2.227270702481179e-07	2.428410459649532e-07	0.000125549278091651	-8264743631647.485	nan	nan	nan	nan	nan	nan	nan	nan	nan	nan	nan	nan	nan	nan	nan	7.379
223615	125.09	11.84	23.51	352.8	0.04816	0.6578	0.0026685381489905667	0.04643818911212724	-1048.056352582376	-0.01059640467576745	-1.689182342358123	1.635581538183036e-05	48.72893768852161	0	-2.648356181379056e-05	0	0	-0	-0	-0	-2.586510975262214e-11	-0	0	success	ew_sym_res	success	937	2.227270702481179e-07	2.428410459649532e-07	0.000125549278091651	-8300118671979.065	nan	nan	nan	nan	nan	nan	nan	nan	nan	nan	nan	nan	nan	nan	nan	7.379
223615	125.09	11.84	23.51	352.8	0.04816	0.6578	0.0026685381489905667	0.04643818911212724	-1048.056352582376	-0.01059640467576745	-1.689182342358123	1.635581538183036e-05	48.72893768852161	0	-2.648356181379056e-05	0	0	-0	-0	-0	-2.586510975262214e-11	-0	0	success	ew_sym_res	success	938	2.227270702481179e-07	2.428410459649532e-07	0.000125549278091651	-8335607152191.05	nan	nan	nan	nan	nan	nan	nan	nan	nan	nan	nan	nan	nan	nan	nan	7.379
223615	125.09	11.84	23.51	352.8	0.04816	0.6578	0.0026685381489905667	0.04643818911212724	-1048.056352582376	-0.01059640467576745	-1.689182342358123	1.635581538183036e-05	48.72893768852161	0	-2.648356181379056e-05	0	0	-0	-0	-0	-2.586510975262214e-11	-0	0	success	ew_sym_res	success	939	2.227270702481179e-07	2.428410459649532e-07	0.000125549278091651	-8371209314544.509	nan	nan	nan	nan	nan	nan	nan	nan	nan	nan	nan	nan	nan	nan	nan	7.379
223615	125.09	11.84	23.51	352.8	0.04816	0.6578	0.0026685381489905667	0.04643818911212724	-1048.056352582376	-0.01059640467576745	-1.689182342358123	1.635581538183036e-05	48.72893768852161	0	-2.648356181379056e-05	0	0	-0	-0	-0	-2.586510975262214e-11	-0	0	success	ew_sym_res	success	940	2.227270702481179e-07	2.428410459649532e-07	0.000125549278091651	-8406925401558.945	nan	nan	nan	nan	nan	nan	nan	nan	nan	nan	nan	nan	nan	nan	nan	7.379
223615	125.09	11.84	23.51	352.8	0.04816	0.6578	0.0026685381489905667	0.04643818911212724	-1048.056352582376	-0.01059640467576745	-1.689182342358123	1.635581538183036e-05	48.72893768852161	0	-2.648356181379056e-05	0	0	-0	-0	-0	-2.586510975262214e-11	-0	0	success	ew_sym_res	success	941	2.227270702481179e-07	2.428410459649532e-07	0.000125549278091651	-8442755656012.265	nan	nan	nan	nan	nan	nan	nan	nan	nan	nan	nan	nan	nan	nan	nan	7.379
223615	125.09	11.84	23.51	352.8	0.04816	0.6578	0.0026685381489905667	0.04643818911212724	-1048.056352582376	-0.01059640467576745	-1.689182342358123	1.635581538183036e-05	48.72893768852161	0	-2.648356181379056e-05	0	0	-0	-0	-0	-2.586510975262214e-11	-0	0	success	ew_sym_res	success	942	2.227270702481179e-07	2.428410459649532e-07	0.000125549278091651	-8478700320940.778	nan	nan	nan	nan	nan	nan	nan	nan	nan	nan	nan	nan	nan	nan	nan	7.379
223615	125.09	11.84	23.51	352.8	0.04816	0.6578	0.0026685381489905667	0.04643818911212724	-1048.056352582376	-0.01059640467576745	-1.689182342358123	1.635581538183036e-05	48.72893768852161	0	-2.648356181379056e-05	0	0	-0	-0	-0	-2.586510975262214e-11	-0	0	success	ew_sym_res	success	943	2.227270702481179e-07	2.428410459649532e-07	0.000125549278091651	-8514759639639.229	nan	nan	nan	nan	nan	nan	nan	nan	nan	nan	nan	nan	nan	nan	nan	7.379
223615	125.09	11.84	23.51	352.8	0.04816	0.6578	0.0026685381489905667	0.04643818911212724	-1048.056352582376	-0.01059640467576745	-1.689182342358123	1.635581538183036e-05	48.72893768852161	0	-2.648356181379056e-05	0	0	-0	-0	-0	-2.586510975262214e-11	-0	0	success	ew_sym_res	success	944	2.227270702481179e-07	2.428410459649532e-07	0.000125549278091651	-8550933855660.756	nan	nan	nan	nan	nan	nan	nan	nan	nan	nan	nan	nan	nan	nan	nan	7.379
223615	125.09	11.84	23.51	352.8	0.04816	0.6578	0.0026685381489905667	0.04643818911212724	-1048.056352582376	-0.01059640467576745	-1.689182342358123	1.635581538183036e-05	48.72893768852161	0	-2.648356181379056e-05	0	0	-0	-0	-0	-2.586510975262214e-11	-0	0	success	ew_sym_res	success	945	2.227270702481179e-07	2.428410459649532e-07	0.000125549278091651	-8587223212816.915	nan	nan	nan	nan	nan	nan	nan	nan	nan	nan	nan	nan	nan	nan	nan	7.379
223615	125.09	11.84	23.51	352.8	0.04816	0.6578	0.0026685381489905667	0.04643818911212724	-1048.056352582376	-0.01059640467576745	-1.689182342358123	1.635581538183036e-05	48.72893768852161	0	-2.648356181379056e-05	0	0	-0	-0	-0	-2.586510975262214e-11	-0	0	success	ew_sym_res	success	946	2.227270702481179e-07	2.428410459649532e-07	0.000125549278091651	-8623627955177.666	nan	nan	nan	nan	nan	nan	nan	nan	nan	nan	nan	nan	nan	nan	nan	7.379
223615	125.09	11.84	23.51	352.8	0.04816	0.6578	0.0026685381489905667	0.04643818911212724	-1048.056352582376	-0.01059640467576745	-1.689182342358123	1.635581538183036e-05	48.72893768852161	0	-2.648356181379056e-05	0	0	-0	-0	-0	-2.586510975262214e-11	-0	0	success	ew_sym_res	success	947	2.227270702481179e-07	2.428410459649532e-07	0.000125549278091651	-8660148327071.399	nan	nan	nan	nan	nan	nan	nan	nan	nan	nan	nan	nan	nan	nan	nan	7.379
223615	125.09	11.84	23.51	352.8	0.04816	0.6578	0.0026685381489905667	0.04643818911212724	-1048.056352582376	-0.01059640467576745	-1.689182342358123	1.635581538183036e-05	48.72893768852161	0	-2.648356181379056e-05	0	0	-0	-0	-0	-2.586510975262214e-11	-0	0	success	ew_sym_res	success	948	2.227270702481179e-07	2.428410459649532e-07	0.000125549278091651	-8696784573084.889	nan	nan	nan	nan	nan	nan	nan	nan	nan	nan	nan	nan	nan	nan	nan	7.379
223615	125.09	11.84	23.51	352.8	0.04816	0.6578	0.0026685381489905667	0.04643818911212724	-1048.056352582376	-0.01059640467576745	-1.689182342358123	1.635581538183036e-05	48.72893768852161	0	-2.648356181379056e-05	0	0	-0	-0	-0	-2.586510975262214e-11	-0	0	success	ew_sym_res	success	949	2.227270702481179e-07	2.428410459649532e-07	0.000125549278091651	-8733536938063.354	nan	nan	nan	nan	nan	nan	nan	nan	nan	nan	nan	nan	nan	nan	nan	7.379
223615	125.09	11.84	23.51	352.8	0.04816	0.6578	0.0026685381489905667	0.04643818911212724	-1048.056352582376	-0.01059640467576745	-1.689182342358123	1.635581538183036e-05	48.72893768852161	0	-2.648356181379056e-05	0	0	-0	-0	-0	-2.586510975262214e-11	-0	0	success	ew_sym_res	success	950	2.227270702481179e-07	2.428410459649532e-07	0.000125549278091651	-8770405667110.394	nan	nan	nan	nan	nan	nan	nan	nan	nan	nan	nan	nan	nan	nan	nan	7.379
223615	125.09	11.84	23.51	352.8	0.04816	0.6578	0.0026685381489905667	0.04643818911212724	-1048.056352582376	-0.01059640467576745	-1.689182342358123	1.635581538183036e-05	48.72893768852161	0	-2.648356181379056e-05	0	0	-0	-0	-0	-2.586510975262214e-11	-0	0	success	ew_sym_res	success	951	2.227270702481179e-07	2.428410459649532e-07	0.000125549278091651	-8807391005588.055	nan	nan	nan	nan	nan	nan	nan	nan	nan	nan	nan	nan	nan	nan	nan	7.379
223615	125.09	11.84	23.51	352.8	0.04816	0.6578	0.0026685381489905667	0.04643818911212724	-1048.056352582376	-0.01059640467576745	-1.689182342358123	1.635581538183036e-05	48.72893768852161	0	-2.648356181379056e-05	0	0	-0	-0	-0	-2.586510975262214e-11	-0	0	success	ew_sym_res	success	952	2.227270702481179e-07	2.428410459649532e-07	0.000125549278091651	-8844493199116.746	nan	nan	nan	nan	nan	nan	nan	nan	nan	nan	nan	nan	nan	nan	nan	7.379
223615	125.09	11.84	23.51	352.8	0.04816	0.6578	0.0026685381489905667	0.04643818911212724	-1048.056352582376	-0.01059640467576745	-1.689182342358123	1.635581538183036e-05	48.72893768852161	0	-2.648356181379056e-05	0	0	-0	-0	-0	-2.586510975262214e-11	-0	0	success	ew_sym_res	success	953	2.227270702481179e-07	2.428410459649532e-07	0.000125549278091651	-8881712493575.342	nan	nan	nan	nan	nan	nan	nan	nan	nan	nan	nan	nan	nan	nan	nan	7.379
223615	125.09	11.84	23.51	352.8	0.04816	0.6578	0.0026685381489905667	0.04643818911212724	-1048.056352582376	-0.01059640467576745	-1.689182342358123	1.635581538183036e-05	48.72893768852161	0	-2.648356181379056e-05	0	0	-0	-0	-0	-2.586510975262214e-11	-0	0	success	ew_sym_res	success	954	2.227270702481179e-07	2.428410459649532e-07	0.000125549278091651	-8919049135101.094	nan	nan	nan	nan	nan	nan	nan	nan	nan	nan	nan	nan	nan	nan	nan	7.379
223615	125.09	11.84	23.51	352.8	0.04816	0.6578	0.0026685381489905667	0.04643818911212724	-1048.056352582376	-0.01059640467576745	-1.689182342358123	1.635581538183036e-05	48.72893768852161	0	-2.648356181379056e-05	0	0	-0	-0	-0	-2.586510975262214e-11	-0	0	success	ew_sym_res	success	955	2.227270702481179e-07	2.428410459649532e-07	0.000125549278091651	-8956503370089.67	nan	nan	nan	nan	nan	nan	nan	nan	nan	nan	nan	nan	nan	nan	nan	7.379
223615	125.09	11.84	23.51	352.8	0.04816	0.6578	0.0026685381489905667	0.04643818911212724	-1048.056352582376	-0.01059640467576745	-1.689182342358123	1.635581538183036e-05	48.72893768852161	0	-2.648356181379056e-05	0	0	-0	-0	-0	-2.586510975262214e-11	-0	0	success	ew_sym_res	success	956	2.227270702481179e-07	2.428410459649532e-07	0.000125549278091651	-8994075445195.164	nan	nan	nan	nan	nan	nan	nan	nan	nan	nan	nan	nan	nan	nan	nan	7.379
223615	125.09	11.84	23.51	352.8	0.04816	0.6578	0.0026685381489905667	0.04643818911212724	-1048.056352582376	-0.01059640467576745	-1.689182342358123	1.635581538183036e-05	48.72893768852161	0	-2.648356181379056e-05	0	0	-0	-0	-0	-2.586510975262214e-11	-0	0	success	ew_sym_res	success	957	2.227270702481179e-07	2.428410459649532e-07	0.000125549278091651	-9031765607330.064	nan	nan	nan	nan	nan	nan	nan	nan	nan	nan	nan	nan	nan	nan	nan	7.379
223615	125.09	11.84	23.51	352.8	0.04816	0.6578	0.0026685381489905667	0.04643818911212724	-1048.056352582376	-0.01059640467576745	-1.689182342358123	1.635581538183036e-05	48.72893768852161	0	-2.648356181379056e-05	0	0	-0	-0	-0	-2.586510975262214e-11	-0	0	success	ew_sym_res	success	958	2.227270702481179e-07	2.428410459649532e-07	0.000125549278091651	-9069574103665.289	nan	nan	nan	nan	nan	nan	nan	nan	nan	nan	nan	nan	nan	nan	nan	7.379
223615	125.09	11.84	23.51	352.8	0.04816	0.6578	0.0026685381489905667	0.04643818911212724	-1048.056352582376	-0.01059640467576745	-1.689182342358123	1.635581538183036e-05	48.72893768852161	0	-2.648356181379056e-05	0	0	-0	-0	-0	-2.586510975262214e-11	-0	0	success	ew_sym_res	success	959	2.227270702481179e-07	2.428410459649532e-07	0.000125549278091651	-9107501181630.15	nan	nan	nan	nan	nan	nan	nan	nan	nan	nan	nan	nan	nan	nan	nan	7.379
223615	125.09	11.84	23.51	352.8	0.04816	0.6578	0.0026685381489905667	0.04643818911212724	-1048.056352582376	-0.01059640467576745	-1.689182342358123	1.635581538183036e-05	48.72893768852161	0	-2.648356181379056e-05	0	0	-0	-0	-0	-2.586510975262214e-11	-0	0	success	ew_sym_res	success	960	2.227270702481179e-07	2.428410459649532e-07	0.000125549278091651	-9145547088912.385	nan	nan	nan	nan	nan	nan	nan	nan	nan	nan	nan	nan	nan	nan	nan	7.379
223615	125.09	11.84	23.51	352.8	0.04816	0.6578	0.0026685381489905667	0.04643818911212724	-1048.056352582376	-0.01059640467576745	-1.689182342358123	1.635581538183036e-05	48.72893768852161	0	-2.648356181379056e-05	0	0	-0	-0	-0	-2.586510975262214e-11	-0	0	success	ew_sym_res	success	961	2.227270702481179e-07	2.428410459649532e-07	0.000125549278091651	-9183712073458.135	nan	nan	nan	nan	nan	nan	nan	nan	nan	nan	nan	nan	nan	nan	nan	7.379
223615	125.09	11.84	23.51	352.8	0.04816	0.6578	0.0026685381489905667	0.04643818911212724	-1048.056352582376	-0.01059640467576745	-1.689182342358123	1.635581538183036e-05	48.72893768852161	0	-2.648356181379056e-05	0	0	-0	-0	-0	-2.586510975262214e-11	-0	0	success	ew_sym_res	success	962	2.227270702481179e-07	2.428410459649532e-07	0.000125549278091651	-9221996383471.957	nan	nan	nan	nan	nan	nan	nan	nan	nan	nan	nan	nan	nan	nan	nan	7.379
223615	125.09	11.84	23.51	352.8	0.04816	0.6578	0.0026685381489905667	0.04643818911212724	-1048.056352582376	-0.01059640467576745	-1.689182342358123	1.635581538183036e-05	48.72893768852161	0	-2.648356181379056e-05	0	0	-0	-0	-0	-2.586510975262214e-11	-0	0	success	ew_sym_res	success	963	2.227270702481179e-07	2.428410459649532e-07	0.000125549278091651	-9260400267416.816	nan	nan	nan	nan	nan	nan	nan	nan	nan	nan	nan	nan	nan	nan	nan	7.379
223615	125.09	11.84	23.51	352.8	0.04816	0.6578	0.0026685381489905667	0.04643818911212724	-1048.056352582376	-0.01059640467576745	-1.689182342358123	1.635581538183036e-05	48.72893768852161	0	-2.648356181379056e-05	0	0	-0	-0	-0	-2.586510975262214e-11	-0	0	success	ew_sym_res	success	964	2.227270702481179e-07	2.428410459649532e-07	0.000125549278091651	-9298923974014.096	nan	nan	nan	nan	nan	nan	nan	nan	nan	nan	nan	nan	nan	nan	nan	7.379
223615	125.09	11.84	23.51	352.8	0.04816	0.6578	0.0026685381489905667	0.04643818911212724	-1048.056352582376	-0.01059640467576745	-1.689182342358123	1.635581538183036e-05	48.72893768852161	0	-2.648356181379056e-05	0	0	-0	-0	-0	-2.586510975262214e-11	-0	0	success	ew_sym_res	success	965	2.227270702481179e-07	2.428410459649532e-07	0.000125549278091651	-9337567752243.59	nan	nan	nan	nan	nan	nan	nan	nan	nan	nan	nan	nan	nan	nan	nan	7.379
223615	125.09	11.84	23.51	352.8	0.04816	0.6578	0.0026685381489905667	0.04643818911212724	-1048.056352582376	-0.01059640467576745	-1.689182342358123	1.635581538183036e-05	48.72893768852161	0	-2.648356181379056e-05	0	0	-0	-0	-0	-2.586510975262214e-11	-0	0	success	ew_sym_res	success	966	2.227270702481179e-07	2.428410459649532e-07	0.000125549278091651	-9376331851343.494	nan	nan	nan	nan	nan	nan	nan	nan	nan	nan	nan	nan	nan	nan	nan	7.379
223615	125.09	11.84	23.51	352.8	0.04816	0.6578	0.0026685381489905667	0.04643818911212724	-1048.056352582376	-0.01059640467576745	-1.689182342358123	1.635581538183036e-05	48.72893768852161	0	-2.648356181379056e-05	0	0	-0	-0	-0	-2.586510975262214e-11	-0	0	success	ew_sym_res	success	967	2.227270702481179e-07	2.428410459649532e-07	0.000125549278091651	-9415216520810.426	nan	nan	nan	nan	nan	nan	nan	nan	nan	nan	nan	nan	nan	nan	nan	7.379
223615	125.09	11.84	23.51	352.8	0.04816	0.6578	0.0026685381489905667	0.04643818911212724	-1048.056352582376	-0.01059640467576745	-1.689182342358123	1.635581538183036e-05	48.72893768852161	0	-2.648356181379056e-05	0	0	-0	-0	-0	-2.586510975262214e-11	-0	0	success	ew_sym_res	success	968	2.227270702481179e-07	2.428410459649532e-07	0.000125549278091651	-9454222010399.41	nan	nan	nan	nan	nan	nan	nan	nan	nan	nan	nan	nan	nan	nan	nan	7.379
223615	125.09	11.84	23.51	352.8	0.04816	0.6578	0.0026685381489905667	0.04643818911212724	-1048.056352582376	-0.01059640467576745	-1.689182342358123	1.635581538183036e-05	48.72893768852161	0	-2.648356181379056e-05	0	0	-0	-0	-0	-2.586510975262214e-11	-0	0	success	ew_sym_res	success	969	2.227270702481179e-07	2.428410459649532e-07	0.000125549278091651	-9493348570123.891	nan	nan	nan	nan	nan	nan	nan	nan	nan	nan	nan	nan	nan	nan	nan	7.379
223615	125.09	11.84	23.51	352.8	0.04816	0.6578	0.0026685381489905667	0.04643818911212724	-1048.056352582376	-0.01059640467576745	-1.689182342358123	1.635581538183036e-05	48.72893768852161	0	-2.648356181379056e-05	0	0	-0	-0	-0	-2.586510975262214e-11	-0	0	success	ew_sym_res	success	970	2.227270702481179e-07	2.428410459649532e-07	0.000125549278091651	-9532596450255.721	nan	nan	nan	nan	nan	nan	nan	nan	nan	nan	nan	nan	nan	nan	nan	7.379
223615	125.09	11.84	23.51	352.8	0.04816	0.6578	0.0026685381489905667	0.04643818911212724	-1048.056352582376	-0.01059640467576745	-1.689182342358123	1.635581538183036e-05	48.72893768852161	0	-2.648356181379056e-05	0	0	-0	-0	-0	-2.586510975262214e-11	-0	0	success	ew_sym_res	success	971	2.227270702481179e-07	2.428410459649532e-07	0.000125549278091651	-9571965901325.148	nan	nan	nan	nan	nan	nan	nan	nan	nan	nan	nan	nan	nan	nan	nan	7.379
223615	125.09	11.84	23.51	352.8	0.04816	0.6578	0.0026685381489905667	0.04643818911212724	-1048.056352582376	-0.01059640467576745	-1.689182342358123	1.635581538183036e-05	48.72893768852161	0	-2.648356181379056e-05	0	0	-0	-0	-0	-2.586510975262214e-11	-0	0	success	ew_sym_res	success	972	2.227270702481179e-07	2.428410459649532e-07	0.000125549278091651	-9611457174120.869	nan	nan	nan	nan	nan	nan	nan	nan	nan	nan	nan	nan	nan	nan	nan	7.379
223615	125.09	11.84	23.51	352.8	0.04816	0.6578	0.0026685381489905667	0.04643818911212724	-1048.056352582376	-0.01059640467576745	-1.689182342358123	1.635581538183036e-05	48.72893768852161	0	-2.648356181379056e-05	0	0	-0	-0	-0	-2.586510975262214e-11	-0	0	success	ew_sym_res	success	973	2.227270702481179e-07	2.428410459649532e-07	0.000125549278091651	-9651070519689.951	nan	nan	nan	nan	nan	nan	nan	nan	nan	nan	nan	nan	nan	nan	nan	7.379
223615	125.09	11.84	23.51	352.8	0.04816	0.6578	0.0026685381489905667	0.04643818911212724	-1048.056352582376	-0.01059640467576745	-1.689182342358123	1.635581538183036e-05	48.72893768852161	0	-2.648356181379056e-05	0	0	-0	-0	-0	-2.586510975262214e-11	-0	0	success	ew_sym_res	success	974	2.227270702481179e-07	2.428410459649532e-07	0.000125549278091651	-9690806189337.891	nan	nan	nan	nan	nan	nan	nan	nan	nan	nan	nan	nan	nan	nan	nan	7.379
223615	125.09	11.84	23.51	352.8	0.04816	0.6578	0.0026685381489905667	0.04643818911212724	-1048.056352582376	-0.01059640467576745	-1.689182342358123	1.635581538183036e-05	48.72893768852161	0	-2.648356181379056e-05	0	0	-0	-0	-0	-2.586510975262214e-11	-0	0	success	ew_sym_res	success	975	2.227270702481179e-07	2.428410459649532e-07	0.000125549278091651	-9730664434628.613	nan	nan	nan	nan	nan	nan	nan	nan	nan	nan	nan	nan	nan	nan	nan	7.379
223615	125.09	11.84	23.51	352.8	0.04816	0.6578	0.0026685381489905667	0.04643818911212724	-1048.056352582376	-0.01059640467576745	-1.689182342358123	1.635581538183036e-05	48.72893768852161	0	-2.648356181379056e-05	0	0	-0	-0	-0	-2.586510975262214e-11	-0	0	success	ew_sym_res	success	976	2.227270702481179e-07	2.428410459649532e-07	0.000125549278091651	-9770645507384.426	nan	nan	nan	nan	nan	nan	nan	nan	nan	nan	nan	nan	nan	nan	nan	7.379
223615	125.09	11.84	23.51	352.8	0.04816	0.6578	0.0026685381489905667	0.04643818911212724	-1048.056352582376	-0.01059640467576745	-1.689182342358123	1.635581538183036e-05	48.72893768852161	0	-2.648356181379056e-05	0	0	-0	-0	-0	-2.586510975262214e-11	-0	0	success	ew_sym_res	success	977	2.227270702481179e-07	2.428410459649532e-07	0.000125549278091651	-9810749659686.07	nan	nan	nan	nan	nan	nan	nan	nan	nan	nan	nan	nan	nan	nan	nan	7.379
223615	125.09	11.84	23.51	352.8	0.04816	0.6578	0.0026685381489905667	0.04643818911212724	-1048.056352582376	-0.01059640467576745	-1.689182342358123	1.635581538183036e-05	48.72893768852161	0	-2.648356181379056e-05	0	0	-0	-0	-0	-2.586510975262214e-11	-0	0	success	ew_sym_res	success	978	2.227270702481179e-07	2.428410459649532e-07	0.000125549278091651	-9850977143872.688	nan	nan	nan	nan	nan	nan	nan	nan	nan	nan	nan	nan	nan	nan	nan	7.379
223615	125.09	11.84	23.51	352.8	0.04816	0.6578	0.0026685381489905667	0.04643818911212724	-1048.056352582376	-0.01059640467576745	-1.689182342358123	1.635581538183036e-05	48.72893768852161	0	-2.648356181379056e-05	0	0	-0	-0	-0	-2.586510975262214e-11	-0	0	success	ew_sym_res	success	979	2.227270702481179e-07	2.428410459649532e-07	0.000125549278091651	-9891328212541.836	nan	nan	nan	nan	nan	nan	nan	nan	nan	nan	nan	nan	nan	nan	nan	7.379
223615	125.09	11.84	23.51	352.8	0.04816	0.6578	0.0026685381489905667	0.04643818911212724	-1048.056352582376	-0.01059640467576745	-1.689182342358123	1.635581538183036e-05	48.72893768852161	0	-2.648356181379056e-05	0	0	-0	-0	-0	-2.586510975262214e-11	-0	0	success	ew_sym_res	success	980	2.227270702481179e-07	2.428410459649532e-07	0.000125549278091651	-9931803118549.482	nan	nan	nan	nan	nan	nan	nan	nan	nan	nan	nan	nan	nan	nan	nan	7.379
223615	125.09	11.84	23.51	352.8	0.04816	0.6578	0.0026685381489905667	0.04643818911212724	-1048.056352582376	-0.01059640467576745	-1.689182342358123	1.635581538183036e-05	48.72893768852161	0	-2.648356181379056e-05	0	0	-0	-0	-0	-2.586510975262214e-11	-0	0	success	ew_sym_res	success	981	2.227270702481179e-07	2.428410459649532e-07	0.000125549278091651	-9972402115010.01	nan	nan	nan	nan	nan	nan	nan	nan	nan	nan	nan	nan	nan	nan	nan	7.379
223615	125.09	11.84	23.51	352.8	0.04816	0.6578	0.0026685381489905667	0.04643818911212724	-1048.056352582376	-0.01059640467576745	-1.689182342358123	1.635581538183036e-05	48.72893768852161	0	-2.648356181379056e-05	0	0	-0	-0	-0	-2.586510975262214e-11	-0	0	success	ew_sym_res	success	982	2.227270702481179e-07	2.428410459649532e-07	0.000125549278091651	-10013125455296.21	nan	nan	nan	nan	nan	nan	nan	nan	nan	nan	nan	nan	nan	nan	nan	7.379
223615	125.09	11.84	23.51	352.8	0.04816	0.6578	0.0026685381489905667	0.04643818911212724	-1048.056352582376	-0.01059640467576745	-1.689182342358123	1.635581538183036e-05	48.72893768852161	0	-2.648356181379056e-05	0	0	-0	-0	-0	-2.586510975262214e-11	-0	0	success	ew_sym_res	success	983	2.227270702481179e-07	2.428410459649532e-07	0.000125549278091651	-10053973393039.29	nan	nan	nan	nan	nan	nan	nan	nan	nan	nan	nan	nan	nan	nan	nan	7.379
223615	125.09	11.84	23.51	352.8	0.04816	0.6578	0.0026685381489905667	0.04643818911212724	-1048.056352582376	-0.01059640467576745	-1.689182342358123	1.635581538183036e-05	48.72893768852161	0	-2.648356181379056e-05	0	0	-0	-0	-0	-2.586510975262214e-11	-0	0	success	ew_sym_res	success	984	2.227270702481179e-07	2.428410459649532e-07	0.000125549278091651	-10094946182128.86	nan	nan	nan	nan	nan	nan	nan	nan	nan	nan	nan	nan	nan	nan	nan	7.379
223615	125.09	11.84	23.51	352.8	0.04816	0.6578	0.0026685381489905667	0.04643818911212724	-1048.056352582376	-0.01059640467576745	-1.689182342358123	1.635581538183036e-05	48.72893768852161	0	-2.648356181379056e-05	0	0	-0	-0	-0	-2.586510975262214e-11	-0	0	success	ew_sym_res	success	985	2.227270702481179e-07	2.428410459649532e-07	0.000125549278091651	-10136044076712.94	nan	nan	nan	nan	nan	nan	nan	nan	nan	nan	nan	nan	nan	nan	nan	7.379
223615	125.09	11.84	23.51	352.8	0.04816	0.6578	0.0026685381489905667	0.04643818911212724	-1048.056352582376	-0.01059640467576745	-1.689182342358123	1.635581538183036e-05	48.72893768852161	0	-2.648356181379056e-05	0	0	-0	-0	-0	-2.586510975262214e-11	-0	0	success	ew_sym_res	success	986	2.227270702481179e-07	2.428410459649532e-07	0.000125549278091651	-10177267331198	nan	nan	nan	nan	nan	nan	nan	nan	nan	nan	nan	nan	nan	nan	nan	7.379
223615	125.09	11.84	23.51	352.8	0.04816	0.6578	0.0026685381489905667	0.04643818911212724	-1048.056352582376	-0.01059640467576745	-1.689182342358123	1.635581538183036e-05	48.72893768852161	0	-2.648356181379056e-05	0	0	-0	-0	-0	-2.586510975262214e-11	-0	0	success	ew_sym_res	success	987	2.227270702481179e-07	2.428410459649532e-07	0.000125549278091651	-10218616200248.85	nan	nan	nan	nan	nan	nan	nan	nan	nan	nan	nan	nan	nan	nan	nan	7.379
223615	125.09	11.84	23.51	352.8	0.04816	0.6578	0.0026685381489905667	0.04643818911212724	-1048.056352582376	-0.01059640467576745	-1.689182342358123	1.635581538183036e-05	48.72893768852161	0	-2.648356181379056e-05	0	0	-0	-0	-0	-2.586510975262214e-11	-0	0	success	ew_sym_res	success	988	2.227270702481179e-07	2.428410459649532e-07	0.000125549278091651	-10260090938788.8	nan	nan	nan	nan	nan	nan	nan	nan	nan	nan	nan	nan	nan	nan	nan	7.379
223615	125.09	11.84	23.51	352.8	0.04816	0.6578	0.0026685381489905667	0.04643818911212724	-1048.056352582376	-0.01059640467576745	-1.689182342358123	1.635581538183036e-05	48.72893768852161	0	-2.648356181379056e-05	0	0	-0	-0	-0	-2.586510975262214e-11	-0	0	success	ew_sym_res	success	989	2.227270702481179e-07	2.428410459649532e-07	0.000125549278091651	-10301691801999.48	nan	nan	nan	nan	nan	nan	nan	nan	nan	nan	nan	nan	nan	nan	nan	7.379
223615	125.09	11.84	23.51	352.8	0.04816	0.6578	0.0026685381489905667	0.04643818911212724	-1048.056352582376	-0.01059640467576745	-1.689182342358123	1.635581538183036e-05	48.72893768852161	0	-2.648356181379056e-05	0	0	-0	-0	-0	-2.586510975262214e-11	-0	0	success	ew_sym_res	success	990	2.227270702481179e-07	2.428410459649532e-07	0.000125549278091651	-10343419045321	nan	nan	nan	nan	nan	nan	nan	nan	nan	nan	nan	nan	nan	nan	nan	7.379
223615	125.09	11.84	23.51	352.8	0.04816	0.6578	0.0026685381489905667	0.04643818911212724	-1048.056352582376	-0.01059640467576745	-1.689182342358123	1.635581538183036e-05	48.72893768852161	0	-2.648356181379056e-05	0	0	-0	-0	-0	-2.586510975262214e-11	-0	0	success	ew_sym_res	success	991	2.227270702481179e-07	2.428410459649532e-07	0.000125549278091651	-10385272924451.86	nan	nan	nan	nan	nan	nan	nan	nan	nan	nan	nan	nan	nan	nan	nan	7.379
223615	125.09	11.84	23.51	352.8	0.04816	0.6578	0.0026685381489905667	0.04643818911212724	-1048.056352582376	-0.01059640467576745	-1.689182342358123	1.635581538183036e-05	48.72893768852161	0	-2.648356181379056e-05	0	0	-0	-0	-0	-2.586510975262214e-11	-0	0	success	ew_sym_res	success	992	2.227270702481179e-07	2.428410459649532e-07	0.000125549278091651	-10427253695348.97	nan	nan	nan	nan	nan	nan	nan	nan	nan	nan	nan	nan	nan	nan	nan	7.379
223615	125.09	11.84	23.51	352.8	0.04816	0.6578	0.0026685381489905667	0.04643818911212724	-1048.056352582376	-0.01059640467576745	-1.689182342358123	1.635581538183036e-05	48.72893768852161	0	-2.648356181379056e-05	0	0	-0	-0	-0	-2.586510975262214e-11	-0	0	success	ew_sym_res	success	993	2.227270702481179e-07	2.428410459649532e-07	0.000125549278091651	-10469361614227.64	nan	nan	nan	nan	nan	nan	nan	nan	nan	nan	nan	nan	nan	nan	nan	7.379
223615	125.09	11.84	23.51	352.8	0.04816	0.6578	0.0026685381489905667	0.04643818911212724	-1048.056352582376	-0.01059640467576745	-1.689182342358123	1.635581538183036e-05	48.72893768852161	0	-2.648356181379056e-05	0	0	-0	-0	-0	-2.586510975262214e-11	-0	0	success	ew_sym_res	success	994	2.227270702481179e-07	2.428410459649532e-07	0.000125549278091651	-10511596937561.61	nan	nan	nan	nan	nan	nan	nan	nan	nan	nan	nan	nan	nan	nan	nan	7.379
223615	125.09	11.84	23.51	352.8	0.04816	0.6578	0.0026685381489905667	0.04643818911212724	-1048.056352582376	-0.01059640467576745	-1.689182342358123	1.635581538183036e-05	48.72893768852161	0	-2.648356181379056e-05	0	0	-0	-0	-0	-2.586510975262214e-11	-0	0	success	ew_sym_res	success	995	2.227270702481179e-07	2.428410459649532e-07	0.000125549278091651	-10553959922083.04	nan	nan	nan	nan	nan	nan	nan	nan	nan	nan	nan	nan	nan	nan	nan	7.379
223615	125.09	11.84	23.51	352.8	0.04816	0.6578	0.0026685381489905667	0.04643818911212724	-1048.056352582376	-0.01059640467576745	-1.689182342358123	1.635581538183036e-05	48.72893768852161	0	-2.648356181379056e-05	0	0	-0	-0	-0	-2.586510975262214e-11	-0	0	success	ew_sym_res	success	996	2.227270702481179e-07	2.428410459649532e-07	0.000125549278091651	-10596450824782.48	nan	nan	nan	nan	nan	nan	nan	nan	nan	nan	nan	nan	nan	nan	nan	7.379
223615	125.09	11.84	23.51	352.8	0.04816	0.6578	0.0026685381489905667	0.04643818911212724	-1048.056352582376	-0.01059640467576745	-1.689182342358123	1.635581538183036e-05	48.72893768852161	0	-2.648356181379056e-05	0	0	-0	-0	-0	-2.586510975262214e-11	-0	0	success	ew_sym_res	success	997	2.227270702481179e-07	2.428410459649532e-07	0.000125549278091651	-10639069902908.89	nan	nan	nan	nan	nan	nan	nan	nan	nan	nan	nan	nan	nan	nan	nan	7.379
223615	125.09	11.84	23.51	352.8	0.04816	0.6578	0.0026685381489905667	0.04643818911212724	-1048.056352582376	-0.01059640467576745	-1.689182342358123	1.635581538183036e-05	48.72893768852161	0	-2.648356181379056e-05	0	0	-0	-0	-0	-2.586510975262214e-11	-0	0	success	ew_sym_res	success	998	2.227270702481179e-07	2.428410459649532e-07	0.000125549278091651	-10681817413969.66	nan	nan	nan	nan	nan	nan	nan	nan	nan	nan	nan	nan	nan	nan	nan	7.379
223615	125.09	11.84	23.51	352.8	0.04816	0.6578	0.0026685381489905667	0.04643818911212724	-1048.056352582376	-0.01059640467576745	-1.689182342358123	1.635581538183036e-05	48.72893768852161	0	-2.648356181379056e-05	0	0	-0	-0	-0	-2.586510975262214e-11	-0	0	success	ew_sym_res	success	999	2.227270702481179e-07	2.428410459649532e-07	0.000125549278091651	-10724693615730.57	nan	nan	nan	nan	nan	nan	nan	nan	nan	nan	nan	nan	nan	nan	nan	7.379
223615	125.09	11.84	23.51	352.8	0.04816	0.6578	0.0026685381489905667	0.04643818911212724	-1048.056352582376	-0.01059640467576745	-1.689182342358123	1.635581538183036e-05	48.72893768852161	0	-2.648356181379056e-05	0	0	-0	-0	-0	-2.586510975262214e-11	-0	0	success	ew_sym_res	success	1000	2.227270702481179e-07	2.428410459649532e-07	0.000125549278091651	-10767698766215.85	nan	nan	nan	nan	nan	nan	nan	nan	nan	nan	nan	nan	nan	nan	nan	7.379
